/* Auto-generated by tools/font_to_c.py — do not edit. */
#include "inter_font.h"
#include "inter_lt_48.h"

static const uint8_t inter_lt_48_bitmaps[] = {
    0xff, 0xf0, 0xff, 0xf0, 0xff, 0xf0, 0xff, 0xf0, 0xff, 0xf0, 0xff, 0xf0, 0xff, 0xf0, 0xff, 0xf0,
    0xff, 0xf0, 0xff, 0xf0, 0xff, 0xf0, 0xff, 0xf0, 0x00, 0xff, 0xf0, 0xff, 0xf0, 0x00, 0xff, 0xf0,
    0xff, 0xf0, 0x00, 0xff, 0xf0, 0xff, 0xf0, 0x00, 0xff, 0xf0, 0xff, 0xf0, 0x00, 0xff, 0xf0, 0xff,
    0xf0, 0x00, 0xff, 0xf0, 0xff, 0xf0, 0x00, 0xff, 0xf0, 0xff, 0xf0, 0x00, 0xff, 0xf0, 0xff, 0xf0,
    0x00, 0xff, 0xf0, 0xff, 0xf0, 0x00, 0xff, 0xf0, 0xff, 0xf0, 0x00, 0xff, 0xf0, 0x00, 0x00, 0x00,
    0x00, 0x38, 0xcd, 0xed, 0xc8, 0x30, 0x00, 0x00, 0x00, 0x00, 0x00, 0x00, 0x00, 0x3c, 0xff, 0xff,
    0xff, 0xff, 0xfc, 0x30, 0x00, 0x00, 0x00, 0x00, 0x00, 0x06, 0xef, 0xff, 0xec, 0xbc, 0xef, 0xff,
    0xe6, 0x00, 0x00, 0x00, 0x00, 0x00, 0x7f, 0xff, 0xc5, 0x00, 0x00, 0x05, 0xcf, 0xff, 0x70, 0x00,
    0x00, 0x00, 0x05, 0xff, 0xf8, 0x00, 0x00, 0x00, 0x00, 0x08, 0xff, 0xf5, 0x00, 0x00, 0x00, 0x1e,
    0xff, 0x80, 0x00, 0x00, 0x00, 0x00, 0x00, 0x8f, 0xfe, 0x10, 0x00, 0x00, 0x9f, 0xfb, 0x00, 0x00,
    0x00, 0x00, 0x00, 0x00, 0x0c, 0xff, 0x90, 0x00, 0x01, 0xef, 0xe2, 0x00, 0x00, 0x00, 0x00, 0x00,
    0x00, 0x03, 0xff, 0xe1, 0x00, 0x07, 0xff, 0xa0, 0x00, 0x00, 0x00, 0x00, 0x00, 0x00, 0x00, 0xaf,
    0xf7, 0x00, 0x0c, 0xff, 0x40, 0x00, 0x00, 0x00, 0x00, 0x00, 0x00, 0x00, 0x4f, 0xfc, 0x00, 0x2f,
    0xfe, 0x00, 0x00, 0x00, 0x00, 0x00, 0x00, 0x00, 0x00, 0x0e, 0xff, 0x20, 0x5f, 0xfa, 0x00, 0x00,
    0x00, 0x00, 0x00, 0x00, 0x00, 0x00, 0x0a, 0xff, 0x50, 0x8f, 0xf7, 0x00, 0x00, 0x00, 0x00, 0x00,
    0x00, 0x00, 0x00, 0x07, 0xff, 0x80, 0xbf, 0xf4, 0x00, 0x00, 0x00, 0x00, 0x00, 0x00, 0x00, 0x00,
    0x04, 0xff, 0xa0, 0xcf, 0xf3, 0x00, 0x00, 0x00, 0x00, 0x00, 0x00, 0x00, 0x00, 0x03, 0xff, 0xc0,
    0xdf, 0xf1, 0x00, 0x00, 0x00, 0x00, 0x00, 0x00, 0x00, 0x00, 0x01, 0xff, 0xd0, 0xef, 0xf1, 0x00,
    0x00, 0x00, 0x00, 0x00, 0x00, 0x00, 0x00, 0x01, 0xff, 0xe0, 0xef, 0xf0, 0x00, 0x00, 0x00, 0x00,
    0x00, 0x00, 0x00, 0x00, 0x00, 0xff, 0xe0, 0xef, 0xf1, 0x00, 0x00, 0x00, 0x00, 0x00, 0x00, 0x00,
    0x00, 0x01, 0xff, 0xe0, 0xef, 0xf1, 0x00, 0x00, 0x00, 0x00, 0x00, 0x00, 0x00, 0x00, 0x01, 0xff,
    0xd0, 0xcf, 0xf3, 0x00, 0x00, 0x00, 0x00, 0x00, 0x00, 0x00, 0x00, 0x03, 0xff, 0xc0, 0xbf, 0xf4,
    0x00, 0x00, 0x00, 0x00, 0x00, 0x00, 0x00, 0x00, 0x04, 0xff, 0xa0, 0x8f, 0xf7, 0x00, 0x00, 0x00,
    0x00, 0x00, 0x00, 0x00, 0x00, 0x07, 0xff, 0x80, 0x5f, 0xfa, 0x00, 0x00, 0x00, 0x00, 0x00, 0x00,
    0x00, 0x00, 0x0a, 0xff, 0x50, 0x2f, 0xfe, 0x00, 0x00, 0x00, 0x00, 0x00, 0x00, 0x00, 0x00, 0x0e,
    0xff, 0x20, 0x0c, 0xff, 0x40, 0x00, 0x00, 0x00, 0x00, 0x00, 0x00, 0x00, 0x4f, 0xfc, 0x00, 0x07,
    0xff, 0xa0, 0x00, 0x00, 0x00, 0x00, 0x00, 0x00, 0x00, 0xaf, 0xf7, 0x00, 0x01, 0xef, 0xe2, 0x00,
    0x00, 0x00, 0x00, 0x00, 0x00, 0x03, 0xff, 0xe1, 0x00, 0x00, 0x9f, 0xfb, 0x00, 0x00, 0x00, 0x00,
    0x00, 0x00, 0x0c, 0xff, 0x90, 0x00, 0x00, 0x1e, 0xff, 0x80, 0x00, 0x00, 0x00, 0x00, 0x00, 0x8f,
    0xfe, 0x10, 0x00, 0x00, 0x05, 0xff, 0xf8, 0x00, 0x00, 0x00, 0x00, 0x08, 0xff, 0xf5, 0x00, 0x00,
    0x00, 0x00, 0x7f, 0xff, 0xc5, 0x00, 0x00, 0x05, 0xcf, 0xff, 0x70, 0x00, 0x00, 0x00, 0x00, 0x06,
    0xef, 0xff, 0xec, 0xbc, 0xef, 0xff, 0xe6, 0x00, 0x00, 0x00, 0x00, 0x00, 0x00, 0x3c, 0xff, 0xff,
    0xff, 0xff, 0xfc, 0x30, 0x00, 0x00, 0x00, 0x00, 0x00, 0x00, 0x00, 0x38, 0xcd, 0xee, 0xc8, 0x30,
    0x00, 0x00, 0x00, 0x00, 0x00, 0x00, 0x00, 0x02, 0xbf, 0xff, 0x00, 0x00, 0x00, 0x00, 0x6e, 0xff,
    0xff, 0x00, 0x00, 0x00, 0x2b, 0xff, 0xff, 0xff, 0x00, 0x00, 0x06, 0xef, 0xfe, 0x8f, 0xff, 0x00,
    0x02, 0xbf, 0xff, 0xc3, 0x0f, 0xff, 0x00, 0x4e, 0xff, 0xe8, 0x00, 0x0f, 0xff, 0x00, 0x7f, 0xfc,
    0x30, 0x00, 0x0f, 0xff, 0x00, 0x7e, 0x70, 0x00, 0x00, 0x0f, 0xff, 0x00, 0x42, 0x00, 0x00, 0x00,
    0x0f, 0xff, 0x00, 0x00, 0x00, 0x00, 0x00, 0x0f, 0xff, 0x00, 0x00, 0x00, 0x00, 0x00, 0x0f, 0xff,
    0x00, 0x00, 0x00, 0x00, 0x00, 0x0f, 0xff, 0x00, 0x00, 0x00, 0x00, 0x00, 0x0f, 0xff, 0x00, 0x00,
    0x00, 0x00, 0x00, 0x0f, 0xff, 0x00, 0x00, 0x00, 0x00, 0x00, 0x0f, 0xff, 0x00, 0x00, 0x00, 0x00,
    0x00, 0x0f, 0xff, 0x00, 0x00, 0x00, 0x00, 0x00, 0x0f, 0xff, 0x00, 0x00, 0x00, 0x00, 0x00, 0x0f,
    0xff, 0x00, 0x00, 0x00, 0x00, 0x00, 0x0f, 0xff, 0x00, 0x00, 0x00, 0x00, 0x00, 0x0f, 0xff, 0x00,
    0x00, 0x00, 0x00, 0x00, 0x0f, 0xff, 0x00, 0x00, 0x00, 0x00, 0x00, 0x0f, 0xff, 0x00, 0x00, 0x00,
    0x00, 0x00, 0x0f, 0xff, 0x00, 0x00, 0x00, 0x00, 0x00, 0x0f, 0xff, 0x00, 0x00, 0x00, 0x00, 0x00,
    0x0f, 0xff, 0x00, 0x00, 0x00, 0x00, 0x00, 0x0f, 0xff, 0x00, 0x00, 0x00, 0x00, 0x00, 0x0f, 0xff,
    0x00, 0x00, 0x00, 0x00, 0x00, 0x0f, 0xff, 0x00, 0x00, 0x00, 0x00, 0x00, 0x0f, 0xff, 0x00, 0x00,
    0x00, 0x00, 0x00, 0x0f, 0xff, 0x00, 0x00, 0x00, 0x00, 0x00, 0x0f, 0xff, 0x00, 0x00, 0x00, 0x00,
    0x00, 0x0f, 0xff, 0x00, 0x00, 0x00, 0x00, 0x00, 0x0f, 0xff, 0x00, 0x00, 0x00, 0x00, 0x00, 0x0f,
    0xff, 0x00, 0x00, 0x00, 0x00, 0x00, 0x0f, 0xff, 0x00, 0x00, 0x00, 0x00, 0x27, 0xad, 0xee, 0xdb,
    0x83, 0x00, 0x00, 0x00, 0x00, 0x00, 0x00, 0x1a, 0xef, 0xff, 0xff, 0xff, 0xff, 0xc3, 0x00, 0x00,
    0x00, 0x00, 0x04, 0xef, 0xff, 0xfd, 0xbb, 0xde, 0xff, 0xfe, 0x70, 0x00, 0x00, 0x00, 0x4e, 0xff,
    0xd7, 0x10, 0x00, 0x00, 0x5c, 0xff, 0xf8, 0x00, 0x00, 0x01, 0xef, 0xfb, 0x10, 0x00, 0x00, 0x00,
    0x00, 0x8f, 0xff, 0x50, 0x00, 0x0a, 0xff, 0xc0, 0x00, 0x00, 0x00, 0x00, 0x00, 0x09, 0xff, 0xd0,
    0x00, 0x2e, 0xfe, 0x20, 0x00, 0x00, 0x00, 0x00, 0x00, 0x00, 0xdf, 0xf5, 0x00, 0x7f, 0xfb, 0x00,
    0x00, 0x00, 0x00, 0x00, 0x00, 0x00, 0x7f, 0xfa, 0x00, 0xbf, 0xf5, 0x00, 0x00, 0x00, 0x00, 0x00,
    0x00, 0x00, 0x3f, 0xfd, 0x00, 0xdf, 0xf3, 0x00, 0x00, 0x00, 0x00, 0x00, 0x00, 0x00, 0x1f, 0xfe,
    0x00, 0xef, 0xf1, 0x00, 0x00, 0x00, 0x00, 0x00, 0x00, 0x00, 0x0f, 0xff, 0x00, 0x00, 0x00, 0x00,
    0x00, 0x00, 0x00, 0x00, 0x00, 0x00, 0x1f, 0xfd, 0x00, 0x00, 0x00, 0x00, 0x00, 0x00, 0x00, 0x00,
    0x00, 0x00, 0x4f, 0xfb, 0x00, 0x00, 0x00, 0x00, 0x00, 0x00, 0x00, 0x00, 0x00, 0x00, 0x9f, 0xf7,
    0x00, 0x00, 0x00, 0x00, 0x00, 0x00, 0x00, 0x00, 0x00, 0x02, 0xef, 0xe2, 0x00, 0x00, 0x00, 0x00,
    0x00, 0x00, 0x00, 0x00, 0x00, 0x0b, 0xff, 0x90, 0x00, 0x00, 0x00, 0x00, 0x00, 0x00, 0x00, 0x00,
    0x00, 0x7f, 0xfe, 0x10, 0x00, 0x00, 0x00, 0x00, 0x00, 0x00, 0x00, 0x00, 0x05, 0xff, 0xf5, 0x00,
    0x00, 0x00, 0x00, 0x00, 0x00, 0x00, 0x00, 0x00, 0x4e, 0xff, 0x80, 0x00, 0x00, 0x00, 0x00, 0x00,
    0x00, 0x00, 0x00, 0x04, 0xef, 0xf9, 0x00, 0x00, 0x00, 0x00, 0x00, 0x00, 0x00, 0x00, 0x00, 0x4e,
    0xff, 0xa0, 0x00, 0x00, 0x00, 0x00, 0x00, 0x00, 0x00, 0x00, 0x05, 0xef, 0xfa, 0x00, 0x00, 0x00,
    0x00, 0x00, 0x00, 0x00, 0x00, 0x00, 0x6e, 0xff, 0xa0, 0x00, 0x00, 0x00, 0x00, 0x00, 0x00, 0x00,
    0x00, 0x07, 0xff, 0xf9, 0x00, 0x00, 0x00, 0x00, 0x00, 0x00, 0x00, 0x00, 0x00, 0x8f, 0xff, 0x80,
    0x00, 0x00, 0x00, 0x00, 0x00, 0x00, 0x00, 0x00, 0x09, 0xff, 0xf7, 0x00, 0x00, 0x00, 0x00, 0x00,
    0x00, 0x00, 0x00, 0x00, 0x9f, 0xfe, 0x60, 0x00, 0x00, 0x00, 0x00, 0x00, 0x00, 0x00, 0x00, 0x0a,
    0xff, 0xe5, 0x00, 0x00, 0x00, 0x00, 0x00, 0x00, 0x00, 0x00, 0x00, 0xbf, 0xfe, 0x40, 0x00, 0x00,
    0x00, 0x00, 0x00, 0x00, 0x00, 0x00, 0x1c, 0xff, 0xe4, 0x00, 0x00, 0x00, 0x00, 0x00, 0x00, 0x00,
    0x00, 0x01, 0xcf, 0xfe, 0x30, 0x00, 0x00, 0x00, 0x00, 0x00, 0x00, 0x00, 0x00, 0x2d, 0xff, 0xd2,
    0x00, 0x00, 0x00, 0x00, 0x00, 0x00, 0x00, 0x00, 0x00, 0xdf, 0xff, 0xcb, 0xbb, 0xbb, 0xbb, 0xbb,
    0xbb, 0xbb, 0xbb, 0xbb, 0x00, 0xff, 0xff, 0xff, 0xff, 0xff, 0xff, 0xff, 0xff, 0xff, 0xff, 0xff,
    0x00, 0xff, 0xff, 0xff, 0xff, 0xff, 0xff, 0xff, 0xff, 0xff, 0xff, 0xff, 0x00, 0x00, 0x00, 0x00,
    0x03, 0x8b, 0xde, 0xed, 0xb8, 0x40, 0x00, 0x00, 0x00, 0x00, 0x00, 0x04, 0xcf, 0xff, 0xff, 0xff,
    0xff, 0xfc, 0x50, 0x00, 0x00, 0x00, 0x00, 0x9f, 0xff, 0xfe, 0xdb, 0xbd, 0xef, 0xff, 0xfa, 0x00,
    0x00, 0x00, 0x0a, 0xff, 0xfb, 0x50, 0x00, 0x00, 0x05, 0xbf, 0xff, 0xb0, 0x00, 0x00, 0x7f, 0xfe,
    0x60, 0x00, 0x00, 0x00, 0x00, 0x05, 0xef, 0xf9, 0x00, 0x01, 0xef, 0xf6, 0x00, 0x00, 0x00, 0x00,
    0x00, 0x00, 0x5f, 0xfe, 0x20, 0x07, 0xff, 0xb0, 0x00, 0x00, 0x00, 0x00, 0x00, 0x00, 0x0a, 0xff,
    0x80, 0x0b, 0xff, 0x50, 0x00, 0x00, 0x00, 0x00, 0x00, 0x00, 0x04, 0xff, 0xc0, 0x0e, 0xff, 0x20,
    0x00, 0x00, 0x00, 0x00, 0x00, 0x00, 0x02, 0xff, 0xe0, 0x0a, 0xaa, 0x00, 0x00, 0x00, 0x00, 0x00,
    0x00, 0x00, 0x01, 0xff, 0xe0, 0x00, 0x00, 0x00, 0x00, 0x00, 0x00, 0x00, 0x00, 0x00, 0x03, 0xff,
    0xc0, 0x00, 0x00, 0x00, 0x00, 0x00, 0x00, 0x00, 0x00, 0x00, 0x08, 0xff, 0x80, 0x00, 0x00, 0x00,
    0x00, 0x00, 0x00, 0x00, 0x00, 0x00, 0x4e, 0xfe, 0x10, 0x00, 0x00, 0x00, 0x00, 0x00, 0x00, 0x00,
    0x00, 0x06, 0xef, 0xf5, 0x00, 0x00, 0x00, 0x00, 0x00, 0x00, 0x00, 0x00, 0x15, 0xcf, 0xfe, 0x60,
    0x00, 0x00, 0x00, 0x00, 0x00, 0x07, 0xbb, 0xcd, 0xff, 0xff, 0xb2, 0x00, 0x00, 0x00, 0x00, 0x00,
    0x00, 0x0a, 0xff, 0xff, 0xff, 0xc3, 0x00, 0x00, 0x00, 0x00, 0x00, 0x00, 0x00, 0x0a, 0xff, 0xff,
    0xff, 0xff, 0xb4, 0x00, 0x00, 0x00, 0x00, 0x00, 0x00, 0x00, 0x00, 0x12, 0x59, 0xdf, 0xff, 0xa0,
    0x00, 0x00, 0x00, 0x00, 0x00, 0x00, 0x00, 0x00, 0x00, 0x07, 0xef, 0xfc, 0x00, 0x00, 0x00, 0x00,
    0x00, 0x00, 0x00, 0x00, 0x00, 0x00, 0x2d, 0xff, 0x90, 0x00, 0x00, 0x00, 0x00, 0x00, 0x00, 0x00,
    0x00, 0x00, 0x02, 0xef, 0xf2, 0x00, 0x00, 0x00, 0x00, 0x00, 0x00, 0x00, 0x00, 0x00, 0x00, 0x8f,
    0xf8, 0x00, 0x00, 0x00, 0x00, 0x00, 0x00, 0x00, 0x00, 0x00, 0x00, 0x3f, 0xfc, 0xaa, 0xa0, 0x00,
    0x00, 0x00, 0x00, 0x00, 0x00, 0x00, 0x00, 0x1f, 0xfe, 0xdf, 0xf1, 0x00, 0x00, 0x00, 0x00, 0x00,
    0x00, 0x00, 0x00, 0x1f, 0xfe, 0xbf, 0xf4, 0x00, 0x00, 0x00, 0x00, 0x00, 0x00, 0x00, 0x00, 0x3f,
    0xfc, 0x7f, 0xf9, 0x00, 0x00, 0x00, 0x00, 0x00, 0x00, 0x00, 0x00, 0x8f, 0xf9, 0x2e, 0xfe, 0x20,
    0x00, 0x00, 0x00, 0x00, 0x00, 0x00, 0x01, 0xef, 0xf4, 0x09, 0xff, 0xc1, 0x00, 0x00, 0x00, 0x00,
    0x00, 0x00, 0x0c, 0xff, 0xb0, 0x01, 0xdf, 0xfc, 0x20, 0x00, 0x00, 0x00, 0x00, 0x02, 0xcf, 0xfe,
    0x20, 0x00, 0x2d, 0xff, 0xe9, 0x40, 0x00, 0x00, 0x04, 0x9e, 0xff, 0xe4, 0x00, 0x00, 0x02, 0xcf,
    0xff, 0xfe, 0xdb, 0xbd, 0xef, 0xff, 0xfd, 0x30, 0x00, 0x00, 0x00, 0x06, 0xdf, 0xff, 0xff, 0xff,
    0xff, 0xfe, 0x80, 0x00, 0x00, 0x00, 0x00, 0x00, 0x04, 0x8b, 0xde, 0xee, 0xc9, 0x50, 0x00, 0x00,
    0x00, 0x00, 0x00, 0x00, 0x00, 0x00, 0x00, 0x00, 0x00, 0x3e, 0xff, 0xf0, 0x00, 0x00, 0x00, 0x00,
    0x00, 0x00, 0x00, 0x00, 0x00, 0x00, 0x01, 0xdf, 0xff, 0xf0, 0x00, 0x00, 0x00, 0x00, 0x00, 0x00,
    0x00, 0x00, 0x00, 0x00, 0x0a, 0xff, 0xff, 0xf0, 0x00, 0x00, 0x00, 0x00, 0x00, 0x00, 0x00, 0x00,
    0x00, 0x00, 0x6f, 0xff, 0xff, 0xf0, 0x00, 0x00, 0x00, 0x00, 0x00, 0x00, 0x00, 0x00, 0x00, 0x02,
    0xef, 0xf8, 0xff, 0xf0, 0x00, 0x00, 0x00, 0x00, 0x00, 0x00, 0x00, 0x00, 0x00, 0x0c, 0xff, 0xc0,
    0xff, 0xf0, 0x00, 0x00, 0x00, 0x00, 0x00, 0x00, 0x00, 0x00, 0x00, 0x9f, 0xfe, 0x20, 0xff, 0xf0,
    0x00, 0x00, 0x00, 0x00, 0x00, 0x00, 0x00, 0x00, 0x05, 0xff, 0xf5, 0x00, 0xff, 0xf0, 0x00, 0x00,
    0x00, 0x00, 0x00, 0x00, 0x00, 0x00, 0x1e, 0xff, 0x90, 0x00, 0xff, 0xf0, 0x00, 0x00, 0x00, 0x00,
    0x00, 0x00, 0x00, 0x00, 0xbf, 0xfc, 0x00, 0x00, 0xff, 0xf0, 0x00, 0x00, 0x00, 0x00, 0x00, 0x00,
    0x00, 0x07, 0xff, 0xe2, 0x00, 0x00, 0xff, 0xf0, 0x00, 0x00, 0x00, 0x00, 0x00, 0x00, 0x00, 0x3e,
    0xff, 0x60, 0x00, 0x00, 0xff, 0xf0, 0x00, 0x00, 0x00, 0x00, 0x00, 0x00, 0x01, 0xdf, 0xfa, 0x00,
    0x00, 0x00, 0xff, 0xf0, 0x00, 0x00, 0x00, 0x00, 0x00, 0x00, 0x0a, 0xff, 0xd0, 0x00, 0x00, 0x00,
    0xff, 0xf0, 0x00, 0x00, 0x00, 0x00, 0x00, 0x00, 0x6f, 0xfe, 0x30, 0x00, 0x00, 0x00, 0xff, 0xf0,
    0x00, 0x00, 0x00, 0x00, 0x00, 0x02, 0xef, 0xf6, 0x00, 0x00, 0x00, 0x00, 0xff, 0xf0, 0x00, 0x00,
    0x00, 0x00, 0x00, 0x0c, 0xff, 0xa0, 0x00, 0x00, 0x00, 0x00, 0xff, 0xf0, 0x00, 0x00, 0x00, 0x00,
    0x00, 0x9f, 0xfd, 0x10, 0x00, 0x00, 0x00, 0x00, 0xff, 0xf0, 0x00, 0x00, 0x00, 0x00, 0x05, 0xff,
    0xe3, 0x00, 0x00, 0x00, 0x00, 0x00, 0xff, 0xf0, 0x00, 0x00, 0x00, 0x00, 0x1e, 0xff, 0x70, 0x00,
    0x00, 0x00, 0x00, 0x00, 0xff, 0xf0, 0x00, 0x00, 0x00, 0x00, 0xbf, 0xfb, 0x00, 0x00, 0x00, 0x00,
    0x00, 0x00, 0xff, 0xf0, 0x00, 0x00, 0x00, 0x07, 0xff, 0xd1, 0x00, 0x00, 0x00, 0x00, 0x00, 0x00,
    0xff, 0xf0, 0x00, 0x00, 0x00, 0x3e, 0xfe, 0x40, 0x00, 0x00, 0x00, 0x00, 0x00, 0x00, 0xff, 0xf0,
    0x00, 0x00, 0x00, 0xdf, 0xfe, 0xbb, 0xbb, 0xbb, 0xbb, 0xbb, 0xbb, 0xbb, 0xff, 0xfb, 0xbb, 0xbb,
    0x50, 0xff, 0xff, 0xff, 0xff, 0xff, 0xff, 0xff, 0xff, 0xff, 0xff, 0xff, 0xff, 0xff, 0x70, 0xff,
    0xff, 0xff, 0xff, 0xff, 0xff, 0xff, 0xff, 0xff, 0xff, 0xff, 0xff, 0xff, 0x70, 0x00, 0x00, 0x00,
    0x00, 0x00, 0x00, 0x00, 0x00, 0x00, 0xff, 0xf0, 0x00, 0x00, 0x00, 0x00, 0x00, 0x00, 0x00, 0x00,
    0x00, 0x00, 0x00, 0x00, 0xff, 0xf0, 0x00, 0x00, 0x00, 0x00, 0x00, 0x00, 0x00, 0x00, 0x00, 0x00,
    0x00, 0x00, 0xff, 0xf0, 0x00, 0x00, 0x00, 0x00, 0x00, 0x00, 0x00, 0x00, 0x00, 0x00, 0x00, 0x00,
    0xff, 0xf0, 0x00, 0x00, 0x00, 0x00, 0x00, 0x00, 0x00, 0x00, 0x00, 0x00, 0x00, 0x00, 0xff, 0xf0,
    0x00, 0x00, 0x00, 0x00, 0x00, 0x00, 0x00, 0x00, 0x00, 0x00, 0x00, 0x00, 0xff, 0xf0, 0x00, 0x00,
    0x00, 0x00, 0x00, 0x00, 0x00, 0x00, 0x00, 0x00, 0x00, 0x00, 0xff, 0xf0, 0x00, 0x00, 0x00, 0x00,
    0x00, 0x00, 0x00, 0x00, 0x00, 0x00, 0x00, 0x00, 0xff, 0xf0, 0x00, 0x00, 0x00, 0x00, 0x00, 0x00,
    0x00, 0x00, 0x00, 0x00, 0x00, 0x00, 0xff, 0xf0, 0x00, 0x00, 0x00, 0x04, 0xff, 0xff, 0xff, 0xff,
    0xff, 0xff, 0xff, 0xff, 0xff, 0xf8, 0x00, 0x05, 0xff, 0xff, 0xff, 0xff, 0xff, 0xff, 0xff, 0xff,
    0xff, 0xf8, 0x00, 0x06, 0xff, 0xdb, 0xbb, 0xbb, 0xbb, 0xbb, 0xbb, 0xbb, 0xbb, 0xb5, 0x00, 0x07,
    0xff, 0x70, 0x00, 0x00, 0x00, 0x00, 0x00, 0x00, 0x00, 0x00, 0x00, 0x08, 0xff, 0x60, 0x00, 0x00,
    0x00, 0x00, 0x00, 0x00, 0x00, 0x00, 0x00, 0x09, 0xff, 0x50, 0x00, 0x00, 0x00, 0x00, 0x00, 0x00,
    0x00, 0x00, 0x00, 0x0a, 0xff, 0x40, 0x00, 0x00, 0x00, 0x00, 0x00, 0x00, 0x00, 0x00, 0x00, 0x0b,
    0xff, 0x20, 0x00, 0x00, 0x00, 0x00, 0x00, 0x00, 0x00, 0x00, 0x00, 0x0c, 0xff, 0x10, 0x00, 0x00,
    0x00, 0x00, 0x00, 0x00, 0x00, 0x00, 0x00, 0x0d, 0xff, 0x00, 0x00, 0x00, 0x00, 0x00, 0x00, 0x00,
    0x00, 0x00, 0x00, 0x0e, 0xfe, 0x00, 0x00, 0x00, 0x00, 0x00, 0x00, 0x00, 0x00, 0x00, 0x00, 0x0f,
    0xfc, 0x00, 0x00, 0x00, 0x00, 0x00, 0x00, 0x00, 0x00, 0x00, 0x00, 0x1f, 0xfb, 0x00, 0x02, 0x7b,
    0xde, 0xec, 0xa6, 0x10, 0x00, 0x00, 0x00, 0x2f, 0xfa, 0x02, 0xaf, 0xff, 0xff, 0xff, 0xff, 0xe8,
    0x10, 0x00, 0x00, 0x3f, 0xf9, 0x5e, 0xff, 0xfe, 0xcb, 0xbd, 0xff, 0xff, 0xd2, 0x00, 0x00, 0x4f,
    0xfd, 0xff, 0xd7, 0x20, 0x00, 0x00, 0x29, 0xef, 0xfe, 0x20, 0x00, 0x5f, 0xff, 0xf9, 0x00, 0x00,
    0x00, 0x00, 0x00, 0x4e, 0xff, 0xc0, 0x00, 0x6f, 0xff, 0x80, 0x00, 0x00, 0x00, 0x00, 0x00, 0x02,
    0xef, 0xf8, 0x00, 0x7f, 0xfc, 0x00, 0x00, 0x00, 0x00, 0x00, 0x00, 0x00, 0x6f, 0xfe, 0x10, 0x25,
    0x52, 0x00, 0x00, 0x00, 0x00, 0x00, 0x00, 0x00, 0x0c, 0xff, 0x50, 0x00, 0x00, 0x00, 0x00, 0x00,
    0x00, 0x00, 0x00, 0x00, 0x07, 0xff, 0x90, 0x00, 0x00, 0x00, 0x00, 0x00, 0x00, 0x00, 0x00, 0x00,
    0x03, 0xff, 0xc0, 0x00, 0x00, 0x00, 0x00, 0x00, 0x00, 0x00, 0x00, 0x00, 0x01, 0xff, 0xd0, 0x00,
    0x00, 0x00, 0x00, 0x00, 0x00, 0x00, 0x00, 0x00, 0x00, 0xff, 0xe0, 0x00, 0x00, 0x00, 0x00, 0x00,
    0x00, 0x00, 0x00, 0x00, 0x01, 0xff, 0xe0, 0xee, 0xe1, 0x00, 0x00, 0x00, 0x00, 0x00, 0x00, 0x00,
    0x03, 0xff, 0xc0, 0xdf, 0xf3, 0x00, 0x00, 0x00, 0x00, 0x00, 0x00, 0x00, 0x07, 0xff, 0x90, 0xaf,
    0xf7, 0x00, 0x00, 0x00, 0x00, 0x00, 0x00, 0x00, 0x0d, 0xff, 0x50, 0x5f, 0xfd, 0x10, 0x00, 0x00,
    0x00, 0x00, 0x00, 0x00, 0x8f, 0xfd, 0x00, 0x0c, 0xff, 0xb0, 0x00, 0x00, 0x00, 0x00, 0x00, 0x04,
    0xef, 0xf6, 0x00, 0x03, 0xef, 0xfb, 0x10, 0x00, 0x00, 0x00, 0x00, 0x6e, 0xff, 0xb0, 0x00, 0x00,
    0x6f, 0xff, 0xe7, 0x20, 0x00, 0x00, 0x4a, 0xff, 0xfd, 0x10, 0x00, 0x00, 0x05, 0xef, 0xff, 0xfd,
    0xcb, 0xce, 0xff, 0xff, 0xb1, 0x00, 0x00, 0x00, 0x00, 0x1a, 0xef, 0xff, 0xff, 0xff, 0xff, 0xd6,
    0x00, 0x00, 0x00, 0x00, 0x00, 0x00, 0x16, 0xad, 0xee, 0xec, 0x95, 0x00, 0x00, 0x00, 0x00, 0x00,
    0x00, 0x00, 0x00, 0x5a, 0xde, 0xee, 0xc8, 0x40, 0x00, 0x00, 0x00, 0x00, 0x00, 0x00, 0x6e, 0xff,
    0xff, 0xff, 0xff, 0xfc, 0x30, 0x00, 0x00, 0x00, 0x00, 0x0a, 0xff, 0xff, 0xec, 0xbc, 0xef, 0xff,
    0xe7, 0x00, 0x00, 0x00, 0x00, 0xaf, 0xff, 0xa3, 0x00, 0x00, 0x04, 0xcf, 0xff, 0x60, 0x00, 0x00,
    0x07, 0xff, 0xe5, 0x00, 0x00, 0x00, 0x00, 0x09, 0xff, 0xf3, 0x00, 0x00, 0x2e, 0xfe, 0x40, 0x00,
    0x00, 0x00, 0x00, 0x00, 0xaf, 0xfb, 0x00, 0x00, 0x9f, 0xf8, 0x00, 0x00, 0x00, 0x00, 0x00, 0x00,
    0x1e, 0xff, 0x20, 0x01, 0xef, 0xd0, 0x00, 0x00, 0x00, 0x00, 0x00, 0x00, 0x0a, 0xff, 0x60, 0x07,
    0xff, 0x70, 0x00, 0x00, 0x00, 0x00, 0x00, 0x00, 0x03, 0x55, 0x30, 0x0b, 0xff, 0x20, 0x00, 0x00,
    0x00, 0x00, 0x00, 0x00, 0x00, 0x00, 0x00, 0x0e, 0xfd, 0x00, 0x00, 0x00, 0x00, 0x00, 0x00, 0x00,
    0x00, 0x00, 0x00, 0x4f, 0xf9, 0x00, 0x00, 0x00, 0x00, 0x00, 0x00, 0x00, 0x00, 0x00, 0x00, 0x6f,
    0xf6, 0x00, 0x00, 0x15, 0x8a, 0xa9, 0x73, 0x00, 0x00, 0x00, 0x00, 0x9f, 0xf4, 0x00, 0x2a, 0xef,
    0xff, 0xff, 0xff, 0xc5, 0x00, 0x00, 0x00, 0xbf, 0xf2, 0x07, 0xef, 0xff, 0xff, 0xff, 0xff, 0xff,
    0xa0, 0x00, 0x00, 0xcf, 0xf1, 0x8f, 0xfe, 0x94, 0x10, 0x03, 0x7d, 0xff, 0xfc, 0x10, 0x00, 0xdf,
    0xf5, 0xff, 0xc2, 0x00, 0x00, 0x00, 0x00, 0x9f, 0xff, 0xb0, 0x00, 0xef, 0xfd, 0xfb, 0x00, 0x00,
    0x00, 0x00, 0x00, 0x06, 0xff, 0xf6, 0x00, 0xef, 0xff, 0xd1, 0x00, 0x00, 0x00, 0x00, 0x00, 0x00,
    0x9f, 0xfd, 0x00, 0xef, 0xff, 0x50, 0x00, 0x00, 0x00, 0x00, 0x00, 0x00, 0x0d, 0xff, 0x50, 0xdf,
    0xfd, 0x00, 0x00, 0x00, 0x00, 0x00, 0x00, 0x00, 0x08, 0xff, 0xa0, 0xdf, 0xf9, 0x00, 0x00, 0x00,
    0x00, 0x00, 0x00, 0x00, 0x03, 0xff, 0xd0, 0xcf, 0xf7, 0x00, 0x00, 0x00, 0x00, 0x00, 0x00, 0x00,
    0x01, 0xff, 0xe0, 0x9f, 0xf7, 0x00, 0x00, 0x00, 0x00, 0x00, 0x00, 0x00, 0x00, 0xff, 0xf0, 0x6f,
    0xf9, 0x00, 0x00, 0x00, 0x00, 0x00, 0x00, 0x00, 0x00, 0xff, 0xe0, 0x3f, 0xfc, 0x00, 0x00, 0x00,
    0x00, 0x00, 0x00, 0x00, 0x03, 0xff, 0xd0, 0x0e, 0xfe, 0x10, 0x00, 0x00, 0x00, 0x00, 0x00, 0x00,
    0x07, 0xff, 0xa0, 0x08, 0xff, 0x70, 0x00, 0x00, 0x00, 0x00, 0x00, 0x00, 0x0d, 0xff, 0x60, 0x03,
    0xff, 0xe1, 0x00, 0x00, 0x00, 0x00, 0x00, 0x00, 0x7f, 0xfe, 0x10, 0x00, 0x9f, 0xfb, 0x00, 0x00,
    0x00, 0x00, 0x00, 0x03, 0xef, 0xf8, 0x00, 0x00, 0x1e, 0xff, 0xb1, 0x00, 0x00, 0x00, 0x00, 0x5e,
    0xff, 0xc0, 0x00, 0x00, 0x04, 0xef, 0xfd, 0x60, 0x00, 0x00, 0x3a, 0xff, 0xfe, 0x20, 0x00, 0x00,
    0x00, 0x4e, 0xff, 0xfe, 0xcb, 0xbe, 0xff, 0xff, 0xd2, 0x00, 0x00, 0x00, 0x00, 0x01, 0xaf, 0xff,
    0xff, 0xff, 0xff, 0xe8, 0x00, 0x00, 0x00, 0x00, 0x00, 0x00, 0x03, 0x8b, 0xde, 0xed, 0xa6, 0x10,
    0x00, 0x00, 0x00, 0xff, 0xff, 0xff, 0xff, 0xff, 0xff, 0xff, 0xff, 0xff, 0xff, 0xff, 0xff, 0xff,
    0xff, 0xff, 0xff, 0xff, 0xff, 0xff, 0xff, 0xff, 0xff, 0xbb, 0xbb, 0xbb, 0xbb, 0xbb, 0xbb, 0xbb,
    0xbb, 0xbb, 0xcf, 0xff, 0x00, 0x00, 0x00, 0x00, 0x00, 0x00, 0x00, 0x00, 0x00, 0x8f, 0xfa, 0x00,
    0x00, 0x00, 0x00, 0x00, 0x00, 0x00, 0x00, 0x01, 0xef, 0xf3, 0x00, 0x00, 0x00, 0x00, 0x00, 0x00,
    0x00, 0x00, 0x08, 0xff, 0xa0, 0x00, 0x00, 0x00, 0x00, 0x00, 0x00, 0x00, 0x00, 0x1e, 0xff, 0x30,
    0x00, 0x00, 0x00, 0x00, 0x00, 0x00, 0x00, 0x00, 0x8f, 0xfa, 0x00, 0x00, 0x00, 0x00, 0x00, 0x00,
    0x00, 0x00, 0x01, 0xef, 0xf3, 0x00, 0x00, 0x00, 0x00, 0x00, 0x00, 0x00, 0x00, 0x08, 0xff, 0xb0,
    0x00, 0x00, 0x00, 0x00, 0x00, 0x00, 0x00, 0x00, 0x1e, 0xff, 0x30, 0x00, 0x00, 0x00, 0x00, 0x00,
    0x00, 0x00, 0x00, 0x8f, 0xfb, 0x00, 0x00, 0x00, 0x00, 0x00, 0x00, 0x00, 0x00, 0x01, 0xef, 0xf3,
    0x00, 0x00, 0x00, 0x00, 0x00, 0x00, 0x00, 0x00, 0x07, 0xff, 0xb0, 0x00, 0x00, 0x00, 0x00, 0x00,
    0x00, 0x00, 0x00, 0x1e, 0xff, 0x40, 0x00, 0x00, 0x00, 0x00, 0x00, 0x00, 0x00, 0x00, 0x7f, 0xfb,
    0x00, 0x00, 0x00, 0x00, 0x00, 0x00, 0x00, 0x00, 0x01, 0xef, 0xf4, 0x00, 0x00, 0x00, 0x00, 0x00,
    0x00, 0x00, 0x00, 0x07, 0xff, 0xb0, 0x00, 0x00, 0x00, 0x00, 0x00, 0x00, 0x00, 0x00, 0x0e, 0xff,
    0x40, 0x00, 0x00, 0x00, 0x00, 0x00, 0x00, 0x00, 0x00, 0x7f, 0xfc, 0x00, 0x00, 0x00, 0x00, 0x00,
    0x00, 0x00, 0x00, 0x00, 0xef, 0xf4, 0x00, 0x00, 0x00, 0x00, 0x00, 0x00, 0x00, 0x00, 0x07, 0xff,
    0xc0, 0x00, 0x00, 0x00, 0x00, 0x00, 0x00, 0x00, 0x00, 0x0d, 0xff, 0x40, 0x00, 0x00, 0x00, 0x00,
    0x00, 0x00, 0x00, 0x00, 0x7f, 0xfc, 0x00, 0x00, 0x00, 0x00, 0x00, 0x00, 0x00, 0x00, 0x00, 0xdf,
    0xf5, 0x00, 0x00, 0x00, 0x00, 0x00, 0x00, 0x00, 0x00, 0x06, 0xff, 0xc0, 0x00, 0x00, 0x00, 0x00,
    0x00, 0x00, 0x00, 0x00, 0x0d, 0xff, 0x50, 0x00, 0x00, 0x00, 0x00, 0x00, 0x00, 0x00, 0x00, 0x6f,
    0xfc, 0x00, 0x00, 0x00, 0x00, 0x00, 0x00, 0x00, 0x00, 0x00, 0xdf, 0xf5, 0x00, 0x00, 0x00, 0x00,
    0x00, 0x00, 0x00, 0x00, 0x06, 0xff, 0xc0, 0x00, 0x00, 0x00, 0x00, 0x00, 0x00, 0x00, 0x00, 0x0d,
    0xff, 0x50, 0x00, 0x00, 0x00, 0x00, 0x00, 0x00, 0x00, 0x00, 0x6f, 0xfd, 0x00, 0x00, 0x00, 0x00,
    0x00, 0x00, 0x00, 0x00, 0x00, 0xdf, 0xf5, 0x00, 0x00, 0x00, 0x00, 0x00, 0x00, 0x00, 0x00, 0x06,
    0xff, 0xd0, 0x00, 0x00, 0x00, 0x00, 0x00, 0x00, 0x00, 0x00, 0x0d, 0xff, 0x60, 0x00, 0x00, 0x00,
    0x00, 0x00, 0x00, 0x00, 0x00, 0x00, 0x00, 0x05, 0x9c, 0xee, 0xec, 0x95, 0x00, 0x00, 0x00, 0x00,
    0x00, 0x00, 0x06, 0xef, 0xff, 0xff, 0xff, 0xff, 0xe7, 0x00, 0x00, 0x00, 0x00, 0x01, 0xcf, 0xff,
    0xfe, 0xcb, 0xce, 0xff, 0xff, 0xc1, 0x00, 0x00, 0x00, 0x1c, 0xff, 0xf9, 0x40, 0x00, 0x00, 0x39,
    0xff, 0xfd, 0x10, 0x00, 0x00, 0xbf, 0xfe, 0x40, 0x00, 0x00, 0x00, 0x00, 0x4e, 0xff, 0xb0, 0x00,
    0x04, 0xff, 0xe3, 0x00, 0x00, 0x00, 0x00, 0x00, 0x03, 0xef, 0xf4, 0x00, 0x0a, 0xff, 0x90, 0x00,
    0x00, 0x00, 0x00, 0x00, 0x00, 0x9f, 0xfa, 0x00, 0x0d, 0xff, 0x30, 0x00, 0x00, 0x00, 0x00, 0x00,
    0x00, 0x3f, 0xfd, 0x00, 0x0e, 0xff, 0x10, 0x00, 0x00, 0x00, 0x00, 0x00, 0x00, 0x1f, 0xfe, 0x00,
    0x0e, 0xff, 0x10, 0x00, 0x00, 0x00, 0x00, 0x00, 0x00, 0x1f, 0xfe, 0x00, 0x0c, 0xff, 0x40, 0x00,
    0x00, 0x00, 0x00, 0x00, 0x00, 0x4f, 0xfb, 0x00, 0x07, 0xff, 0xa0, 0x00, 0x00, 0x00, 0x00, 0x00,
    0x00, 0xaf, 0xf7, 0x00, 0x01, 0xef, 0xe4, 0x00, 0x00, 0x00, 0x00, 0x00, 0x04, 0xef, 0xe1, 0x00,
    0x00, 0x5f, 0xfe, 0x40, 0x00, 0x00, 0x00, 0x00, 0x4e, 0xff, 0x50, 0x00, 0x00, 0x06, 0xef, 0xf9,
    0x30, 0x00, 0x00, 0x39, 0xff, 0xe7, 0x00, 0x00, 0x00, 0x00, 0x3b, 0xff, 0xfe, 0xcb, 0xce, 0xff,
    0xfc, 0x30, 0x00, 0x00, 0x00, 0x00, 0x00, 0x6d, 0xff, 0xff, 0xff, 0xfd, 0x60, 0x00, 0x00, 0x00,
    0x00, 0x00, 0x6d, 0xff, 0xff, 0xff, 0xff, 0xff, 0xfd, 0x60, 0x00, 0x00, 0x00, 0x0b, 0xff, 0xfc,
    0x73, 0x10, 0x13, 0x7c, 0xff, 0xfb, 0x00, 0x00, 0x00, 0xbf, 0xfe, 0x60, 0x00, 0x00, 0x00, 0x00,
    0x5d, 0xff, 0xc0, 0x00, 0x08, 0xff, 0xe2, 0x00, 0x00, 0x00, 0x00, 0x00, 0x02, 0xdf, 0xf8, 0x00,
    0x1e, 0xfe, 0x30, 0x00, 0x00, 0x00, 0x00, 0x00, 0x00, 0x3e, 0xfe, 0x20, 0x7f, 0xf9, 0x00, 0x00,
    0x00, 0x00, 0x00, 0x00, 0x00, 0x09, 0xff, 0x80, 0xbf, 0xf4, 0x00, 0x00, 0x00, 0x00, 0x00, 0x00,
    0x00, 0x03, 0xff, 0xc0, 0xdf, 0xf1, 0x00, 0x00, 0x00, 0x00, 0x00, 0x00, 0x00, 0x00, 0xff, 0xe0,
    0xef, 0xf0, 0x00, 0x00, 0x00, 0x00, 0x00, 0x00, 0x00, 0x00, 0xff, 0xf0, 0xdf, 0xf2, 0x00, 0x00,
    0x00, 0x00, 0x00, 0x00, 0x00, 0x01, 0xff, 0xe0, 0xbf, 0xf6, 0x00, 0x00, 0x00, 0x00, 0x00, 0x00,
    0x00, 0x05, 0xff, 0xb0, 0x6f, 0xfc, 0x00, 0x00, 0x00, 0x00, 0x00, 0x00, 0x00, 0x0c, 0xff, 0x70,
    0x0d, 0xff, 0x90, 0x00, 0x00, 0x00, 0x00, 0x00, 0x00, 0x8f, 0xfe, 0x10, 0x05, 0xff, 0xf9, 0x10,
    0x00, 0x00, 0x00, 0x00, 0x09, 0xff, 0xf6, 0x00, 0x00, 0x8f, 0xff, 0xd7, 0x20, 0x00, 0x00, 0x27,
    0xdf, 0xff, 0x80, 0x00, 0x00, 0x06, 0xef, 0xff, 0xfd, 0xcb, 0xcd, 0xff, 0xff, 0xe7, 0x00, 0x00,
    0x00, 0x00, 0x2a, 0xef, 0xff, 0xff, 0xff, 0xff, 0xea, 0x20, 0x00, 0x00, 0x00, 0x00, 0x00, 0x16,
    0xac, 0xee, 0xed, 0xa7, 0x20, 0x00, 0x00, 0x00, 0x00, 0x00, 0x00, 0x16, 0xad, 0xee, 0xdb, 0x83,
    0x00, 0x00, 0x00, 0x00, 0x00, 0x00, 0x19, 0xef, 0xff, 0xff, 0xff, 0xff, 0xb2, 0x00, 0x00, 0x00,
    0x00, 0x03, 0xdf, 0xff, 0xfe, 0xbb, 0xde, 0xff, 0xfe, 0x50, 0x00, 0x00, 0x00, 0x3e, 0xff, 0xe9,
    0x30, 0x00, 0x00, 0x6c, 0xff, 0xe4, 0x00, 0x00, 0x01, 0xef, 0xfd, 0x40, 0x00, 0x00, 0x00, 0x00,
    0x9f, 0xfe, 0x20, 0x00, 0x09, 0xff, 0xe2, 0x00, 0x00, 0x00, 0x00, 0x00, 0x09, 0xff, 0xa0, 0x00,
    0x2e, 0xff, 0x50, 0x00, 0x00, 0x00, 0x00, 0x00, 0x00, 0xcf, 0xf3, 0x00, 0x7f, 0xfb, 0x00, 0x00,
    0x00, 0x00, 0x00, 0x00, 0x00, 0x5f, 0xf9, 0x00, 0xbf, 0xf6, 0x00, 0x00, 0x00, 0x00, 0x00, 0x00,
    0x00, 0x0d, 0xfe, 0x00, 0xdf, 0xf2, 0x00, 0x00, 0x00, 0x00, 0x00, 0x00, 0x00, 0x0a, 0xff, 0x40,
    0xef, 0xf1, 0x00, 0x00, 0x00, 0x00, 0x00, 0x00, 0x00, 0x07, 0xff, 0x70, 0xef, 0xf1, 0x00, 0x00,
    0x00, 0x00, 0x00, 0x00, 0x00, 0x07, 0xff, 0xa0, 0xdf, 0xf3, 0x00, 0x00, 0x00, 0x00, 0x00, 0x00,
    0x00, 0x08, 0xff, 0xc0, 0xaf, 0xf6, 0x00, 0x00, 0x00, 0x00, 0x00, 0x00, 0x00, 0x0c, 0xff, 0xd0,
    0x6f, 0xfc, 0x00, 0x00, 0x00, 0x00, 0x00, 0x00, 0x00, 0x3f, 0xff, 0xe0, 0x1e, 0xff, 0x70, 0x00,
    0x00, 0x00, 0x00, 0x00, 0x00, 0xbf, 0xff, 0xf0, 0x07, 0xff, 0xe4, 0x00, 0x00, 0x00, 0x00, 0x00,
    0x09, 0xfe, 0xff, 0xf0, 0x00, 0xcf, 0xfe, 0x70, 0x00, 0x00, 0x00, 0x01, 0xaf, 0xf7, 0xff, 0xe0,
    0x00, 0x1d, 0xff, 0xfc, 0x62, 0x00, 0x14, 0x9e, 0xff, 0xa1, 0xff, 0xe0, 0x00, 0x01, 0xbf, 0xff,
    0xff, 0xff, 0xff, 0xff, 0xf9, 0x01, 0xff, 0xd0, 0x00, 0x00, 0x05, 0xdf, 0xff, 0xff, 0xff, 0xfb,
    0x40, 0x03, 0xff, 0xb0, 0x00, 0x00, 0x00, 0x03, 0x79, 0xaa, 0x96, 0x20, 0x00, 0x04, 0xff, 0x90,
    0x00, 0x00, 0x00, 0x00, 0x00, 0x00, 0x00, 0x00, 0x00, 0x07, 0xff, 0x70, 0x00, 0x00, 0x00, 0x00,
    0x00, 0x00, 0x00, 0x00, 0x00, 0x0a, 0xff, 0x40, 0x00, 0x00, 0x00, 0x00, 0x00, 0x00, 0x00, 0x00,
    0x00, 0x0e, 0xfe, 0x10, 0x00, 0x00, 0x00, 0x00, 0x00, 0x00, 0x00, 0x00, 0x00, 0x3f, 0xfb, 0x00,
    0x8d, 0xd6, 0x00, 0x00, 0x00, 0x00, 0x00, 0x00, 0x00, 0x9f, 0xf7, 0x00, 0x6f, 0xfb, 0x00, 0x00,
    0x00, 0x00, 0x00, 0x00, 0x01, 0xef, 0xe1, 0x00, 0x1e, 0xff, 0x20, 0x00, 0x00, 0x00, 0x00, 0x00,
    0x0a, 0xff, 0x90, 0x00, 0x0a, 0xff, 0xb0, 0x00, 0x00, 0x00, 0x00, 0x00, 0x6f, 0xfe, 0x20, 0x00,
    0x02, 0xef, 0xf9, 0x00, 0x00, 0x00, 0x00, 0x06, 0xef, 0xf7, 0x00, 0x00, 0x00, 0x4e, 0xff, 0xc4,
    0x00, 0x00, 0x04, 0xbf, 0xff, 0xa0, 0x00, 0x00, 0x00, 0x05, 0xef, 0xff, 0xec, 0xbc, 0xef, 0xff,
    0xfa, 0x00, 0x00, 0x00, 0x00, 0x00, 0x2b, 0xff, 0xff, 0xff, 0xff, 0xfd, 0x60, 0x00, 0x00, 0x00,
    0x00, 0x00, 0x00, 0x38, 0xce, 0xee, 0xda, 0x50, 0x00, 0x00, 0x00, 0x00, 0x1b, 0xeb, 0x10, 0xbf,
    0xff, 0xb0, 0xef, 0xff, 0xe0, 0xbf, 0xff, 0xb0, 0x1b, 0xeb, 0x10, 0x00, 0x00, 0x00, 0x00, 0x00,
    0x00, 0x00, 0x00, 0x00, 0x00, 0x00, 0x00, 0x00, 0x00, 0x00, 0x00, 0x00, 0x00, 0x00, 0x00, 0x00,
    0x00, 0x00, 0x00, 0x00, 0x00, 0x00, 0x00, 0x00, 0x00, 0x00, 0x00, 0x00, 0x00, 0x00, 0x00, 0x00,
    0x00, 0x00, 0x00, 0x00, 0x00, 0x1b, 0xeb, 0x10, 0xbf, 0xff, 0xb0, 0xef, 0xff, 0xe0, 0xbf, 0xff,
    0xb0, 0x1b, 0xeb, 0x10, 0x00, 0x00, 0x00, 0x00, 0x00, 0x00, 0x07, 0xff, 0xf8, 0x00, 0x00, 0x00,
    0x00, 0x00, 0x00, 0x00, 0x00, 0x00, 0x00, 0x00, 0x00, 0x00, 0x0c, 0xff, 0xfd, 0x00, 0x00, 0x00,
    0x00, 0x00, 0x00, 0x00, 0x00, 0x00, 0x00, 0x00, 0x00, 0x00, 0x3f, 0xff, 0xff, 0x40, 0x00, 0x00,
    0x00, 0x00, 0x00, 0x00, 0x00, 0x00, 0x00, 0x00, 0x00, 0x00, 0x8f, 0xf9, 0xff, 0x90, 0x00, 0x00,
    0x00, 0x00, 0x00, 0x00, 0x00, 0x00, 0x00, 0x00, 0x00, 0x00, 0xdf, 0xe1, 0xef, 0xe0, 0x00, 0x00,
    0x00, 0x00, 0x00, 0x00, 0x00, 0x00, 0x00, 0x00, 0x00, 0x04, 0xff, 0xa0, 0x9f, 0xf5, 0x00, 0x00,
    0x00, 0x00, 0x00, 0x00, 0x00, 0x00, 0x00, 0x00, 0x00, 0x0a, 0xff, 0x50, 0x4f, 0xfb, 0x00, 0x00,
    0x00, 0x00, 0x00, 0x00, 0x00, 0x00, 0x00, 0x00, 0x00, 0x1e, 0xfe, 0x00, 0x0e, 0xfe, 0x10, 0x00,
    0x00, 0x00, 0x00, 0x00, 0x00, 0x00, 0x00, 0x00, 0x00, 0x6f, 0xfa, 0x00, 0x09, 0xff, 0x70, 0x00,
    0x00, 0x00, 0x00, 0x00, 0x00, 0x00, 0x00, 0x00, 0x00, 0xbf, 0xf5, 0x00, 0x04, 0xff, 0xc0, 0x00,
    0x00, 0x00, 0x00, 0x00, 0x00, 0x00, 0x00, 0x00, 0x02, 0xff, 0xe0, 0x00, 0x00, 0xdf, 0xf2, 0x00,
    0x00, 0x00, 0x00, 0x00, 0x00, 0x00, 0x00, 0x00, 0x07, 0xff, 0x90, 0x00, 0x00, 0x8f, 0xf8, 0x00,
    0x00, 0x00, 0x00, 0x00, 0x00, 0x00, 0x00, 0x00, 0x0d, 0xff, 0x40, 0x00, 0x00, 0x3f, 0xfd, 0x00,
    0x00, 0x00, 0x00, 0x00, 0x00, 0x00, 0x00, 0x00, 0x3f, 0xfd, 0x00, 0x00, 0x00, 0x0c, 0xff, 0x40,
    0x00, 0x00, 0x00, 0x00, 0x00, 0x00, 0x00, 0x00, 0x9f, 0xf8, 0x00, 0x00, 0x00, 0x07, 0xff, 0x90,
    0x00, 0x00, 0x00, 0x00, 0x00, 0x00, 0x00, 0x00, 0xef, 0xf2, 0x00, 0x00, 0x00, 0x02, 0xff, 0xe0,
    0x00, 0x00, 0x00, 0x00, 0x00, 0x00, 0x00, 0x05, 0xff, 0xc0, 0x00, 0x00, 0x00, 0x00, 0xbf, 0xf5,
    0x00, 0x00, 0x00, 0x00, 0x00, 0x00, 0x00, 0x0a, 0xff, 0x70, 0x00, 0x00, 0x00, 0x00, 0x6f, 0xfb,
    0x00, 0x00, 0x00, 0x00, 0x00, 0x00, 0x00, 0x1e, 0xfe, 0x10, 0x00, 0x00, 0x00, 0x00, 0x1e, 0xfe,
    0x10, 0x00, 0x00, 0x00, 0x00, 0x00, 0x00, 0x7f, 0xfb, 0x00, 0x00, 0x00, 0x00, 0x00, 0x0a, 0xff,
    0x70, 0x00, 0x00, 0x00, 0x00, 0x00, 0x00, 0xcf, 0xf5, 0x00, 0x00, 0x00, 0x00, 0x00, 0x05, 0xff,
    0xc0, 0x00, 0x00, 0x00, 0x00, 0x00, 0x03, 0xff, 0xe0, 0x00, 0x00, 0x00, 0x00, 0x00, 0x00, 0xef,
    0xf3, 0x00, 0x00, 0x00, 0x00, 0x00, 0x08, 0xff, 0xff, 0xff, 0xff, 0xff, 0xff, 0xff, 0xff, 0xff,
    0xf8, 0x00, 0x00, 0x00, 0x00, 0x00, 0x0d, 0xff, 0xff, 0xff, 0xff, 0xff, 0xff, 0xff, 0xff, 0xff,
    0xfd, 0x00, 0x00, 0x00, 0x00, 0x00, 0x4f, 0xff, 0xdc, 0xcc, 0xcc, 0xcc, 0xcc, 0xcc, 0xcc, 0xdf,
    0xff, 0x40, 0x00, 0x00, 0x00, 0x00, 0xaf, 0xf8, 0x00, 0x00, 0x00, 0x00, 0x00, 0x00, 0x00, 0x08,
    0xff, 0xa0, 0x00, 0x00, 0x00, 0x01, 0xef, 0xf3, 0x00, 0x00, 0x00, 0x00, 0x00, 0x00, 0x00, 0x03,
    0xff, 0xe1, 0x00, 0x00, 0x00, 0x06, 0xff, 0xc0, 0x00, 0x00, 0x00, 0x00, 0x00, 0x00, 0x00, 0x00,
    0xdf, 0xf6, 0x00, 0x00, 0x00, 0x0b, 0xff, 0x70, 0x00, 0x00, 0x00, 0x00, 0x00, 0x00, 0x00, 0x00,
    0x7f, 0xfb, 0x00, 0x00, 0x00, 0x2f, 0xff, 0x20, 0x00, 0x00, 0x00, 0x00, 0x00, 0x00, 0x00, 0x00,
    0x2f, 0xff, 0x20, 0x00, 0x00, 0x7f, 0xfb, 0x00, 0x00, 0x00, 0x00, 0x00, 0x00, 0x00, 0x00, 0x00,
    0x0c, 0xff, 0x70, 0x00, 0x00, 0xdf, 0xf6, 0x00, 0x00, 0x00, 0x00, 0x00, 0x00, 0x00, 0x00, 0x00,
    0x06, 0xff, 0xd0, 0x00, 0x03, 0xff, 0xe1, 0x00, 0x00, 0x00, 0x00, 0x00, 0x00, 0x00, 0x00, 0x00,
    0x01, 0xef, 0xf3, 0x00, 0x09, 0xff, 0xa0, 0x00, 0x00, 0x00, 0x00, 0x00, 0x00, 0x00, 0x00, 0x00,
    0x00, 0xbf, 0xf9, 0x00, 0x0e, 0xff, 0x50, 0x00, 0x00, 0x00, 0x00, 0x00, 0x00, 0x00, 0x00, 0x00,
    0x00, 0x5f, 0xfe, 0x00, 0xff, 0xff, 0xff, 0xff, 0xff, 0xff, 0xed, 0xc9, 0x50, 0x00, 0x00, 0x00,
    0x00, 0xff, 0xff, 0xff, 0xff, 0xff, 0xff, 0xff, 0xff, 0xfe, 0x70, 0x00, 0x00, 0x00, 0xff, 0xfb,
    0xbb, 0xbb, 0xbb, 0xbb, 0xbc, 0xef, 0xff, 0xfc, 0x20, 0x00, 0x00, 0xff, 0xf0, 0x00, 0x00, 0x00,
    0x00, 0x00, 0x03, 0xaf, 0xff, 0xd1, 0x00, 0x00, 0xff, 0xf0, 0x00, 0x00, 0x00, 0x00, 0x00, 0x00,
    0x04, 0xef, 0xfb, 0x00, 0x00, 0xff, 0xf0, 0x00, 0x00, 0x00, 0x00, 0x00, 0x00, 0x00, 0x4f, 0xff,
    0x30, 0x00, 0xff, 0xf0, 0x00, 0x00, 0x00, 0x00, 0x00, 0x00, 0x00, 0x0a, 0xff, 0x90, 0x00, 0xff,
    0xf0, 0x00, 0x00, 0x00, 0x00, 0x00, 0x00, 0x00, 0x04, 0xff, 0xc0, 0x00, 0xff, 0xf0, 0x00, 0x00,
    0x00, 0x00, 0x00, 0x00, 0x00, 0x01, 0xff, 0xe0, 0x00, 0xff, 0xf0, 0x00, 0x00, 0x00, 0x00, 0x00,
    0x00, 0x00, 0x01, 0xff, 0xe0, 0x00, 0xff, 0xf0, 0x00, 0x00, 0x00, 0x00, 0x00, 0x00, 0x00, 0x02,
    0xff, 0xd0, 0x00, 0xff, 0xf0, 0x00, 0x00, 0x00, 0x00, 0x00, 0x00, 0x00, 0x06, 0xff, 0xa0, 0x00,
    0xff, 0xf0, 0x00, 0x00, 0x00, 0x00, 0x00, 0x00, 0x00, 0x0c, 0xff, 0x50, 0x00, 0xff, 0xf0, 0x00,
    0x00, 0x00, 0x00, 0x00, 0x00, 0x00, 0x8f, 0xfc, 0x00, 0x00, 0xff, 0xf0, 0x00, 0x00, 0x00, 0x00,
    0x00, 0x00, 0x08, 0xff, 0xe3, 0x00, 0x00, 0xff, 0xf0, 0x00, 0x00, 0x00, 0x00, 0x01, 0x37, 0xdf,
    0xfd, 0x30, 0x00, 0x00, 0xff, 0xff, 0xff, 0xff, 0xff, 0xff, 0xff, 0xff, 0xfe, 0x81, 0x00, 0x00,
    0x00, 0xff, 0xff, 0xff, 0xff, 0xff, 0xff, 0xff, 0xff, 0xfc, 0x71, 0x00, 0x00, 0x00, 0xff, 0xfb,
    0xbb, 0xbb, 0xbb, 0xbb, 0xbc, 0xdf, 0xff, 0xfe, 0x70, 0x00, 0x00, 0xff, 0xf0, 0x00, 0x00, 0x00,
    0x00, 0x00, 0x01, 0x6c, 0xff, 0xfa, 0x00, 0x00, 0xff, 0xf0, 0x00, 0x00, 0x00, 0x00, 0x00, 0x00,
    0x00, 0x7f, 0xff, 0x80, 0x00, 0xff, 0xf0, 0x00, 0x00, 0x00, 0x00, 0x00, 0x00, 0x00, 0x06, 0xff,
    0xe2, 0x00, 0xff, 0xf0, 0x00, 0x00, 0x00, 0x00, 0x00, 0x00, 0x00, 0x00, 0xaf, 0xf8, 0x00, 0xff,
    0xf0, 0x00, 0x00, 0x00, 0x00, 0x00, 0x00, 0x00, 0x00, 0x4f, 0xfc, 0x00, 0xff, 0xf0, 0x00, 0x00,
    0x00, 0x00, 0x00, 0x00, 0x00, 0x00, 0x1f, 0xfe, 0x00, 0xff, 0xf0, 0x00, 0x00, 0x00, 0x00, 0x00,
    0x00, 0x00, 0x00, 0x0f, 0xff, 0x00, 0xff, 0xf0, 0x00, 0x00, 0x00, 0x00, 0x00, 0x00, 0x00, 0x00,
    0x1f, 0xfe, 0x00, 0xff, 0xf0, 0x00, 0x00, 0x00, 0x00, 0x00, 0x00, 0x00, 0x00, 0x4f, 0xfc, 0x00,
    0xff, 0xf0, 0x00, 0x00, 0x00, 0x00, 0x00, 0x00, 0x00, 0x00, 0x9f, 0xf8, 0x00, 0xff, 0xf0, 0x00,
    0x00, 0x00, 0x00, 0x00, 0x00, 0x00, 0x04, 0xff, 0xf3, 0x00, 0xff, 0xf0, 0x00, 0x00, 0x00, 0x00,
    0x00, 0x00, 0x00, 0x5e, 0xff, 0xa0, 0x00, 0xff, 0xf0, 0x00, 0x00, 0x00, 0x00, 0x00, 0x01, 0x5b,
    0xff, 0xfc, 0x10, 0x00, 0xff, 0xfb, 0xbb, 0xbb, 0xbb, 0xbb, 0xbc, 0xdf, 0xff, 0xff, 0xb1, 0x00,
    0x00, 0xff, 0xff, 0xff, 0xff, 0xff, 0xff, 0xff, 0xff, 0xff, 0xd6, 0x00, 0x00, 0x00, 0xff, 0xff,
    0xff, 0xff, 0xff, 0xff, 0xee, 0xdb, 0x84, 0x00, 0x00, 0x00, 0x00, 0x00, 0x00, 0x00, 0x00, 0x00,
    0x27, 0xad, 0xee, 0xdc, 0xa6, 0x20, 0x00, 0x00, 0x00, 0x00, 0x00, 0x00, 0x00, 0x00, 0x5c, 0xff,
    0xff, 0xff, 0xff, 0xff, 0xfb, 0x40, 0x00, 0x00, 0x00, 0x00, 0x00, 0x00, 0x2b, 0xff, 0xff, 0xfd,
    0xcb, 0xcd, 0xff, 0xff, 0xfa, 0x10, 0x00, 0x00, 0x00, 0x00, 0x04, 0xef, 0xff, 0xb5, 0x10, 0x00,
    0x00, 0x26, 0xcf, 0xff, 0xd3, 0x00, 0x00, 0x00, 0x00, 0x4e, 0xff, 0xd4, 0x00, 0x00, 0x00, 0x00,
    0x00, 0x05, 0xef, 0xfe, 0x30, 0x00, 0x00, 0x03, 0xef, 0xfb, 0x10, 0x00, 0x00, 0x00, 0x00, 0x00,
    0x00, 0x2d, 0xff, 0xd1, 0x00, 0x00, 0x0d, 0xff, 0xb0, 0x00, 0x00, 0x00, 0x00, 0x00, 0x00, 0x00,
    0x02, 0xdf, 0xf9, 0x00, 0x00, 0x7f, 0xfd, 0x10, 0x00, 0x00, 0x00, 0x00, 0x00, 0x00, 0x00, 0x00,
    0x4f, 0xff, 0x20, 0x01, 0xef, 0xf4, 0x00, 0x00, 0x00, 0x00, 0x00, 0x00, 0x00, 0x00, 0x00, 0x0b,
    0xff, 0x90, 0x07, 0xff, 0xb0, 0x00, 0x00, 0x00, 0x00, 0x00, 0x00, 0x00, 0x00, 0x00, 0x04, 0xff,
    0xe0, 0x0d, 0xff, 0x40, 0x00, 0x00, 0x00, 0x00, 0x00, 0x00, 0x00, 0x00, 0x00, 0x00, 0xef, 0xf4,
    0x2f, 0xfd, 0x00, 0x00, 0x00, 0x00, 0x00, 0x00, 0x00, 0x00, 0x00, 0x00, 0x00, 0x34, 0x42, 0x6f,
    0xf9, 0x00, 0x00, 0x00, 0x00, 0x00, 0x00, 0x00, 0x00, 0x00, 0x00, 0x00, 0x00, 0x00, 0x9f, 0xf6,
    0x00, 0x00, 0x00, 0x00, 0x00, 0x00, 0x00, 0x00, 0x00, 0x00, 0x00, 0x00, 0x00, 0xcf, 0xf4, 0x00,
    0x00, 0x00, 0x00, 0x00, 0x00, 0x00, 0x00, 0x00, 0x00, 0x00, 0x00, 0x00, 0xdf, 0xf2, 0x00, 0x00,
    0x00, 0x00, 0x00, 0x00, 0x00, 0x00, 0x00, 0x00, 0x00, 0x00, 0x00, 0xef, 0xf1, 0x00, 0x00, 0x00,
    0x00, 0x00, 0x00, 0x00, 0x00, 0x00, 0x00, 0x00, 0x00, 0x00, 0xef, 0xf0, 0x00, 0x00, 0x00, 0x00,
    0x00, 0x00, 0x00, 0x00, 0x00, 0x00, 0x00, 0x00, 0x00, 0xef, 0xf1, 0x00, 0x00, 0x00, 0x00, 0x00,
    0x00, 0x00, 0x00, 0x00, 0x00, 0x00, 0x00, 0x00, 0xdf, 0xf2, 0x00, 0x00, 0x00, 0x00, 0x00, 0x00,
    0x00, 0x00, 0x00, 0x00, 0x00, 0x00, 0x00, 0xcf, 0xf3, 0x00, 0x00, 0x00, 0x00, 0x00, 0x00, 0x00,
    0x00, 0x00, 0x00, 0x00, 0x00, 0x00, 0x9f, 0xf6, 0x00, 0x00, 0x00, 0x00, 0x00, 0x00, 0x00, 0x00,
    0x00, 0x00, 0x00, 0x00, 0x00, 0x7f, 0xf9, 0x00, 0x00, 0x00, 0x00, 0x00, 0x00, 0x00, 0x00, 0x00,
    0x00, 0x00, 0x00, 0x00, 0x2f, 0xfd, 0x00, 0x00, 0x00, 0x00, 0x00, 0x00, 0x00, 0x00, 0x00, 0x00,
    0x00, 0x24, 0x41, 0x0d, 0xff, 0x40, 0x00, 0x00, 0x00, 0x00, 0x00, 0x00, 0x00, 0x00, 0x00, 0x00,
    0xdf, 0xf4, 0x07, 0xff, 0xa0, 0x00, 0x00, 0x00, 0x00, 0x00, 0x00, 0x00, 0x00, 0x00, 0x04, 0xff,
    0xe0, 0x01, 0xef, 0xf4, 0x00, 0x00, 0x00, 0x00, 0x00, 0x00, 0x00, 0x00, 0x00, 0x0b, 0xff, 0xa0,
    0x00, 0x8f, 0xfd, 0x10, 0x00, 0x00, 0x00, 0x00, 0x00, 0x00, 0x00, 0x00, 0x5f, 0xff, 0x30, 0x00,
    0x0d, 0xff, 0xa0, 0x00, 0x00, 0x00, 0x00, 0x00, 0x00, 0x00, 0x02, 0xef, 0xf9, 0x00, 0x00, 0x03,
    0xef, 0xfa, 0x00, 0x00, 0x00, 0x00, 0x00, 0x00, 0x00, 0x2d, 0xff, 0xd1, 0x00, 0x00, 0x00, 0x5e,
    0xff, 0xd4, 0x00, 0x00, 0x00, 0x00, 0x00, 0x05, 0xef, 0xfe, 0x30, 0x00, 0x00, 0x00, 0x04, 0xef,
    0xff, 0xb5, 0x10, 0x00, 0x00, 0x26, 0xcf, 0xff, 0xd3, 0x00, 0x00, 0x00, 0x00, 0x00, 0x2c, 0xff,
    0xff, 0xfd, 0xbb, 0xcd, 0xff, 0xff, 0xfb, 0x10, 0x00, 0x00, 0x00, 0x00, 0x00, 0x00, 0x5c, 0xff,
    0xff, 0xff, 0xff, 0xff, 0xfb, 0x40, 0x00, 0x00, 0x00, 0x00, 0x00, 0x00, 0x00, 0x00, 0x37, 0xad,
    0xee, 0xdc, 0xa7, 0x30, 0x00, 0x00, 0x00, 0x00, 0xff, 0xff, 0xff, 0xff, 0xff, 0xfe, 0xdc, 0xa7,
    0x30, 0x00, 0x00, 0x00, 0x00, 0x00, 0xff, 0xff, 0xff, 0xff, 0xff, 0xff, 0xff, 0xff, 0xfd, 0x60,
    0x00, 0x00, 0x00, 0x00, 0xff, 0xfb, 0xbb, 0xbb, 0xbb, 0xbb, 0xce, 0xff, 0xff, 0xfd, 0x40, 0x00,
    0x00, 0x00, 0xff, 0xf0, 0x00, 0x00, 0x00, 0x00, 0x00, 0x26, 0xbf, 0xff, 0xf7, 0x00, 0x00, 0x00,
    0xff, 0xf0, 0x00, 0x00, 0x00, 0x00, 0x00, 0x00, 0x03, 0xcf, 0xff, 0x80, 0x00, 0x00, 0xff, 0xf0,
    0x00, 0x00, 0x00, 0x00, 0x00, 0x00, 0x00, 0x08, 0xff, 0xf6, 0x00, 0x00, 0xff, 0xf0, 0x00, 0x00,
    0x00, 0x00, 0x00, 0x00, 0x00, 0x00, 0x8f, 0xfe, 0x20, 0x00, 0xff, 0xf0, 0x00, 0x00, 0x00, 0x00,
    0x00, 0x00, 0x00, 0x00, 0x0b, 0xff, 0xb0, 0x00, 0xff, 0xf0, 0x00, 0x00, 0x00, 0x00, 0x00, 0x00,
    0x00, 0x00, 0x02, 0xef, 0xf3, 0x00, 0xff, 0xf0, 0x00, 0x00, 0x00, 0x00, 0x00, 0x00, 0x00, 0x00,
    0x00, 0x8f, 0xf9, 0x00, 0xff, 0xf0, 0x00, 0x00, 0x00, 0x00, 0x00, 0x00, 0x00, 0x00, 0x00, 0x2f,
    0xfe, 0x00, 0xff, 0xf0, 0x00, 0x00, 0x00, 0x00, 0x00, 0x00, 0x00, 0x00, 0x00, 0x0c, 0xff, 0x40,
    0xff, 0xf0, 0x00, 0x00, 0x00, 0x00, 0x00, 0x00, 0x00, 0x00, 0x00, 0x08, 0xff, 0x70, 0xff, 0xf0,
    0x00, 0x00, 0x00, 0x00, 0x00, 0x00, 0x00, 0x00, 0x00, 0x05, 0xff, 0xa0, 0xff, 0xf0, 0x00, 0x00,
    0x00, 0x00, 0x00, 0x00, 0x00, 0x00, 0x00, 0x03, 0xff, 0xc0, 0xff, 0xf0, 0x00, 0x00, 0x00, 0x00,
    0x00, 0x00, 0x00, 0x00, 0x00, 0x01, 0xff, 0xd0, 0xff, 0xf0, 0x00, 0x00, 0x00, 0x00, 0x00, 0x00,
    0x00, 0x00, 0x00, 0x01, 0xff, 0xe0, 0xff, 0xf0, 0x00, 0x00, 0x00, 0x00, 0x00, 0x00, 0x00, 0x00,
    0x00, 0x00, 0xff, 0xe0, 0xff, 0xf0, 0x00, 0x00, 0x00, 0x00, 0x00, 0x00, 0x00, 0x00, 0x00, 0x01,
    0xff, 0xe0, 0xff, 0xf0, 0x00, 0x00, 0x00, 0x00, 0x00, 0x00, 0x00, 0x00, 0x00, 0x02, 0xff, 0xd0,
    0xff, 0xf0, 0x00, 0x00, 0x00, 0x00, 0x00, 0x00, 0x00, 0x00, 0x00, 0x04, 0xff, 0xc0, 0xff, 0xf0,
    0x00, 0x00, 0x00, 0x00, 0x00, 0x00, 0x00, 0x00, 0x00, 0x06, 0xff, 0x90, 0xff, 0xf0, 0x00, 0x00,
    0x00, 0x00, 0x00, 0x00, 0x00, 0x00, 0x00, 0x09, 0xff, 0x70, 0xff, 0xf0, 0x00, 0x00, 0x00, 0x00,
    0x00, 0x00, 0x00, 0x00, 0x00, 0x0d, 0xff, 0x30, 0xff, 0xf0, 0x00, 0x00, 0x00, 0x00, 0x00, 0x00,
    0x00, 0x00, 0x00, 0x3f, 0xfe, 0x00, 0xff, 0xf0, 0x00, 0x00, 0x00, 0x00, 0x00, 0x00, 0x00, 0x00,
    0x00, 0xaf, 0xf9, 0x00, 0xff, 0xf0, 0x00, 0x00, 0x00, 0x00, 0x00, 0x00, 0x00, 0x00, 0x03, 0xff,
    0xf2, 0x00, 0xff, 0xf0, 0x00, 0x00, 0x00, 0x00, 0x00, 0x00, 0x00, 0x00, 0x0c, 0xff, 0x90, 0x00,
    0xff, 0xf0, 0x00, 0x00, 0x00, 0x00, 0x00, 0x00, 0x00, 0x00, 0xaf, 0xfe, 0x10, 0x00, 0xff, 0xf0,
    0x00, 0x00, 0x00, 0x00, 0x00, 0x00, 0x00, 0x1b, 0xff, 0xe4, 0x00, 0x00, 0xff, 0xf0, 0x00, 0x00,
    0x00, 0x00, 0x00, 0x00, 0x05, 0xdf, 0xfe, 0x60, 0x00, 0x00, 0xff, 0xf0, 0x00, 0x00, 0x00, 0x00,
    0x00, 0x38, 0xdf, 0xff, 0xe5, 0x00, 0x00, 0x00, 0xff, 0xfb, 0xbb, 0xbb, 0xbb, 0xbc, 0xde, 0xff,
    0xff, 0xfb, 0x20, 0x00, 0x00, 0x00, 0xff, 0xff, 0xff, 0xff, 0xff, 0xff, 0xff, 0xff, 0xeb, 0x40,
    0x00, 0x00, 0x00, 0x00, 0xff, 0xff, 0xff, 0xff, 0xff, 0xee, 0xdb, 0x85, 0x10, 0x00, 0x00, 0x00,
    0x00, 0x00, 0xff, 0xff, 0xff, 0xff, 0xff, 0xff, 0xff, 0xff, 0xff, 0xff, 0xff, 0xff, 0xff, 0xff,
    0xff, 0xff, 0xff, 0xff, 0xff, 0xff, 0xff, 0xff, 0xff, 0xfb, 0xbb, 0xbb, 0xbb, 0xbb, 0xbb, 0xbb,
    0xbb, 0xbb, 0xbb, 0xff, 0xf0, 0x00, 0x00, 0x00, 0x00, 0x00, 0x00, 0x00, 0x00, 0x00, 0xff, 0xf0,
    0x00, 0x00, 0x00, 0x00, 0x00, 0x00, 0x00, 0x00, 0x00, 0xff, 0xf0, 0x00, 0x00, 0x00, 0x00, 0x00,
    0x00, 0x00, 0x00, 0x00, 0xff, 0xf0, 0x00, 0x00, 0x00, 0x00, 0x00, 0x00, 0x00, 0x00, 0x00, 0xff,
    0xf0, 0x00, 0x00, 0x00, 0x00, 0x00, 0x00, 0x00, 0x00, 0x00, 0xff, 0xf0, 0x00, 0x00, 0x00, 0x00,
    0x00, 0x00, 0x00, 0x00, 0x00, 0xff, 0xf0, 0x00, 0x00, 0x00, 0x00, 0x00, 0x00, 0x00, 0x00, 0x00,
    0xff, 0xf0, 0x00, 0x00, 0x00, 0x00, 0x00, 0x00, 0x00, 0x00, 0x00, 0xff, 0xf0, 0x00, 0x00, 0x00,
    0x00, 0x00, 0x00, 0x00, 0x00, 0x00, 0xff, 0xf0, 0x00, 0x00, 0x00, 0x00, 0x00, 0x00, 0x00, 0x00,
    0x00, 0xff, 0xf0, 0x00, 0x00, 0x00, 0x00, 0x00, 0x00, 0x00, 0x00, 0x00, 0xff, 0xf0, 0x00, 0x00,
    0x00, 0x00, 0x00, 0x00, 0x00, 0x00, 0x00, 0xff, 0xf0, 0x00, 0x00, 0x00, 0x00, 0x00, 0x00, 0x00,
    0x00, 0x00, 0xff, 0xff, 0xff, 0xff, 0xff, 0xff, 0xff, 0xff, 0xff, 0xff, 0x70, 0xff, 0xff, 0xff,
    0xff, 0xff, 0xff, 0xff, 0xff, 0xff, 0xff, 0x70, 0xff, 0xfb, 0xbb, 0xbb, 0xbb, 0xbb, 0xbb, 0xbb,
    0xbb, 0xbb, 0x50, 0xff, 0xf0, 0x00, 0x00, 0x00, 0x00, 0x00, 0x00, 0x00, 0x00, 0x00, 0xff, 0xf0,
    0x00, 0x00, 0x00, 0x00, 0x00, 0x00, 0x00, 0x00, 0x00, 0xff, 0xf0, 0x00, 0x00, 0x00, 0x00, 0x00,
    0x00, 0x00, 0x00, 0x00, 0xff, 0xf0, 0x00, 0x00, 0x00, 0x00, 0x00, 0x00, 0x00, 0x00, 0x00, 0xff,
    0xf0, 0x00, 0x00, 0x00, 0x00, 0x00, 0x00, 0x00, 0x00, 0x00, 0xff, 0xf0, 0x00, 0x00, 0x00, 0x00,
    0x00, 0x00, 0x00, 0x00, 0x00, 0xff, 0xf0, 0x00, 0x00, 0x00, 0x00, 0x00, 0x00, 0x00, 0x00, 0x00,
    0xff, 0xf0, 0x00, 0x00, 0x00, 0x00, 0x00, 0x00, 0x00, 0x00, 0x00, 0xff, 0xf0, 0x00, 0x00, 0x00,
    0x00, 0x00, 0x00, 0x00, 0x00, 0x00, 0xff, 0xf0, 0x00, 0x00, 0x00, 0x00, 0x00, 0x00, 0x00, 0x00,
    0x00, 0xff, 0xf0, 0x00, 0x00, 0x00, 0x00, 0x00, 0x00, 0x00, 0x00, 0x00, 0xff, 0xf0, 0x00, 0x00,
    0x00, 0x00, 0x00, 0x00, 0x00, 0x00, 0x00, 0xff, 0xf0, 0x00, 0x00, 0x00, 0x00, 0x00, 0x00, 0x00,
    0x00, 0x00, 0xff, 0xfb, 0xbb, 0xbb, 0xbb, 0xbb, 0xbb, 0xbb, 0xbb, 0xbb, 0xbb, 0xff, 0xff, 0xff,
    0xff, 0xff, 0xff, 0xff, 0xff, 0xff, 0xff, 0xff, 0xff, 0xff, 0xff, 0xff, 0xff, 0xff, 0xff, 0xff,
    0xff, 0xff, 0xff, 0xff, 0xff, 0xff, 0xff, 0xff, 0xff, 0xff, 0xff, 0xff, 0xff, 0xf7, 0xff, 0xff,
    0xff, 0xff, 0xff, 0xff, 0xff, 0xff, 0xff, 0xff, 0xf7, 0xff, 0xfb, 0xbb, 0xbb, 0xbb, 0xbb, 0xbb,
    0xbb, 0xbb, 0xbb, 0xb5, 0xff, 0xf0, 0x00, 0x00, 0x00, 0x00, 0x00, 0x00, 0x00, 0x00, 0x00, 0xff,
    0xf0, 0x00, 0x00, 0x00, 0x00, 0x00, 0x00, 0x00, 0x00, 0x00, 0xff, 0xf0, 0x00, 0x00, 0x00, 0x00,
    0x00, 0x00, 0x00, 0x00, 0x00, 0xff, 0xf0, 0x00, 0x00, 0x00, 0x00, 0x00, 0x00, 0x00, 0x00, 0x00,
    0xff, 0xf0, 0x00, 0x00, 0x00, 0x00, 0x00, 0x00, 0x00, 0x00, 0x00, 0xff, 0xf0, 0x00, 0x00, 0x00,
    0x00, 0x00, 0x00, 0x00, 0x00, 0x00, 0xff, 0xf0, 0x00, 0x00, 0x00, 0x00, 0x00, 0x00, 0x00, 0x00,
    0x00, 0xff, 0xf0, 0x00, 0x00, 0x00, 0x00, 0x00, 0x00, 0x00, 0x00, 0x00, 0xff, 0xf0, 0x00, 0x00,
    0x00, 0x00, 0x00, 0x00, 0x00, 0x00, 0x00, 0xff, 0xf0, 0x00, 0x00, 0x00, 0x00, 0x00, 0x00, 0x00,
    0x00, 0x00, 0xff, 0xf0, 0x00, 0x00, 0x00, 0x00, 0x00, 0x00, 0x00, 0x00, 0x00, 0xff, 0xf0, 0x00,
    0x00, 0x00, 0x00, 0x00, 0x00, 0x00, 0x00, 0x00, 0xff, 0xf0, 0x00, 0x00, 0x00, 0x00, 0x00, 0x00,
    0x00, 0x00, 0x00, 0xff, 0xff, 0xff, 0xff, 0xff, 0xff, 0xff, 0xff, 0xff, 0xf7, 0x00, 0xff, 0xff,
    0xff, 0xff, 0xff, 0xff, 0xff, 0xff, 0xff, 0xf7, 0x00, 0xff, 0xfb, 0xbb, 0xbb, 0xbb, 0xbb, 0xbb,
    0xbb, 0xbb, 0xb5, 0x00, 0xff, 0xf0, 0x00, 0x00, 0x00, 0x00, 0x00, 0x00, 0x00, 0x00, 0x00, 0xff,
    0xf0, 0x00, 0x00, 0x00, 0x00, 0x00, 0x00, 0x00, 0x00, 0x00, 0xff, 0xf0, 0x00, 0x00, 0x00, 0x00,
    0x00, 0x00, 0x00, 0x00, 0x00, 0xff, 0xf0, 0x00, 0x00, 0x00, 0x00, 0x00, 0x00, 0x00, 0x00, 0x00,
    0xff, 0xf0, 0x00, 0x00, 0x00, 0x00, 0x00, 0x00, 0x00, 0x00, 0x00, 0xff, 0xf0, 0x00, 0x00, 0x00,
    0x00, 0x00, 0x00, 0x00, 0x00, 0x00, 0xff, 0xf0, 0x00, 0x00, 0x00, 0x00, 0x00, 0x00, 0x00, 0x00,
    0x00, 0xff, 0xf0, 0x00, 0x00, 0x00, 0x00, 0x00, 0x00, 0x00, 0x00, 0x00, 0xff, 0xf0, 0x00, 0x00,
    0x00, 0x00, 0x00, 0x00, 0x00, 0x00, 0x00, 0xff, 0xf0, 0x00, 0x00, 0x00, 0x00, 0x00, 0x00, 0x00,
    0x00, 0x00, 0xff, 0xf0, 0x00, 0x00, 0x00, 0x00, 0x00, 0x00, 0x00, 0x00, 0x00, 0xff, 0xf0, 0x00,
    0x00, 0x00, 0x00, 0x00, 0x00, 0x00, 0x00, 0x00, 0xff, 0xf0, 0x00, 0x00, 0x00, 0x00, 0x00, 0x00,
    0x00, 0x00, 0x00, 0xff, 0xf0, 0x00, 0x00, 0x00, 0x00, 0x00, 0x00, 0x00, 0x00, 0x00, 0xff, 0xf0,
    0x00, 0x00, 0x00, 0x00, 0x00, 0x00, 0x00, 0x00, 0x00, 0xff, 0xf0, 0x00, 0x00, 0x00, 0x00, 0x00,
    0x00, 0x00, 0x00, 0x00, 0x00, 0x00, 0x00, 0x00, 0x00, 0x27, 0xac, 0xee, 0xdc, 0xa7, 0x30, 0x00,
    0x00, 0x00, 0x00, 0x00, 0x00, 0x00, 0x00, 0x4c, 0xff, 0xff, 0xff, 0xff, 0xff, 0xfc, 0x50, 0x00,
    0x00, 0x00, 0x00, 0x00, 0x00, 0x1b, 0xff, 0xff, 0xfd, 0xcb, 0xcd, 0xff, 0xff, 0xfb, 0x20, 0x00,
    0x00, 0x00, 0x00, 0x04, 0xef, 0xff, 0xb6, 0x10, 0x00, 0x00, 0x15, 0xcf, 0xff, 0xe4, 0x00, 0x00,
    0x00, 0x00, 0x4e, 0xff, 0xd4, 0x00, 0x00, 0x00, 0x00, 0x00, 0x04, 0xdf, 0xfe, 0x40, 0x00, 0x00,
    0x02, 0xef, 0xfb, 0x10, 0x00, 0x00, 0x00, 0x00, 0x00, 0x00, 0x1b, 0xff, 0xe2, 0x00, 0x00, 0x0d,
    0xff, 0xb0, 0x00, 0x00, 0x00, 0x00, 0x00, 0x00, 0x00, 0x00, 0xbf, 0xfc, 0x00, 0x00, 0x7f, 0xfd,
    0x10, 0x00, 0x00, 0x00, 0x00, 0x00, 0x00, 0x00, 0x00, 0x1d, 0xff, 0x60, 0x01, 0xef, 0xf4, 0x00,
    0x00, 0x00, 0x00, 0x00, 0x00, 0x00, 0x00, 0x00, 0x06, 0xff, 0xd0, 0x07, 0xff, 0xb0, 0x00, 0x00,
    0x00, 0x00, 0x00, 0x00, 0x00, 0x00, 0x00, 0x00, 0xdf, 0xf4, 0x0d, 0xff, 0x40, 0x00, 0x00, 0x00,
    0x00, 0x00, 0x00, 0x00, 0x00, 0x00, 0x00, 0x8f, 0xf8, 0x2f, 0xfd, 0x00, 0x00, 0x00, 0x00, 0x00,
    0x00, 0x00, 0x00, 0x00, 0x00, 0x00, 0x14, 0x43, 0x6f, 0xf9, 0x00, 0x00, 0x00, 0x00, 0x00, 0x00,
    0x00, 0x00, 0x00, 0x00, 0x00, 0x00, 0x00, 0x9f, 0xf6, 0x00, 0x00, 0x00, 0x00, 0x00, 0x00, 0x00,
    0x00, 0x00, 0x00, 0x00, 0x00, 0x00, 0xcf, 0xf4, 0x00, 0x00, 0x00, 0x00, 0x00, 0x00, 0x00, 0x00,
    0x00, 0x00, 0x00, 0x00, 0x00, 0xdf, 0xf2, 0x00, 0x00, 0x00, 0x00, 0x00, 0x00, 0x00, 0x00, 0x00,
    0x00, 0x00, 0x00, 0x00, 0xef, 0xf1, 0x00, 0x00, 0x00, 0x00, 0x00, 0x00, 0x00, 0x00, 0x00, 0x00,
    0x00, 0x00, 0x00, 0xef, 0xf0, 0x00, 0x00, 0x00, 0x00, 0x00, 0x00, 0x00, 0x00, 0x00, 0x00, 0x00,
    0x00, 0x00, 0xef, 0xf1, 0x00, 0x00, 0x00, 0x00, 0x00, 0x00, 0x4f, 0xff, 0xff, 0xff, 0xff, 0xff,
    0xff, 0xdf, 0xf2, 0x00, 0x00, 0x00, 0x00, 0x00, 0x00, 0x4f, 0xff, 0xff, 0xff, 0xff, 0xff, 0xff,
    0xcf, 0xf4, 0x00, 0x00, 0x00, 0x00, 0x00, 0x00, 0x3b, 0xbb, 0xbb, 0xbb, 0xbb, 0xbf, 0xff, 0x9f,
    0xf6, 0x00, 0x00, 0x00, 0x00, 0x00, 0x00, 0x00, 0x00, 0x00, 0x00, 0x00, 0x1f, 0xfe, 0x6f, 0xfa,
    0x00, 0x00, 0x00, 0x00, 0x00, 0x00, 0x00, 0x00, 0x00, 0x00, 0x00, 0x2f, 0xfd, 0x2f, 0xfd, 0x00,
    0x00, 0x00, 0x00, 0x00, 0x00, 0x00, 0x00, 0x00, 0x00, 0x00, 0x5f, 0xfb, 0x0d, 0xff, 0x40, 0x00,
    0x00, 0x00, 0x00, 0x00, 0x00, 0x00, 0x00, 0x00, 0x00, 0x9f, 0xf8, 0x07, 0xff, 0xb0, 0x00, 0x00,
    0x00, 0x00, 0x00, 0x00, 0x00, 0x00, 0x00, 0x00, 0xdf, 0xf4, 0x01, 0xef, 0xf4, 0x00, 0x00, 0x00,
    0x00, 0x00, 0x00, 0x00, 0x00, 0x00, 0x06, 0xff, 0xd0, 0x00, 0x7f, 0xfd, 0x10, 0x00, 0x00, 0x00,
    0x00, 0x00, 0x00, 0x00, 0x00, 0x1e, 0xff, 0x60, 0x00, 0x0c, 0xff, 0xb0, 0x00, 0x00, 0x00, 0x00,
    0x00, 0x00, 0x00, 0x00, 0xbf, 0xfc, 0x00, 0x00, 0x02, 0xef, 0xfb, 0x10, 0x00, 0x00, 0x00, 0x00,
    0x00, 0x00, 0x0b, 0xff, 0xe3, 0x00, 0x00, 0x00, 0x4e, 0xff, 0xd4, 0x00, 0x00, 0x00, 0x00, 0x00,
    0x03, 0xdf, 0xff, 0x50, 0x00, 0x00, 0x00, 0x04, 0xef, 0xff, 0xb6, 0x10, 0x00, 0x00, 0x15, 0xbf,
    0xff, 0xe5, 0x00, 0x00, 0x00, 0x00, 0x00, 0x1b, 0xff, 0xff, 0xfd, 0xcb, 0xbd, 0xff, 0xff, 0xfc,
    0x30, 0x00, 0x00, 0x00, 0x00, 0x00, 0x00, 0x4c, 0xff, 0xff, 0xff, 0xff, 0xff, 0xfd, 0x60, 0x00,
    0x00, 0x00, 0x00, 0x00, 0x00, 0x00, 0x00, 0x27, 0xad, 0xee, 0xed, 0xb8, 0x30, 0x00, 0x00, 0x00,
    0x00, 0xff, 0xf0, 0x00, 0x00, 0x00, 0x00, 0x00, 0x00, 0x00, 0x00, 0x00, 0x0f, 0xff, 0x00, 0xff,
    0xf0, 0x00, 0x00, 0x00, 0x00, 0x00, 0x00, 0x00, 0x00, 0x00, 0x0f, 0xff, 0x00, 0xff, 0xf0, 0x00,
    0x00, 0x00, 0x00, 0x00, 0x00, 0x00, 0x00, 0x00, 0x0f, 0xff, 0x00, 0xff, 0xf0, 0x00, 0x00, 0x00,
    0x00, 0x00, 0x00, 0x00, 0x00, 0x00, 0x0f, 0xff, 0x00, 0xff, 0xf0, 0x00, 0x00, 0x00, 0x00, 0x00,
    0x00, 0x00, 0x00, 0x00, 0x0f, 0xff, 0x00, 0xff, 0xf0, 0x00, 0x00, 0x00, 0x00, 0x00, 0x00, 0x00,
    0x00, 0x00, 0x0f, 0xff, 0x00, 0xff, 0xf0, 0x00, 0x00, 0x00, 0x00, 0x00, 0x00, 0x00, 0x00, 0x00,
    0x0f, 0xff, 0x00, 0xff, 0xf0, 0x00, 0x00, 0x00, 0x00, 0x00, 0x00, 0x00, 0x00, 0x00, 0x0f, 0xff,
    0x00, 0xff, 0xf0, 0x00, 0x00, 0x00, 0x00, 0x00, 0x00, 0x00, 0x00, 0x00, 0x0f, 0xff, 0x00, 0xff,
    0xf0, 0x00, 0x00, 0x00, 0x00, 0x00, 0x00, 0x00, 0x00, 0x00, 0x0f, 0xff, 0x00, 0xff, 0xf0, 0x00,
    0x00, 0x00, 0x00, 0x00, 0x00, 0x00, 0x00, 0x00, 0x0f, 0xff, 0x00, 0xff, 0xf0, 0x00, 0x00, 0x00,
    0x00, 0x00, 0x00, 0x00, 0x00, 0x00, 0x0f, 0xff, 0x00, 0xff, 0xf0, 0x00, 0x00, 0x00, 0x00, 0x00,
    0x00, 0x00, 0x00, 0x00, 0x0f, 0xff, 0x00, 0xff, 0xf0, 0x00, 0x00, 0x00, 0x00, 0x00, 0x00, 0x00,
    0x00, 0x00, 0x0f, 0xff, 0x00, 0xff, 0xf0, 0x00, 0x00, 0x00, 0x00, 0x00, 0x00, 0x00, 0x00, 0x00,
    0x0f, 0xff, 0x00, 0xff, 0xf0, 0x00, 0x00, 0x00, 0x00, 0x00, 0x00, 0x00, 0x00, 0x00, 0x0f, 0xff,
    0x00, 0xff, 0xff, 0xff, 0xff, 0xff, 0xff, 0xff, 0xff, 0xff, 0xff, 0xff, 0xff, 0xff, 0x00, 0xff,
    0xff, 0xff, 0xff, 0xff, 0xff, 0xff, 0xff, 0xff, 0xff, 0xff, 0xff, 0xff, 0x00, 0xff, 0xfb, 0xbb,
    0xbb, 0xbb, 0xbb, 0xbb, 0xbb, 0xbb, 0xbb, 0xbb, 0xbf, 0xff, 0x00, 0xff, 0xf0, 0x00, 0x00, 0x00,
    0x00, 0x00, 0x00, 0x00, 0x00, 0x00, 0x0f, 0xff, 0x00, 0xff, 0xf0, 0x00, 0x00, 0x00, 0x00, 0x00,
    0x00, 0x00, 0x00, 0x00, 0x0f, 0xff, 0x00, 0xff, 0xf0, 0x00, 0x00, 0x00, 0x00, 0x00, 0x00, 0x00,
    0x00, 0x00, 0x0f, 0xff, 0x00, 0xff, 0xf0, 0x00, 0x00, 0x00, 0x00, 0x00, 0x00, 0x00, 0x00, 0x00,
    0x0f, 0xff, 0x00, 0xff, 0xf0, 0x00, 0x00, 0x00, 0x00, 0x00, 0x00, 0x00, 0x00, 0x00, 0x0f, 0xff,
    0x00, 0xff, 0xf0, 0x00, 0x00, 0x00, 0x00, 0x00, 0x00, 0x00, 0x00, 0x00, 0x0f, 0xff, 0x00, 0xff,
    0xf0, 0x00, 0x00, 0x00, 0x00, 0x00, 0x00, 0x00, 0x00, 0x00, 0x0f, 0xff, 0x00, 0xff, 0xf0, 0x00,
    0x00, 0x00, 0x00, 0x00, 0x00, 0x00, 0x00, 0x00, 0x0f, 0xff, 0x00, 0xff, 0xf0, 0x00, 0x00, 0x00,
    0x00, 0x00, 0x00, 0x00, 0x00, 0x00, 0x0f, 0xff, 0x00, 0xff, 0xf0, 0x00, 0x00, 0x00, 0x00, 0x00,
    0x00, 0x00, 0x00, 0x00, 0x0f, 0xff, 0x00, 0xff, 0xf0, 0x00, 0x00, 0x00, 0x00, 0x00, 0x00, 0x00,
    0x00, 0x00, 0x0f, 0xff, 0x00, 0xff, 0xf0, 0x00, 0x00, 0x00, 0x00, 0x00, 0x00, 0x00, 0x00, 0x00,
    0x0f, 0xff, 0x00, 0xff, 0xf0, 0x00, 0x00, 0x00, 0x00, 0x00, 0x00, 0x00, 0x00, 0x00, 0x0f, 0xff,
    0x00, 0xff, 0xf0, 0x00, 0x00, 0x00, 0x00, 0x00, 0x00, 0x00, 0x00, 0x00, 0x0f, 0xff, 0x00, 0xff,
    0xf0, 0x00, 0x00, 0x00, 0x00, 0x00, 0x00, 0x00, 0x00, 0x00, 0x0f, 0xff, 0x00, 0xff, 0xf0, 0x00,
    0x00, 0x00, 0x00, 0x00, 0x00, 0x00, 0x00, 0x00, 0x0f, 0xff, 0x00, 0xff, 0xf0, 0xff, 0xf0, 0xff,
    0xf0, 0xff, 0xf0, 0xff, 0xf0, 0xff, 0xf0, 0xff, 0xf0, 0xff, 0xf0, 0xff, 0xf0, 0xff, 0xf0, 0xff,
    0xf0, 0xff, 0xf0, 0xff, 0xf0, 0xff, 0xf0, 0xff, 0xf0, 0xff, 0xf0, 0xff, 0xf0, 0xff, 0xf0, 0xff,
    0xf0, 0xff, 0xf0, 0xff, 0xf0, 0xff, 0xf0, 0xff, 0xf0, 0xff, 0xf0, 0xff, 0xf0, 0xff, 0xf0, 0xff,
    0xf0, 0xff, 0xf0, 0xff, 0xf0, 0xff, 0xf0, 0xff, 0xf0, 0xff, 0xf0, 0xff, 0xf0, 0xff, 0xf0, 0xff,
    0xf0, 0x00, 0x00, 0x00, 0x00, 0x00, 0x00, 0x00, 0x00, 0x0f, 0xff, 0x00, 0x00, 0x00, 0x00, 0x00,
    0x00, 0x00, 0x00, 0x0f, 0xff, 0x00, 0x00, 0x00, 0x00, 0x00, 0x00, 0x00, 0x00, 0x0f, 0xff, 0x00,
    0x00, 0x00, 0x00, 0x00, 0x00, 0x00, 0x00, 0x0f, 0xff, 0x00, 0x00, 0x00, 0x00, 0x00, 0x00, 0x00,
    0x00, 0x0f, 0xff, 0x00, 0x00, 0x00, 0x00, 0x00, 0x00, 0x00, 0x00, 0x0f, 0xff, 0x00, 0x00, 0x00,
    0x00, 0x00, 0x00, 0x00, 0x00, 0x0f, 0xff, 0x00, 0x00, 0x00, 0x00, 0x00, 0x00, 0x00, 0x00, 0x0f,
    0xff, 0x00, 0x00, 0x00, 0x00, 0x00, 0x00, 0x00, 0x00, 0x0f, 0xff, 0x00, 0x00, 0x00, 0x00, 0x00,
    0x00, 0x00, 0x00, 0x0f, 0xff, 0x00, 0x00, 0x00, 0x00, 0x00, 0x00, 0x00, 0x00, 0x0f, 0xff, 0x00,
    0x00, 0x00, 0x00, 0x00, 0x00, 0x00, 0x00, 0x0f, 0xff, 0x00, 0x00, 0x00, 0x00, 0x00, 0x00, 0x00,
    0x00, 0x0f, 0xff, 0x00, 0x00, 0x00, 0x00, 0x00, 0x00, 0x00, 0x00, 0x0f, 0xff, 0x00, 0x00, 0x00,
    0x00, 0x00, 0x00, 0x00, 0x00, 0x0f, 0xff, 0x00, 0x00, 0x00, 0x00, 0x00, 0x00, 0x00, 0x00, 0x0f,
    0xff, 0x00, 0x00, 0x00, 0x00, 0x00, 0x00, 0x00, 0x00, 0x0f, 0xff, 0x00, 0x00, 0x00, 0x00, 0x00,
    0x00, 0x00, 0x00, 0x0f, 0xff, 0x00, 0x00, 0x00, 0x00, 0x00, 0x00, 0x00, 0x00, 0x0f, 0xff, 0x00,
    0x00, 0x00, 0x00, 0x00, 0x00, 0x00, 0x00, 0x0f, 0xff, 0x00, 0x00, 0x00, 0x00, 0x00, 0x00, 0x00,
    0x00, 0x0f, 0xff, 0x00, 0x00, 0x00, 0x00, 0x00, 0x00, 0x00, 0x00, 0x0f, 0xff, 0x00, 0x00, 0x00,
    0x00, 0x00, 0x00, 0x00, 0x00, 0x0f, 0xff, 0xbb, 0xb0, 0x00, 0x00, 0x00, 0x00, 0x00, 0x00, 0x0f,
    0xff, 0xff, 0xf0, 0x00, 0x00, 0x00, 0x00, 0x00, 0x00, 0x0f, 0xff, 0xef, 0xf1, 0x00, 0x00, 0x00,
    0x00, 0x00, 0x00, 0x1f, 0xfe, 0xdf, 0xf2, 0x00, 0x00, 0x00, 0x00, 0x00, 0x00, 0x2f, 0xfd, 0xbf,
    0xf5, 0x00, 0x00, 0x00, 0x00, 0x00, 0x00, 0x5f, 0xfb, 0x7f, 0xfa, 0x00, 0x00, 0x00, 0x00, 0x00,
    0x00, 0xaf, 0xf7, 0x2e, 0xff, 0x30, 0x00, 0x00, 0x00, 0x00, 0x04, 0xff, 0xe2, 0x0a, 0xff, 0xd2,
    0x00, 0x00, 0x00, 0x00, 0x3d, 0xff, 0x90, 0x01, 0xdf, 0xfe, 0x71, 0x00, 0x00, 0x18, 0xef, 0xfc,
    0x10, 0x00, 0x2d, 0xff, 0xff, 0xdb, 0xbd, 0xff, 0xff, 0xc2, 0x00, 0x00, 0x01, 0x9e, 0xff, 0xff,
    0xff, 0xff, 0xe9, 0x00, 0x00, 0x00, 0x00, 0x02, 0x7b, 0xde, 0xed, 0xb7, 0x10, 0x00, 0x00, 0xff,
    0xf0, 0x00, 0x00, 0x00, 0x00, 0x00, 0x00, 0x00, 0x01, 0xcf, 0xfe, 0x30, 0xff, 0xf0, 0x00, 0x00,
    0x00, 0x00, 0x00, 0x00, 0x00, 0x0c, 0xff, 0xe4, 0x00, 0xff, 0xf0, 0x00, 0x00, 0x00, 0x00, 0x00,
    0x00, 0x00, 0xbf, 0xfe, 0x50, 0x00, 0xff, 0xf0, 0x00, 0x00, 0x00, 0x00, 0x00, 0x00, 0x0a, 0xff,
    0xf6, 0x00, 0x00, 0xff, 0xf0, 0x00, 0x00, 0x00, 0x00, 0x00, 0x00, 0x9f, 0xff, 0x70, 0x00, 0x00,
    0xff, 0xf0, 0x00, 0x00, 0x00, 0x00, 0x00, 0x08, 0xff, 0xf8, 0x00, 0x00, 0x00, 0xff, 0xf0, 0x00,
    0x00, 0x00, 0x00, 0x00, 0x7f, 0xff, 0x90, 0x00, 0x00, 0x00, 0xff, 0xf0, 0x00, 0x00, 0x00, 0x00,
    0x06, 0xff, 0xfa, 0x00, 0x00, 0x00, 0x00, 0xff, 0xf0, 0x00, 0x00, 0x00, 0x00, 0x5e, 0xff, 0xb0,
    0x00, 0x00, 0x00, 0x00, 0xff, 0xf0, 0x00, 0x00, 0x00, 0x04, 0xef, 0xfc, 0x00, 0x00, 0x00, 0x00,
    0x00, 0xff, 0xf0, 0x00, 0x00, 0x00, 0x3e, 0xff, 0xc1, 0x00, 0x00, 0x00, 0x00, 0x00, 0xff, 0xf0,
    0x00, 0x00, 0x02, 0xef, 0xfd, 0x10, 0x00, 0x00, 0x00, 0x00, 0x00, 0xff, 0xf0, 0x00, 0x00, 0x1d,
    0xff, 0xd2, 0x00, 0x00, 0x00, 0x00, 0x00, 0x00, 0xff, 0xf0, 0x00, 0x01, 0xcf, 0xfe, 0x20, 0x00,
    0x00, 0x00, 0x00, 0x00, 0x00, 0xff, 0xf0, 0x00, 0x0c, 0xff, 0xf3, 0x00, 0x00, 0x00, 0x00, 0x00,
    0x00, 0x00, 0xff, 0xf0, 0x00, 0xbf, 0xff, 0xf0, 0x00, 0x00, 0x00, 0x00, 0x00, 0x00, 0x00, 0xff,
    0xf0, 0x0a, 0xff, 0xff, 0xf7, 0x00, 0x00, 0x00, 0x00, 0x00, 0x00, 0x00, 0xff, 0xf0, 0x8f, 0xfe,
    0xcf, 0xfe, 0x30, 0x00, 0x00, 0x00, 0x00, 0x00, 0x00, 0xff, 0xf8, 0xff, 0xe4, 0x0c, 0xff, 0xd0,
    0x00, 0x00, 0x00, 0x00, 0x00, 0x00, 0xff, 0xff, 0xfe, 0x50, 0x02, 0xef, 0xf9, 0x00, 0x00, 0x00,
    0x00, 0x00, 0x00, 0xff, 0xff, 0xf6, 0x00, 0x00, 0x6f, 0xff, 0x50, 0x00, 0x00, 0x00, 0x00, 0x00,
    0xff, 0xff, 0x70, 0x00, 0x00, 0x0a, 0xff, 0xe1, 0x00, 0x00, 0x00, 0x00, 0x00, 0xff, 0xf9, 0x00,
    0x00, 0x00, 0x01, 0xdf, 0xfb, 0x00, 0x00, 0x00, 0x00, 0x00, 0xff, 0xf0, 0x00, 0x00, 0x00, 0x00,
    0x4e, 0xff, 0x70, 0x00, 0x00, 0x00, 0x00, 0xff, 0xf0, 0x00, 0x00, 0x00, 0x00, 0x08, 0xff, 0xe3,
    0x00, 0x00, 0x00, 0x00, 0xff, 0xf0, 0x00, 0x00, 0x00, 0x00, 0x00, 0xcf, 0xfd, 0x00, 0x00, 0x00,
    0x00, 0xff, 0xf0, 0x00, 0x00, 0x00, 0x00, 0x00, 0x2e, 0xff, 0x90, 0x00, 0x00, 0x00, 0xff, 0xf0,
    0x00, 0x00, 0x00, 0x00, 0x00, 0x06, 0xff, 0xf5, 0x00, 0x00, 0x00, 0xff, 0xf0, 0x00, 0x00, 0x00,
    0x00, 0x00, 0x00, 0xaf, 0xfe, 0x10, 0x00, 0x00, 0xff, 0xf0, 0x00, 0x00, 0x00, 0x00, 0x00, 0x00,
    0x1d, 0xff, 0xb0, 0x00, 0x00, 0xff, 0xf0, 0x00, 0x00, 0x00, 0x00, 0x00, 0x00, 0x04, 0xef, 0xf7,
    0x00, 0x00, 0xff, 0xf0, 0x00, 0x00, 0x00, 0x00, 0x00, 0x00, 0x00, 0x8f, 0xfe, 0x30, 0x00, 0xff,
    0xf0, 0x00, 0x00, 0x00, 0x00, 0x00, 0x00, 0x00, 0x0c, 0xff, 0xc0, 0x00, 0xff, 0xf0, 0x00, 0x00,
    0x00, 0x00, 0x00, 0x00, 0x00, 0x02, 0xef, 0xf9, 0x00, 0xff, 0xf0, 0x00, 0x00, 0x00, 0x00, 0x00,
    0x00, 0x00, 0x00, 0x6f, 0xff, 0x40, 0xff, 0xf0, 0x00, 0x00, 0x00, 0x00, 0x00, 0x00, 0x00, 0x00,
    0x00, 0xff, 0xf0, 0x00, 0x00, 0x00, 0x00, 0x00, 0x00, 0x00, 0x00, 0x00, 0xff, 0xf0, 0x00, 0x00,
    0x00, 0x00, 0x00, 0x00, 0x00, 0x00, 0x00, 0xff, 0xf0, 0x00, 0x00, 0x00, 0x00, 0x00, 0x00, 0x00,
    0x00, 0x00, 0xff, 0xf0, 0x00, 0x00, 0x00, 0x00, 0x00, 0x00, 0x00, 0x00, 0x00, 0xff, 0xf0, 0x00,
    0x00, 0x00, 0x00, 0x00, 0x00, 0x00, 0x00, 0x00, 0xff, 0xf0, 0x00, 0x00, 0x00, 0x00, 0x00, 0x00,
    0x00, 0x00, 0x00, 0xff, 0xf0, 0x00, 0x00, 0x00, 0x00, 0x00, 0x00, 0x00, 0x00, 0x00, 0xff, 0xf0,
    0x00, 0x00, 0x00, 0x00, 0x00, 0x00, 0x00, 0x00, 0x00, 0xff, 0xf0, 0x00, 0x00, 0x00, 0x00, 0x00,
    0x00, 0x00, 0x00, 0x00, 0xff, 0xf0, 0x00, 0x00, 0x00, 0x00, 0x00, 0x00, 0x00, 0x00, 0x00, 0xff,
    0xf0, 0x00, 0x00, 0x00, 0x00, 0x00, 0x00, 0x00, 0x00, 0x00, 0xff, 0xf0, 0x00, 0x00, 0x00, 0x00,
    0x00, 0x00, 0x00, 0x00, 0x00, 0xff, 0xf0, 0x00, 0x00, 0x00, 0x00, 0x00, 0x00, 0x00, 0x00, 0x00,
    0xff, 0xf0, 0x00, 0x00, 0x00, 0x00, 0x00, 0x00, 0x00, 0x00, 0x00, 0xff, 0xf0, 0x00, 0x00, 0x00,
    0x00, 0x00, 0x00, 0x00, 0x00, 0x00, 0xff, 0xf0, 0x00, 0x00, 0x00, 0x00, 0x00, 0x00, 0x00, 0x00,
    0x00, 0xff, 0xf0, 0x00, 0x00, 0x00, 0x00, 0x00, 0x00, 0x00, 0x00, 0x00, 0xff, 0xf0, 0x00, 0x00,
    0x00, 0x00, 0x00, 0x00, 0x00, 0x00, 0x00, 0xff, 0xf0, 0x00, 0x00, 0x00, 0x00, 0x00, 0x00, 0x00,
    0x00, 0x00, 0xff, 0xf0, 0x00, 0x00, 0x00, 0x00, 0x00, 0x00, 0x00, 0x00, 0x00, 0xff, 0xf0, 0x00,
    0x00, 0x00, 0x00, 0x00, 0x00, 0x00, 0x00, 0x00, 0xff, 0xf0, 0x00, 0x00, 0x00, 0x00, 0x00, 0x00,
    0x00, 0x00, 0x00, 0xff, 0xf0, 0x00, 0x00, 0x00, 0x00, 0x00, 0x00, 0x00, 0x00, 0x00, 0xff, 0xf0,
    0x00, 0x00, 0x00, 0x00, 0x00, 0x00, 0x00, 0x00, 0x00, 0xff, 0xf0, 0x00, 0x00, 0x00, 0x00, 0x00,
    0x00, 0x00, 0x00, 0x00, 0xff, 0xf0, 0x00, 0x00, 0x00, 0x00, 0x00, 0x00, 0x00, 0x00, 0x00, 0xff,
    0xf0, 0x00, 0x00, 0x00, 0x00, 0x00, 0x00, 0x00, 0x00, 0x00, 0xff, 0xf0, 0x00, 0x00, 0x00, 0x00,
    0x00, 0x00, 0x00, 0x00, 0x00, 0xff, 0xf0, 0x00, 0x00, 0x00, 0x00, 0x00, 0x00, 0x00, 0x00, 0x00,
    0xff, 0xf0, 0x00, 0x00, 0x00, 0x00, 0x00, 0x00, 0x00, 0x00, 0x00, 0xff, 0xf0, 0x00, 0x00, 0x00,
    0x00, 0x00, 0x00, 0x00, 0x00, 0x00, 0xff, 0xfb, 0xbb, 0xbb, 0xbb, 0xbb, 0xbb, 0xbb, 0xbb, 0xbb,
    0x50, 0xff, 0xff, 0xff, 0xff, 0xff, 0xff, 0xff, 0xff, 0xff, 0xff, 0x70, 0xff, 0xff, 0xff, 0xff,
    0xff, 0xff, 0xff, 0xff, 0xff, 0xff, 0x70, 0xff, 0xff, 0x60, 0x00, 0x00, 0x00, 0x00, 0x00, 0x00,
    0x00, 0x00, 0x00, 0x00, 0x00, 0x6f, 0xff, 0xf0, 0xff, 0xff, 0xc0, 0x00, 0x00, 0x00, 0x00, 0x00,
    0x00, 0x00, 0x00, 0x00, 0x00, 0x00, 0xcf, 0xff, 0xf0, 0xff, 0xff, 0xf4, 0x00, 0x00, 0x00, 0x00,
    0x00, 0x00, 0x00, 0x00, 0x00, 0x00, 0x03, 0xff, 0xff, 0xf0, 0xff, 0xff, 0xfa, 0x00, 0x00, 0x00,
    0x00, 0x00, 0x00, 0x00, 0x00, 0x00, 0x00, 0x09, 0xff, 0xff, 0xf0, 0xff, 0xff, 0xfe, 0x10, 0x00,
    0x00, 0x00, 0x00, 0x00, 0x00, 0x00, 0x00, 0x00, 0x1e, 0xfe, 0xff, 0xf0, 0xff, 0xfb, 0xff, 0x70,
    0x00, 0x00, 0x00, 0x00, 0x00, 0x00, 0x00, 0x00, 0x00, 0x6f, 0xf9, 0xff, 0xf0, 0xff, 0xf5, 0xff,
    0xd0, 0x00, 0x00, 0x00, 0x00, 0x00, 0x00, 0x00, 0x00, 0x00, 0xcf, 0xf4, 0xff, 0xf0, 0xff, 0xf1,
    0xdf, 0xf4, 0x00, 0x00, 0x00, 0x00, 0x00, 0x00, 0x00, 0x00, 0x03, 0xff, 0xd0, 0xff, 0xf0, 0xff,
    0xf0, 0x8f, 0xfa, 0x00, 0x00, 0x00, 0x00, 0x00, 0x00, 0x00, 0x00, 0x09, 0xff, 0x80, 0xff, 0xf0,
    0xff, 0xf0, 0x2f, 0xfe, 0x10, 0x00, 0x00, 0x00, 0x00, 0x00, 0x00, 0x00, 0x0e, 0xff, 0x20, 0xff,
    0xf0, 0xff, 0xf0, 0x0b, 0xff, 0x70, 0x00, 0x00, 0x00, 0x00, 0x00, 0x00, 0x00, 0x6f, 0xfb, 0x00,
    0xff, 0xf0, 0xff, 0xf0, 0x05, 0xff, 0xd0, 0x00, 0x00, 0x00, 0x00, 0x00, 0x00, 0x00, 0xcf, 0xf5,
    0x00, 0xff, 0xf0, 0xff, 0xf0, 0x00, 0xef, 0xf4, 0x00, 0x00, 0x00, 0x00, 0x00, 0x00, 0x03, 0xff,
    0xe0, 0x00, 0xff, 0xf0, 0xff, 0xf0, 0x00, 0x8f, 0xfa, 0x00, 0x00, 0x00, 0x00, 0x00, 0x00, 0x09,
    0xff, 0x80, 0x00, 0xff, 0xf0, 0xff, 0xf0, 0x00, 0x2f, 0xfe, 0x10, 0x00, 0x00, 0x00, 0x00, 0x00,
    0x0e, 0xff, 0x20, 0x00, 0xff, 0xf0, 0xff, 0xf0, 0x00, 0x0b, 0xff, 0x70, 0x00, 0x00, 0x00, 0x00,
    0x00, 0x6f, 0xfb, 0x00, 0x00, 0xff, 0xf0, 0xff, 0xf0, 0x00, 0x05, 0xff, 0xd0, 0x00, 0x00, 0x00,
    0x00, 0x00, 0xcf, 0xf5, 0x00, 0x00, 0xff, 0xf0, 0xff, 0xf0, 0x00, 0x00, 0xdf, 0xf4, 0x00, 0x00,
    0x00, 0x00, 0x03, 0xff, 0xd0, 0x00, 0x00, 0xff, 0xf0, 0xff, 0xf0, 0x00, 0x00, 0x8f, 0xfa, 0x00,
    0x00, 0x00, 0x00, 0x09, 0xff, 0x80, 0x00, 0x00, 0xff, 0xf0, 0xff, 0xf0, 0x00, 0x00, 0x1e, 0xfe,
    0x10, 0x00, 0x00, 0x00, 0x0e, 0xfe, 0x20, 0x00, 0x00, 0xff, 0xf0, 0xff, 0xf0, 0x00, 0x00, 0x0a,
    0xff, 0x70, 0x00, 0x00, 0x00, 0x6f, 0xfa, 0x00, 0x00, 0x00, 0xff, 0xf0, 0xff, 0xf0, 0x00, 0x00,
    0x04, 0xff, 0xd0, 0x00, 0x00, 0x00, 0xcf, 0xf4, 0x00, 0x00, 0x00, 0xff, 0xf0, 0xff, 0xf0, 0x00,
    0x00, 0x00, 0xdf, 0xf4, 0x00, 0x00, 0x02, 0xff, 0xd0, 0x00, 0x00, 0x00, 0xff, 0xf0, 0xff, 0xf0,
    0x00, 0x00, 0x00, 0x7f, 0xfa, 0x00, 0x00, 0x09, 0xff, 0x70, 0x00, 0x00, 0x00, 0xff, 0xf0, 0xff,
    0xf0, 0x00, 0x00, 0x00, 0x1e, 0xfe, 0x10, 0x00, 0x0e, 0xfe, 0x10, 0x00, 0x00, 0x00, 0xff, 0xf0,
    0xff, 0xf0, 0x00, 0x00, 0x00, 0x0a, 0xff, 0x70, 0x00, 0x5f, 0xfa, 0x00, 0x00, 0x00, 0x00, 0xff,
    0xf0, 0xff, 0xf0, 0x00, 0x00, 0x00, 0x04, 0xff, 0xd0, 0x00, 0xbf, 0xf4, 0x00, 0x00, 0x00, 0x00,
    0xff, 0xf0, 0xff, 0xf0, 0x00, 0x00, 0x00, 0x00, 0xcf, 0xf4, 0x02, 0xff, 0xd0, 0x00, 0x00, 0x00,
    0x00, 0xff, 0xf0, 0xff, 0xf0, 0x00, 0x00, 0x00, 0x00, 0x6f, 0xfa, 0x08, 0xff, 0x70, 0x00, 0x00,
    0x00, 0x00, 0xff, 0xf0, 0xff, 0xf0, 0x00, 0x00, 0x00, 0x00, 0x1e, 0xfe, 0x1d, 0xfe, 0x10, 0x00,
    0x00, 0x00, 0x00, 0xff, 0xf0, 0xff, 0xf0, 0x00, 0x00, 0x00, 0x00, 0x09, 0xff, 0xaf, 0xf9, 0x00,
    0x00, 0x00, 0x00, 0x00, 0xff, 0xf0, 0xff, 0xf0, 0x00, 0x00, 0x00, 0x00, 0x03, 0xff, 0xff, 0xf3,
    0x00, 0x00, 0x00, 0x00, 0x00, 0xff, 0xf0, 0xff, 0xf0, 0x00, 0x00, 0x00, 0x00, 0x00, 0xcf, 0xff,
    0xc0, 0x00, 0x00, 0x00, 0x00, 0x00, 0xff, 0xf0, 0xff, 0xf0, 0x00, 0x00, 0x00, 0x00, 0x00, 0x6f,
    0xff, 0x60, 0x00, 0x00, 0x00, 0x00, 0x00, 0xff, 0xf0, 0xff, 0xf0, 0x00, 0x00, 0x00, 0x00, 0x00,
    0x0e, 0xfe, 0x10, 0x00, 0x00, 0x00, 0x00, 0x00, 0xff, 0xf0, 0xff, 0xfc, 0x00, 0x00, 0x00, 0x00,
    0x00, 0x00, 0x00, 0x00, 0x00, 0x00, 0xff, 0xf0, 0xff, 0xff, 0x80, 0x00, 0x00, 0x00, 0x00, 0x00,
    0x00, 0x00, 0x00, 0x00, 0xff, 0xf0, 0xff, 0xff, 0xe3, 0x00, 0x00, 0x00, 0x00, 0x00, 0x00, 0x00,
    0x00, 0x00, 0xff, 0xf0, 0xff, 0xff, 0xfd, 0x00, 0x00, 0x00, 0x00, 0x00, 0x00, 0x00, 0x00, 0x00,
    0xff, 0xf0, 0xff, 0xfd, 0xff, 0x80, 0x00, 0x00, 0x00, 0x00, 0x00, 0x00, 0x00, 0x00, 0xff, 0xf0,
    0xff, 0xf4, 0xef, 0xe3, 0x00, 0x00, 0x00, 0x00, 0x00, 0x00, 0x00, 0x00, 0xff, 0xf0, 0xff, 0xf0,
    0x8f, 0xfd, 0x00, 0x00, 0x00, 0x00, 0x00, 0x00, 0x00, 0x00, 0xff, 0xf0, 0xff, 0xf0, 0x0d, 0xff,
    0x90, 0x00, 0x00, 0x00, 0x00, 0x00, 0x00, 0x00, 0xff, 0xf0, 0xff, 0xf0, 0x04, 0xff, 0xf4, 0x00,
    0x00, 0x00, 0x00, 0x00, 0x00, 0x00, 0xff, 0xf0, 0xff, 0xf0, 0x00, 0xaf, 0xfd, 0x00, 0x00, 0x00,
    0x00, 0x00, 0x00, 0x00, 0xff, 0xf0, 0xff, 0xf0, 0x00, 0x1e, 0xff, 0x90, 0x00, 0x00, 0x00, 0x00,
    0x00, 0x00, 0xff, 0xf0, 0xff, 0xf0, 0x00, 0x05, 0xff, 0xf4, 0x00, 0x00, 0x00, 0x00, 0x00, 0x00,
    0xff, 0xf0, 0xff, 0xf0, 0x00, 0x00, 0xaf, 0xfd, 0x00, 0x00, 0x00, 0x00, 0x00, 0x00, 0xff, 0xf0,
    0xff, 0xf0, 0x00, 0x00, 0x1e, 0xff, 0x90, 0x00, 0x00, 0x00, 0x00, 0x00, 0xff, 0xf0, 0xff, 0xf0,
    0x00, 0x00, 0x05, 0xff, 0xf4, 0x00, 0x00, 0x00, 0x00, 0x00, 0xff, 0xf0, 0xff, 0xf0, 0x00, 0x00,
    0x00, 0xaf, 0xfd, 0x10, 0x00, 0x00, 0x00, 0x00, 0xff, 0xf0, 0xff, 0xf0, 0x00, 0x00, 0x00, 0x1d,
    0xff, 0x90, 0x00, 0x00, 0x00, 0x00, 0xff, 0xf0, 0xff, 0xf0, 0x00, 0x00, 0x00, 0x05, 0xff, 0xf4,
    0x00, 0x00, 0x00, 0x00, 0xff, 0xf0, 0xff, 0xf0, 0x00, 0x00, 0x00, 0x00, 0xaf, 0xfd, 0x10, 0x00,
    0x00, 0x00, 0xff, 0xf0, 0xff, 0xf0, 0x00, 0x00, 0x00, 0x00, 0x1d, 0xff, 0xa0, 0x00, 0x00, 0x00,
    0xff, 0xf0, 0xff, 0xf0, 0x00, 0x00, 0x00, 0x00, 0x04, 0xff, 0xf5, 0x00, 0x00, 0x00, 0xff, 0xf0,
    0xff, 0xf0, 0x00, 0x00, 0x00, 0x00, 0x00, 0x9f, 0xfd, 0x10, 0x00, 0x00, 0xff, 0xf0, 0xff, 0xf0,
    0x00, 0x00, 0x00, 0x00, 0x00, 0x1d, 0xff, 0xa0, 0x00, 0x00, 0xff, 0xf0, 0xff, 0xf0, 0x00, 0x00,
    0x00, 0x00, 0x00, 0x04, 0xff, 0xf5, 0x00, 0x00, 0xff, 0xf0, 0xff, 0xf0, 0x00, 0x00, 0x00, 0x00,
    0x00, 0x00, 0x9f, 0xfd, 0x10, 0x00, 0xff, 0xf0, 0xff, 0xf0, 0x00, 0x00, 0x00, 0x00, 0x00, 0x00,
    0x0d, 0xff, 0xa0, 0x00, 0xff, 0xf0, 0xff, 0xf0, 0x00, 0x00, 0x00, 0x00, 0x00, 0x00, 0x04, 0xff,
    0xf4, 0x00, 0xff, 0xf0, 0xff, 0xf0, 0x00, 0x00, 0x00, 0x00, 0x00, 0x00, 0x00, 0x9f, 0xfd, 0x00,
    0xff, 0xf0, 0xff, 0xf0, 0x00, 0x00, 0x00, 0x00, 0x00, 0x00, 0x00, 0x0d, 0xff, 0x90, 0xff, 0xf0,
    0xff, 0xf0, 0x00, 0x00, 0x00, 0x00, 0x00, 0x00, 0x00, 0x03, 0xef, 0xe4, 0xff, 0xf0, 0xff, 0xf0,
    0x00, 0x00, 0x00, 0x00, 0x00, 0x00, 0x00, 0x00, 0x8f, 0xfd, 0xff, 0xf0, 0xff, 0xf0, 0x00, 0x00,
    0x00, 0x00, 0x00, 0x00, 0x00, 0x00, 0x0d, 0xff, 0xff, 0xf0, 0xff, 0xf0, 0x00, 0x00, 0x00, 0x00,
    0x00, 0x00, 0x00, 0x00, 0x03, 0xef, 0xff, 0xf0, 0xff, 0xf0, 0x00, 0x00, 0x00, 0x00, 0x00, 0x00,
    0x00, 0x00, 0x00, 0x8f, 0xff, 0xf0, 0xff, 0xf0, 0x00, 0x00, 0x00, 0x00, 0x00, 0x00, 0x00, 0x00,
    0x00, 0x0c, 0xff, 0xf0, 0x00, 0x00, 0x00, 0x00, 0x00, 0x27, 0xad, 0xee, 0xed, 0xa7, 0x20, 0x00,
    0x00, 0x00, 0x00, 0x00, 0x00, 0x00, 0x00, 0x00, 0x4c, 0xff, 0xff, 0xff, 0xff, 0xff, 0xfc, 0x40,
    0x00, 0x00, 0x00, 0x00, 0x00, 0x00, 0x00, 0x1b, 0xff, 0xff, 0xfd, 0xcb, 0xcd, 0xff, 0xff, 0xfb,
    0x10, 0x00, 0x00, 0x00, 0x00, 0x00, 0x03, 0xef, 0xff, 0xc6, 0x10, 0x00, 0x00, 0x16, 0xcf, 0xff,
    0xd3, 0x00, 0x00, 0x00, 0x00, 0x00, 0x4e, 0xff, 0xd4, 0x00, 0x00, 0x00, 0x00, 0x00, 0x05, 0xdf,
    0xfe, 0x40, 0x00, 0x00, 0x00, 0x02, 0xef, 0xfb, 0x10, 0x00, 0x00, 0x00, 0x00, 0x00, 0x00, 0x1b,
    0xff, 0xe2, 0x00, 0x00, 0x00, 0x0c, 0xff, 0xb0, 0x00, 0x00, 0x00, 0x00, 0x00, 0x00, 0x00, 0x00,
    0xbf, 0xfc, 0x00, 0x00, 0x00, 0x7f, 0xfd, 0x10, 0x00, 0x00, 0x00, 0x00, 0x00, 0x00, 0x00, 0x00,
    0x1d, 0xff, 0x70, 0x00, 0x01, 0xef, 0xf4, 0x00, 0x00, 0x00, 0x00, 0x00, 0x00, 0x00, 0x00, 0x00,
    0x05, 0xff, 0xe1, 0x00, 0x07, 0xff, 0xb0, 0x00, 0x00, 0x00, 0x00, 0x00, 0x00, 0x00, 0x00, 0x00,
    0x00, 0xbf, 0xf7, 0x00, 0x0d, 0xff, 0x40, 0x00, 0x00, 0x00, 0x00, 0x00, 0x00, 0x00, 0x00, 0x00,
    0x00, 0x5f, 0xfd, 0x00, 0x2f, 0xfd, 0x00, 0x00, 0x00, 0x00, 0x00, 0x00, 0x00, 0x00, 0x00, 0x00,
    0x00, 0x0d, 0xff, 0x20, 0x6f, 0xf9, 0x00, 0x00, 0x00, 0x00, 0x00, 0x00, 0x00, 0x00, 0x00, 0x00,
    0x00, 0x09, 0xff, 0x60, 0x9f, 0xf6, 0x00, 0x00, 0x00, 0x00, 0x00, 0x00, 0x00, 0x00, 0x00, 0x00,
    0x00, 0x06, 0xff, 0x90, 0xcf, 0xf3, 0x00, 0x00, 0x00, 0x00, 0x00, 0x00, 0x00, 0x00, 0x00, 0x00,
    0x00, 0x04, 0xff, 0xb0, 0xdf, 0xf2, 0x00, 0x00, 0x00, 0x00, 0x00, 0x00, 0x00, 0x00, 0x00, 0x00,
    0x00, 0x02, 0xff, 0xd0, 0xef, 0xf1, 0x00, 0x00, 0x00, 0x00, 0x00, 0x00, 0x00, 0x00, 0x00, 0x00,
    0x00, 0x01, 0xff, 0xe0, 0xef, 0xf0, 0x00, 0x00, 0x00, 0x00, 0x00, 0x00, 0x00, 0x00, 0x00, 0x00,
    0x00, 0x00, 0xff, 0xe0, 0xef, 0xf1, 0x00, 0x00, 0x00, 0x00, 0x00, 0x00, 0x00, 0x00, 0x00, 0x00,
    0x00, 0x01, 0xff, 0xe0, 0xdf, 0xf2, 0x00, 0x00, 0x00, 0x00, 0x00, 0x00, 0x00, 0x00, 0x00, 0x00,
    0x00, 0x02, 0xff, 0xd0, 0xcf, 0xf3, 0x00, 0x00, 0x00, 0x00, 0x00, 0x00, 0x00, 0x00, 0x00, 0x00,
    0x00, 0x04, 0xff, 0xb0, 0x9f, 0xf6, 0x00, 0x00, 0x00, 0x00, 0x00, 0x00, 0x00, 0x00, 0x00, 0x00,
    0x00, 0x06, 0xff, 0x90, 0x6f, 0xf9, 0x00, 0x00, 0x00, 0x00, 0x00, 0x00, 0x00, 0x00, 0x00, 0x00,
    0x00, 0x09, 0xff, 0x60, 0x2f, 0xfd, 0x00, 0x00, 0x00, 0x00, 0x00, 0x00, 0x00, 0x00, 0x00, 0x00,
    0x00, 0x0d, 0xff, 0x20, 0x0d, 0xff, 0x40, 0x00, 0x00, 0x00, 0x00, 0x00, 0x00, 0x00, 0x00, 0x00,
    0x00, 0x4f, 0xfd, 0x00, 0x07, 0xff, 0xb0, 0x00, 0x00, 0x00, 0x00, 0x00, 0x00, 0x00, 0x00, 0x00,
    0x00, 0xbf, 0xf7, 0x00, 0x01, 0xef, 0xf4, 0x00, 0x00, 0x00, 0x00, 0x00, 0x00, 0x00, 0x00, 0x00,
    0x04, 0xff, 0xe1, 0x00, 0x00, 0x7f, 0xfd, 0x10, 0x00, 0x00, 0x00, 0x00, 0x00, 0x00, 0x00, 0x00,
    0x1d, 0xff, 0x70, 0x00, 0x00, 0x0c, 0xff, 0xb0, 0x00, 0x00, 0x00, 0x00, 0x00, 0x00, 0x00, 0x00,
    0xbf, 0xfc, 0x00, 0x00, 0x00, 0x02, 0xef, 0xfb, 0x10, 0x00, 0x00, 0x00, 0x00, 0x00, 0x00, 0x1b,
    0xff, 0xe2, 0x00, 0x00, 0x00, 0x00, 0x4e, 0xff, 0xd4, 0x00, 0x00, 0x00, 0x00, 0x00, 0x04, 0xdf,
    0xfe, 0x40, 0x00, 0x00, 0x00, 0x00, 0x04, 0xef, 0xff, 0xc6, 0x10, 0x00, 0x00, 0x16, 0xcf, 0xff,
    0xe4, 0x00, 0x00, 0x00, 0x00, 0x00, 0x00, 0x1b, 0xff, 0xff, 0xfd, 0xcb, 0xcd, 0xff, 0xff, 0xfb,
    0x10, 0x00, 0x00, 0x00, 0x00, 0x00, 0x00, 0x00, 0x5c, 0xff, 0xff, 0xff, 0xff, 0xff, 0xfc, 0x50,
    0x00, 0x00, 0x00, 0x00, 0x00, 0x00, 0x00, 0x00, 0x00, 0x27, 0xad, 0xee, 0xed, 0xa7, 0x20, 0x00,
    0x00, 0x00, 0x00, 0x00, 0xff, 0xff, 0xff, 0xff, 0xff, 0xff, 0xed, 0xb8, 0x30, 0x00, 0x00, 0x00,
    0xff, 0xff, 0xff, 0xff, 0xff, 0xff, 0xff, 0xff, 0xfc, 0x40, 0x00, 0x00, 0xff, 0xfb, 0xbb, 0xbb,
    0xbb, 0xbb, 0xcd, 0xef, 0xff, 0xf8, 0x00, 0x00, 0xff, 0xf0, 0x00, 0x00, 0x00, 0x00, 0x00, 0x16,
    0xdf, 0xff, 0x90, 0x00, 0xff, 0xf0, 0x00, 0x00, 0x00, 0x00, 0x00, 0x00, 0x09, 0xff, 0xf5, 0x00,
    0xff, 0xf0, 0x00, 0x00, 0x00, 0x00, 0x00, 0x00, 0x00, 0xaf, 0xfd, 0x00, 0xff, 0xf0, 0x00, 0x00,
    0x00, 0x00, 0x00, 0x00, 0x00, 0x0d, 0xff, 0x50, 0xff, 0xf0, 0x00, 0x00, 0x00, 0x00, 0x00, 0x00,
    0x00, 0x08, 0xff, 0xa0, 0xff, 0xf0, 0x00, 0x00, 0x00, 0x00, 0x00, 0x00, 0x00, 0x03, 0xff, 0xd0,
    0xff, 0xf0, 0x00, 0x00, 0x00, 0x00, 0x00, 0x00, 0x00, 0x01, 0xff, 0xe0, 0xff, 0xf0, 0x00, 0x00,
    0x00, 0x00, 0x00, 0x00, 0x00, 0x00, 0xff, 0xf0, 0xff, 0xf0, 0x00, 0x00, 0x00, 0x00, 0x00, 0x00,
    0x00, 0x01, 0xff, 0xe0, 0xff, 0xf0, 0x00, 0x00, 0x00, 0x00, 0x00, 0x00, 0x00, 0x03, 0xff, 0xd0,
    0xff, 0xf0, 0x00, 0x00, 0x00, 0x00, 0x00, 0x00, 0x00, 0x08, 0xff, 0xa0, 0xff, 0xf0, 0x00, 0x00,
    0x00, 0x00, 0x00, 0x00, 0x00, 0x0d, 0xff, 0x50, 0xff, 0xf0, 0x00, 0x00, 0x00, 0x00, 0x00, 0x00,
    0x00, 0xaf, 0xfd, 0x00, 0xff, 0xf0, 0x00, 0x00, 0x00, 0x00, 0x00, 0x00, 0x09, 0xff, 0xf5, 0x00,
    0xff, 0xf0, 0x00, 0x00, 0x00, 0x00, 0x00, 0x16, 0xdf, 0xff, 0x80, 0x00, 0xff, 0xfb, 0xbb, 0xbb,
    0xbb, 0xbb, 0xbd, 0xef, 0xff, 0xf7, 0x00, 0x00, 0xff, 0xff, 0xff, 0xff, 0xff, 0xff, 0xff, 0xff,
    0xfc, 0x30, 0x00, 0x00, 0xff, 0xff, 0xff, 0xff, 0xff, 0xff, 0xed, 0xb8, 0x30, 0x00, 0x00, 0x00,
    0xff, 0xf0, 0x00, 0x00, 0x00, 0x00, 0x00, 0x00, 0x00, 0x00, 0x00, 0x00, 0xff, 0xf0, 0x00, 0x00,
    0x00, 0x00, 0x00, 0x00, 0x00, 0x00, 0x00, 0x00, 0xff, 0xf0, 0x00, 0x00, 0x00, 0x00, 0x00, 0x00,
    0x00, 0x00, 0x00, 0x00, 0xff, 0xf0, 0x00, 0x00, 0x00, 0x00, 0x00, 0x00, 0x00, 0x00, 0x00, 0x00,
    0xff, 0xf0, 0x00, 0x00, 0x00, 0x00, 0x00, 0x00, 0x00, 0x00, 0x00, 0x00, 0xff, 0xf0, 0x00, 0x00,
    0x00, 0x00, 0x00, 0x00, 0x00, 0x00, 0x00, 0x00, 0xff, 0xf0, 0x00, 0x00, 0x00, 0x00, 0x00, 0x00,
    0x00, 0x00, 0x00, 0x00, 0xff, 0xf0, 0x00, 0x00, 0x00, 0x00, 0x00, 0x00, 0x00, 0x00, 0x00, 0x00,
    0xff, 0xf0, 0x00, 0x00, 0x00, 0x00, 0x00, 0x00, 0x00, 0x00, 0x00, 0x00, 0xff, 0xf0, 0x00, 0x00,
    0x00, 0x00, 0x00, 0x00, 0x00, 0x00, 0x00, 0x00, 0xff, 0xf0, 0x00, 0x00, 0x00, 0x00, 0x00, 0x00,
    0x00, 0x00, 0x00, 0x00, 0xff, 0xf0, 0x00, 0x00, 0x00, 0x00, 0x00, 0x00, 0x00, 0x00, 0x00, 0x00,
    0xff, 0xf0, 0x00, 0x00, 0x00, 0x00, 0x00, 0x00, 0x00, 0x00, 0x00, 0x00, 0xff, 0xf0, 0x00, 0x00,
    0x00, 0x00, 0x00, 0x00, 0x00, 0x00, 0x00, 0x00, 0x00, 0x00, 0x00, 0x00, 0x00, 0x27, 0xad, 0xee,
    0xed, 0xa7, 0x20, 0x00, 0x00, 0x00, 0x00, 0x00, 0x00, 0x00, 0x00, 0x00, 0x4c, 0xff, 0xff, 0xff,
    0xff, 0xff, 0xfc, 0x40, 0x00, 0x00, 0x00, 0x00, 0x00, 0x00, 0x00, 0x1b, 0xff, 0xff, 0xfd, 0xcb,
    0xcd, 0xff, 0xff, 0xfb, 0x10, 0x00, 0x00, 0x00, 0x00, 0x00, 0x03, 0xef, 0xff, 0xc6, 0x10, 0x00,
    0x00, 0x16, 0xcf, 0xff, 0xd3, 0x00, 0x00, 0x00, 0x00, 0x00, 0x4e, 0xff, 0xd4, 0x00, 0x00, 0x00,
    0x00, 0x00, 0x04, 0xdf, 0xfe, 0x40, 0x00, 0x00, 0x00, 0x02, 0xef, 0xfb, 0x10, 0x00, 0x00, 0x00,
    0x00, 0x00, 0x00, 0x1b, 0xff, 0xe2, 0x00, 0x00, 0x00, 0x0c, 0xff, 0xb0, 0x00, 0x00, 0x00, 0x00,
    0x00, 0x00, 0x00, 0x00, 0xbf, 0xfc, 0x00, 0x00, 0x00, 0x7f, 0xfd, 0x10, 0x00, 0x00, 0x00, 0x00,
    0x00, 0x00, 0x00, 0x00, 0x1d, 0xff, 0x70, 0x00, 0x01, 0xef, 0xf4, 0x00, 0x00, 0x00, 0x00, 0x00,
    0x00, 0x00, 0x00, 0x00, 0x04, 0xff, 0xe1, 0x00, 0x07, 0xff, 0xa0, 0x00, 0x00, 0x00, 0x00, 0x00,
    0x00, 0x00, 0x00, 0x00, 0x00, 0xbf, 0xf7, 0x00, 0x0d, 0xff, 0x40, 0x00, 0x00, 0x00, 0x00, 0x00,
    0x00, 0x00, 0x00, 0x00, 0x00, 0x4f, 0xfd, 0x00, 0x2f, 0xfd, 0x00, 0x00, 0x00, 0x00, 0x00, 0x00,
    0x00, 0x00, 0x00, 0x00, 0x00, 0x0d, 0xff, 0x20, 0x6f, 0xf9, 0x00, 0x00, 0x00, 0x00, 0x00, 0x00,
    0x00, 0x00, 0x00, 0x00, 0x00, 0x09, 0xff, 0x60, 0x9f, 0xf6, 0x00, 0x00, 0x00, 0x00, 0x00, 0x00,
    0x00, 0x00, 0x00, 0x00, 0x00, 0x06, 0xff, 0x90, 0xcf, 0xf3, 0x00, 0x00, 0x00, 0x00, 0x00, 0x00,
    0x00, 0x00, 0x00, 0x00, 0x00, 0x03, 0xff, 0xb0, 0xdf, 0xf2, 0x00, 0x00, 0x00, 0x00, 0x00, 0x00,
    0x00, 0x00, 0x00, 0x00, 0x00, 0x02, 0xff, 0xd0, 0xef, 0xf1, 0x00, 0x00, 0x00, 0x00, 0x00, 0x00,
    0x00, 0x00, 0x00, 0x00, 0x00, 0x01, 0xff, 0xe0, 0xef, 0xf0, 0x00, 0x00, 0x00, 0x00, 0x00, 0x00,
    0x00, 0x00, 0x00, 0x00, 0x00, 0x00, 0xff, 0xe0, 0xef, 0xf1, 0x00, 0x00, 0x00, 0x00, 0x00, 0x00,
    0x00, 0x00, 0x00, 0x00, 0x00, 0x01, 0xff, 0xe0, 0xdf, 0xf2, 0x00, 0x00, 0x00, 0x00, 0x00, 0x00,
    0x00, 0x00, 0x00, 0x00, 0x00, 0x02, 0xff, 0xd0, 0xcf, 0xf4, 0x00, 0x00, 0x00, 0x00, 0x00, 0x00,
    0x00, 0x00, 0x00, 0x00, 0x00, 0x04, 0xff, 0xb0, 0x9f, 0xf6, 0x00, 0x00, 0x00, 0x00, 0x00, 0x00,
    0x00, 0x00, 0x00, 0x00, 0x00, 0x06, 0xff, 0x90, 0x6f, 0xfa, 0x00, 0x00, 0x00, 0x00, 0x00, 0x00,
    0x00, 0x00, 0x00, 0x00, 0x00, 0x0a, 0xff, 0x60, 0x2f, 0xfe, 0x00, 0x00, 0x00, 0x00, 0x00, 0x03,
    0x33, 0x10, 0x00, 0x00, 0x00, 0x0e, 0xff, 0x20, 0x0d, 0xff, 0x50, 0x00, 0x00, 0x00, 0x00, 0x0a,
    0xff, 0xc0, 0x00, 0x00, 0x00, 0x5f, 0xfd, 0x00, 0x07, 0xff, 0xc0, 0x00, 0x00, 0x00, 0x00, 0x01,
    0xdf, 0xf9, 0x00, 0x00, 0x00, 0xcf, 0xf7, 0x00, 0x01, 0xef, 0xf6, 0x00, 0x00, 0x00, 0x00, 0x00,
    0x3e, 0xff, 0x60, 0x00, 0x06, 0xff, 0xe1, 0x00, 0x00, 0x7f, 0xfe, 0x20, 0x00, 0x00, 0x00, 0x00,
    0x06, 0xff, 0xe3, 0x00, 0x2e, 0xff, 0x70, 0x00, 0x00, 0x0c, 0xff, 0xd1, 0x00, 0x00, 0x00, 0x00,
    0x00, 0x9f, 0xfd, 0x11, 0xdf, 0xfc, 0x00, 0x00, 0x00, 0x02, 0xef, 0xfd, 0x30, 0x00, 0x00, 0x00,
    0x00, 0x0c, 0xff, 0xdd, 0xff, 0xe2, 0x00, 0x00, 0x00, 0x00, 0x4e, 0xff, 0xe7, 0x00, 0x00, 0x00,
    0x00, 0x02, 0xff, 0xff, 0xfe, 0x40, 0x00, 0x00, 0x00, 0x00, 0x04, 0xef, 0xff, 0xe9, 0x41, 0x00,
    0x01, 0x49, 0xff, 0xff, 0xf4, 0x00, 0x00, 0x00, 0x00, 0x00, 0x00, 0x1b, 0xff, 0xff, 0xff, 0xee,
    0xef, 0xff, 0xff, 0xff, 0xf1, 0x00, 0x00, 0x00, 0x00, 0x00, 0x00, 0x00, 0x5c, 0xff, 0xff, 0xff,
    0xff, 0xff, 0xfc, 0xff, 0xfb, 0x00, 0x00, 0x00, 0x00, 0x00, 0x00, 0x00, 0x00, 0x27, 0xad, 0xee,
    0xed, 0xa7, 0x20, 0x1d, 0xff, 0x70, 0x00, 0x00, 0x00, 0x00, 0x00, 0x00, 0x00, 0x00, 0x00, 0x00,
    0x00, 0x00, 0x00, 0x04, 0xef, 0xe4, 0x00, 0x00, 0x00, 0x00, 0x00, 0x00, 0x00, 0x00, 0x00, 0x00,
    0x00, 0x00, 0x00, 0x00, 0x7f, 0xfd, 0x10, 0x00, 0x00, 0x00, 0x00, 0x00, 0x00, 0x00, 0x00, 0x00,
    0x00, 0x00, 0x00, 0x00, 0x0b, 0xff, 0xb0, 0x00, 0xff, 0xff, 0xff, 0xff, 0xff, 0xff, 0xee, 0xda,
    0x72, 0x00, 0x00, 0x00, 0x00, 0xff, 0xff, 0xff, 0xff, 0xff, 0xff, 0xff, 0xff, 0xff, 0xb2, 0x00,
    0x00, 0x00, 0xff, 0xfb, 0xbb, 0xbb, 0xbb, 0xbb, 0xbc, 0xef, 0xff, 0xfe, 0x60, 0x00, 0x00, 0xff,
    0xf0, 0x00, 0x00, 0x00, 0x00, 0x00, 0x02, 0x8e, 0xff, 0xf7, 0x00, 0x00, 0xff, 0xf0, 0x00, 0x00,
    0x00, 0x00, 0x00, 0x00, 0x01, 0xbf, 0xfe, 0x40, 0x00, 0xff, 0xf0, 0x00, 0x00, 0x00, 0x00, 0x00,
    0x00, 0x00, 0x0c, 0xff, 0xc0, 0x00, 0xff, 0xf0, 0x00, 0x00, 0x00, 0x00, 0x00, 0x00, 0x00, 0x01,
    0xef, 0xf4, 0x00, 0xff, 0xf0, 0x00, 0x00, 0x00, 0x00, 0x00, 0x00, 0x00, 0x00, 0x8f, 0xf9, 0x00,
    0xff, 0xf0, 0x00, 0x00, 0x00, 0x00, 0x00, 0x00, 0x00, 0x00, 0x4f, 0xfc, 0x00, 0xff, 0xf0, 0x00,
    0x00, 0x00, 0x00, 0x00, 0x00, 0x00, 0x00, 0x1f, 0xfe, 0x00, 0xff, 0xf0, 0x00, 0x00, 0x00, 0x00,
    0x00, 0x00, 0x00, 0x00, 0x0f, 0xfe, 0x00, 0xff, 0xf0, 0x00, 0x00, 0x00, 0x00, 0x00, 0x00, 0x00,
    0x00, 0x1f, 0xfe, 0x00, 0xff, 0xf0, 0x00, 0x00, 0x00, 0x00, 0x00, 0x00, 0x00, 0x00, 0x4f, 0xfc,
    0x00, 0xff, 0xf0, 0x00, 0x00, 0x00, 0x00, 0x00, 0x00, 0x00, 0x00, 0x8f, 0xf9, 0x00, 0xff, 0xf0,
    0x00, 0x00, 0x00, 0x00, 0x00, 0x00, 0x00, 0x01, 0xef, 0xf4, 0x00, 0xff, 0xf0, 0x00, 0x00, 0x00,
    0x00, 0x00, 0x00, 0x00, 0x0b, 0xff, 0xc0, 0x00, 0xff, 0xf0, 0x00, 0x00, 0x00, 0x00, 0x00, 0x00,
    0x01, 0xaf, 0xfe, 0x30, 0x00, 0xff, 0xf0, 0x00, 0x00, 0x00, 0x00, 0x00, 0x02, 0x7d, 0xff, 0xe5,
    0x00, 0x00, 0xff, 0xfb, 0xbb, 0xbb, 0xbb, 0xbb, 0xbc, 0xdf, 0xff, 0xfe, 0x50, 0x00, 0x00, 0xff,
    0xff, 0xff, 0xff, 0xff, 0xff, 0xff, 0xff, 0xfe, 0x91, 0x00, 0x00, 0x00, 0xff, 0xff, 0xff, 0xff,
    0xff, 0xff, 0xff, 0xff, 0xc1, 0x00, 0x00, 0x00, 0x00, 0xff, 0xf0, 0x00, 0x00, 0x00, 0x00, 0x0b,
    0xff, 0xd0, 0x00, 0x00, 0x00, 0x00, 0xff, 0xf0, 0x00, 0x00, 0x00, 0x00, 0x03, 0xef, 0xf7, 0x00,
    0x00, 0x00, 0x00, 0xff, 0xf0, 0x00, 0x00, 0x00, 0x00, 0x00, 0x9f, 0xfe, 0x10, 0x00, 0x00, 0x00,
    0xff, 0xf0, 0x00, 0x00, 0x00, 0x00, 0x00, 0x1e, 0xff, 0x80, 0x00, 0x00, 0x00, 0xff, 0xf0, 0x00,
    0x00, 0x00, 0x00, 0x00, 0x07, 0xff, 0xe2, 0x00, 0x00, 0x00, 0xff, 0xf0, 0x00, 0x00, 0x00, 0x00,
    0x00, 0x00, 0xdf, 0xfa, 0x00, 0x00, 0x00, 0xff, 0xf0, 0x00, 0x00, 0x00, 0x00, 0x00, 0x00, 0x6f,
    0xff, 0x30, 0x00, 0x00, 0xff, 0xf0, 0x00, 0x00, 0x00, 0x00, 0x00, 0x00, 0x0c, 0xff, 0xb0, 0x00,
    0x00, 0xff, 0xf0, 0x00, 0x00, 0x00, 0x00, 0x00, 0x00, 0x04, 0xff, 0xf5, 0x00, 0x00, 0xff, 0xf0,
    0x00, 0x00, 0x00, 0x00, 0x00, 0x00, 0x00, 0xbf, 0xfd, 0x00, 0x00, 0xff, 0xf0, 0x00, 0x00, 0x00,
    0x00, 0x00, 0x00, 0x00, 0x2e, 0xff, 0x60, 0x00, 0xff, 0xf0, 0x00, 0x00, 0x00, 0x00, 0x00, 0x00,
    0x00, 0x09, 0xff, 0xd0, 0x00, 0xff, 0xf0, 0x00, 0x00, 0x00, 0x00, 0x00, 0x00, 0x00, 0x01, 0xef,
    0xf8, 0x00, 0xff, 0xf0, 0x00, 0x00, 0x00, 0x00, 0x00, 0x00, 0x00, 0x00, 0x7f, 0xfe, 0x10, 0x00,
    0x00, 0x00, 0x03, 0x7a, 0xde, 0xee, 0xda, 0x72, 0x00, 0x00, 0x00, 0x00, 0x00, 0x00, 0x04, 0xcf,
    0xff, 0xff, 0xff, 0xff, 0xff, 0xb3, 0x00, 0x00, 0x00, 0x00, 0x00, 0x9f, 0xff, 0xff, 0xdc, 0xbc,
    0xdf, 0xff, 0xfe, 0x70, 0x00, 0x00, 0x00, 0x0b, 0xff, 0xfd, 0x62, 0x00, 0x00, 0x01, 0x7d, 0xff,
    0xf8, 0x00, 0x00, 0x00, 0x8f, 0xff, 0x70, 0x00, 0x00, 0x00, 0x00, 0x00, 0x9f, 0xff, 0x50, 0x00,
    0x02, 0xef, 0xf6, 0x00, 0x00, 0x00, 0x00, 0x00, 0x00, 0x09, 0xff, 0xd0, 0x00, 0x08, 0xff, 0xa0,
    0x00, 0x00, 0x00, 0x00, 0x00, 0x00, 0x00, 0xdf, 0xf6, 0x00, 0x0c, 0xff, 0x30, 0x00, 0x00, 0x00,
    0x00, 0x00, 0x00, 0x00, 0x7f, 0xfa, 0x00, 0x0e, 0xff, 0x00, 0x00, 0x00, 0x00, 0x00, 0x00, 0x00,
    0x00, 0x3f, 0xfd, 0x00, 0x0f, 0xff, 0x00, 0x00, 0x00, 0x00, 0x00, 0x00, 0x00, 0x00, 0x1e, 0xed,
    0x00, 0x0e, 0xff, 0x30, 0x00, 0x00, 0x00, 0x00, 0x00, 0x00, 0x00, 0x00, 0x00, 0x00, 0x0b, 0xff,
    0x90, 0x00, 0x00, 0x00, 0x00, 0x00, 0x00, 0x00, 0x00, 0x00, 0x00, 0x06, 0xff, 0xf5, 0x00, 0x00,
    0x00, 0x00, 0x00, 0x00, 0x00, 0x00, 0x00, 0x00, 0x00, 0xdf, 0xff, 0x91, 0x00, 0x00, 0x00, 0x00,
    0x00, 0x00, 0x00, 0x00, 0x00, 0x00, 0x2e, 0xff, 0xfe, 0x93, 0x00, 0x00, 0x00, 0x00, 0x00, 0x00,
    0x00, 0x00, 0x00, 0x02, 0xcf, 0xff, 0xff, 0xd9, 0x51, 0x00, 0x00, 0x00, 0x00, 0x00, 0x00, 0x00,
    0x00, 0x06, 0xdf, 0xff, 0xff, 0xff, 0xc7, 0x30, 0x00, 0x00, 0x00, 0x00, 0x00, 0x00, 0x00, 0x05,
    0xae, 0xff, 0xff, 0xff, 0xfc, 0x60, 0x00, 0x00, 0x00, 0x00, 0x00, 0x00, 0x00, 0x00, 0x48, 0xcf,
    0xff, 0xff, 0xfc, 0x40, 0x00, 0x00, 0x00, 0x00, 0x00, 0x00, 0x00, 0x00, 0x01, 0x6a, 0xef, 0xff,
    0xe7, 0x00, 0x00, 0x00, 0x00, 0x00, 0x00, 0x00, 0x00, 0x00, 0x00, 0x17, 0xef, 0xff, 0x60, 0x00,
    0x00, 0x00, 0x00, 0x00, 0x00, 0x00, 0x00, 0x00, 0x00, 0x2c, 0xff, 0xe1, 0x00, 0x00, 0x00, 0x00,
    0x00, 0x00, 0x00, 0x00, 0x00, 0x00, 0x01, 0xdf, 0xf8, 0x00, 0x00, 0x00, 0x00, 0x00, 0x00, 0x00,
    0x00, 0x00, 0x00, 0x00, 0x6f, 0xfc, 0x00, 0x66, 0x60, 0x00, 0x00, 0x00, 0x00, 0x00, 0x00, 0x00,
    0x00, 0x1f, 0xfe, 0x00, 0xef, 0xf1, 0x00, 0x00, 0x00, 0x00, 0x00, 0x00, 0x00, 0x00, 0x0f, 0xff,
    0x00, 0xcf, 0xf4, 0x00, 0x00, 0x00, 0x00, 0x00, 0x00, 0x00, 0x00, 0x1f, 0xfe, 0x00, 0x9f, 0xf8,
    0x00, 0x00, 0x00, 0x00, 0x00, 0x00, 0x00, 0x00, 0x4f, 0xfb, 0x00, 0x4f, 0xfe, 0x10, 0x00, 0x00,
    0x00, 0x00, 0x00, 0x00, 0x00, 0xbf, 0xf7, 0x00, 0x0c, 0xff, 0xc0, 0x00, 0x00, 0x00, 0x00, 0x00,
    0x00, 0x07, 0xff, 0xe1, 0x00, 0x03, 0xef, 0xfc, 0x20, 0x00, 0x00, 0x00, 0x00, 0x00, 0x8f, 0xff,
    0x60, 0x00, 0x00, 0x5e, 0xff, 0xe9, 0x40, 0x00, 0x00, 0x02, 0x7d, 0xff, 0xf9, 0x00, 0x00, 0x00,
    0x04, 0xdf, 0xff, 0xfe, 0xdb, 0xbc, 0xef, 0xff, 0xfe, 0x70, 0x00, 0x00, 0x00, 0x00, 0x18, 0xef,
    0xff, 0xff, 0xff, 0xff, 0xfe, 0xa2, 0x00, 0x00, 0x00, 0x00, 0x00, 0x00, 0x05, 0x9c, 0xde, 0xee,
    0xca, 0x61, 0x00, 0x00, 0x00, 0x00, 0xff, 0xff, 0xff, 0xff, 0xff, 0xff, 0xff, 0xff, 0xff, 0xff,
    0xff, 0xff, 0xff, 0xff, 0xff, 0xff, 0xff, 0xff, 0xff, 0xff, 0xff, 0xff, 0xff, 0xff, 0xff, 0xff,
    0xbb, 0xbb, 0xbb, 0xbb, 0xbb, 0xbb, 0xff, 0xfb, 0xbb, 0xbb, 0xbb, 0xbb, 0xbb, 0x00, 0x00, 0x00,
    0x00, 0x00, 0x00, 0xff, 0xf0, 0x00, 0x00, 0x00, 0x00, 0x00, 0x00, 0x00, 0x00, 0x00, 0x00, 0x00,
    0xff, 0xf0, 0x00, 0x00, 0x00, 0x00, 0x00, 0x00, 0x00, 0x00, 0x00, 0x00, 0x00, 0xff, 0xf0, 0x00,
    0x00, 0x00, 0x00, 0x00, 0x00, 0x00, 0x00, 0x00, 0x00, 0x00, 0xff, 0xf0, 0x00, 0x00, 0x00, 0x00,
    0x00, 0x00, 0x00, 0x00, 0x00, 0x00, 0x00, 0xff, 0xf0, 0x00, 0x00, 0x00, 0x00, 0x00, 0x00, 0x00,
    0x00, 0x00, 0x00, 0x00, 0xff, 0xf0, 0x00, 0x00, 0x00, 0x00, 0x00, 0x00, 0x00, 0x00, 0x00, 0x00,
    0x00, 0xff, 0xf0, 0x00, 0x00, 0x00, 0x00, 0x00, 0x00, 0x00, 0x00, 0x00, 0x00, 0x00, 0xff, 0xf0,
    0x00, 0x00, 0x00, 0x00, 0x00, 0x00, 0x00, 0x00, 0x00, 0x00, 0x00, 0xff, 0xf0, 0x00, 0x00, 0x00,
    0x00, 0x00, 0x00, 0x00, 0x00, 0x00, 0x00, 0x00, 0xff, 0xf0, 0x00, 0x00, 0x00, 0x00, 0x00, 0x00,
    0x00, 0x00, 0x00, 0x00, 0x00, 0xff, 0xf0, 0x00, 0x00, 0x00, 0x00, 0x00, 0x00, 0x00, 0x00, 0x00,
    0x00, 0x00, 0xff, 0xf0, 0x00, 0x00, 0x00, 0x00, 0x00, 0x00, 0x00, 0x00, 0x00, 0x00, 0x00, 0xff,
    0xf0, 0x00, 0x00, 0x00, 0x00, 0x00, 0x00, 0x00, 0x00, 0x00, 0x00, 0x00, 0xff, 0xf0, 0x00, 0x00,
    0x00, 0x00, 0x00, 0x00, 0x00, 0x00, 0x00, 0x00, 0x00, 0xff, 0xf0, 0x00, 0x00, 0x00, 0x00, 0x00,
    0x00, 0x00, 0x00, 0x00, 0x00, 0x00, 0xff, 0xf0, 0x00, 0x00, 0x00, 0x00, 0x00, 0x00, 0x00, 0x00,
    0x00, 0x00, 0x00, 0xff, 0xf0, 0x00, 0x00, 0x00, 0x00, 0x00, 0x00, 0x00, 0x00, 0x00, 0x00, 0x00,
    0xff, 0xf0, 0x00, 0x00, 0x00, 0x00, 0x00, 0x00, 0x00, 0x00, 0x00, 0x00, 0x00, 0xff, 0xf0, 0x00,
    0x00, 0x00, 0x00, 0x00, 0x00, 0x00, 0x00, 0x00, 0x00, 0x00, 0xff, 0xf0, 0x00, 0x00, 0x00, 0x00,
    0x00, 0x00, 0x00, 0x00, 0x00, 0x00, 0x00, 0xff, 0xf0, 0x00, 0x00, 0x00, 0x00, 0x00, 0x00, 0x00,
    0x00, 0x00, 0x00, 0x00, 0xff, 0xf0, 0x00, 0x00, 0x00, 0x00, 0x00, 0x00, 0x00, 0x00, 0x00, 0x00,
    0x00, 0xff, 0xf0, 0x00, 0x00, 0x00, 0x00, 0x00, 0x00, 0x00, 0x00, 0x00, 0x00, 0x00, 0xff, 0xf0,
    0x00, 0x00, 0x00, 0x00, 0x00, 0x00, 0x00, 0x00, 0x00, 0x00, 0x00, 0xff, 0xf0, 0x00, 0x00, 0x00,
    0x00, 0x00, 0x00, 0x00, 0x00, 0x00, 0x00, 0x00, 0xff, 0xf0, 0x00, 0x00, 0x00, 0x00, 0x00, 0x00,
    0x00, 0x00, 0x00, 0x00, 0x00, 0xff, 0xf0, 0x00, 0x00, 0x00, 0x00, 0x00, 0x00, 0x00, 0x00, 0x00,
    0x00, 0x00, 0xff, 0xf0, 0x00, 0x00, 0x00, 0x00, 0x00, 0x00, 0x00, 0x00, 0x00, 0x00, 0x00, 0xff,
    0xf0, 0x00, 0x00, 0x00, 0x00, 0x00, 0x00, 0x00, 0x00, 0x00, 0x00, 0x00, 0xff, 0xf0, 0x00, 0x00,
    0x00, 0x00, 0x00, 0x00, 0x00, 0x00, 0x00, 0x00, 0x00, 0xff, 0xf0, 0x00, 0x00, 0x00, 0x00, 0x00,
    0x00, 0x00, 0x00, 0x00, 0x00, 0x00, 0xff, 0xf0, 0x00, 0x00, 0x00, 0x00, 0x00, 0xff, 0xf0, 0x00,
    0x00, 0x00, 0x00, 0x00, 0x00, 0x00, 0x00, 0x00, 0x0f, 0xff, 0x00, 0xff, 0xf0, 0x00, 0x00, 0x00,
    0x00, 0x00, 0x00, 0x00, 0x00, 0x00, 0x0f, 0xff, 0x00, 0xff, 0xf0, 0x00, 0x00, 0x00, 0x00, 0x00,
    0x00, 0x00, 0x00, 0x00, 0x0f, 0xff, 0x00, 0xff, 0xf0, 0x00, 0x00, 0x00, 0x00, 0x00, 0x00, 0x00,
    0x00, 0x00, 0x0f, 0xff, 0x00, 0xff, 0xf0, 0x00, 0x00, 0x00, 0x00, 0x00, 0x00, 0x00, 0x00, 0x00,
    0x0f, 0xff, 0x00, 0xff, 0xf0, 0x00, 0x00, 0x00, 0x00, 0x00, 0x00, 0x00, 0x00, 0x00, 0x0f, 0xff,
    0x00, 0xff, 0xf0, 0x00, 0x00, 0x00, 0x00, 0x00, 0x00, 0x00, 0x00, 0x00, 0x0f, 0xff, 0x00, 0xff,
    0xf0, 0x00, 0x00, 0x00, 0x00, 0x00, 0x00, 0x00, 0x00, 0x00, 0x0f, 0xff, 0x00, 0xff, 0xf0, 0x00,
    0x00, 0x00, 0x00, 0x00, 0x00, 0x00, 0x00, 0x00, 0x0f, 0xff, 0x00, 0xff, 0xf0, 0x00, 0x00, 0x00,
    0x00, 0x00, 0x00, 0x00, 0x00, 0x00, 0x0f, 0xff, 0x00, 0xff, 0xf0, 0x00, 0x00, 0x00, 0x00, 0x00,
    0x00, 0x00, 0x00, 0x00, 0x0f, 0xff, 0x00, 0xff, 0xf0, 0x00, 0x00, 0x00, 0x00, 0x00, 0x00, 0x00,
    0x00, 0x00, 0x0f, 0xff, 0x00, 0xff, 0xf0, 0x00, 0x00, 0x00, 0x00, 0x00, 0x00, 0x00, 0x00, 0x00,
    0x0f, 0xff, 0x00, 0xff, 0xf0, 0x00, 0x00, 0x00, 0x00, 0x00, 0x00, 0x00, 0x00, 0x00, 0x0f, 0xff,
    0x00, 0xff, 0xf0, 0x00, 0x00, 0x00, 0x00, 0x00, 0x00, 0x00, 0x00, 0x00, 0x0f, 0xff, 0x00, 0xff,
    0xf0, 0x00, 0x00, 0x00, 0x00, 0x00, 0x00, 0x00, 0x00, 0x00, 0x0f, 0xff, 0x00, 0xff, 0xf0, 0x00,
    0x00, 0x00, 0x00, 0x00, 0x00, 0x00, 0x00, 0x00, 0x0f, 0xff, 0x00, 0xff, 0xf0, 0x00, 0x00, 0x00,
    0x00, 0x00, 0x00, 0x00, 0x00, 0x00, 0x0f, 0xff, 0x00, 0xff, 0xf0, 0x00, 0x00, 0x00, 0x00, 0x00,
    0x00, 0x00, 0x00, 0x00, 0x0f, 0xff, 0x00, 0xff, 0xf0, 0x00, 0x00, 0x00, 0x00, 0x00, 0x00, 0x00,
    0x00, 0x00, 0x0f, 0xff, 0x00, 0xff, 0xf0, 0x00, 0x00, 0x00, 0x00, 0x00, 0x00, 0x00, 0x00, 0x00,
    0x0f, 0xff, 0x00, 0xff, 0xf0, 0x00, 0x00, 0x00, 0x00, 0x00, 0x00, 0x00, 0x00, 0x00, 0x0f, 0xff,
    0x00, 0xff, 0xf0, 0x00, 0x00, 0x00, 0x00, 0x00, 0x00, 0x00, 0x00, 0x00, 0x0f, 0xff, 0x00, 0xef,
    0xf1, 0x00, 0x00, 0x00, 0x00, 0x00, 0x00, 0x00, 0x00, 0x00, 0x0f, 0xfe, 0x00, 0xdf, 0xf3, 0x00,
    0x00, 0x00, 0x00, 0x00, 0x00, 0x00, 0x00, 0x00, 0x2f, 0xfd, 0x00, 0xaf, 0xf6, 0x00, 0x00, 0x00,
    0x00, 0x00, 0x00, 0x00, 0x00, 0x00, 0x5f, 0xfb, 0x00, 0x6f, 0xfb, 0x00, 0x00, 0x00, 0x00, 0x00,
    0x00, 0x00, 0x00, 0x00, 0xaf, 0xf7, 0x00, 0x1e, 0xff, 0x30, 0x00, 0x00, 0x00, 0x00, 0x00, 0x00,
    0x00, 0x03, 0xff, 0xe2, 0x00, 0x09, 0xff, 0xc0, 0x00, 0x00, 0x00, 0x00, 0x00, 0x00, 0x00, 0x0c,
    0xff, 0xa0, 0x00, 0x01, 0xef, 0xfa, 0x00, 0x00, 0x00, 0x00, 0x00, 0x00, 0x00, 0xaf, 0xfe, 0x20,
    0x00, 0x00, 0x4e, 0xff, 0xb2, 0x00, 0x00, 0x00, 0x00, 0x00, 0x2b, 0xff, 0xf5, 0x00, 0x00, 0x00,
    0x06, 0xef, 0xfe, 0x93, 0x00, 0x00, 0x00, 0x39, 0xef, 0xfe, 0x60, 0x00, 0x00, 0x00, 0x00, 0x4d,
    0xff, 0xff, 0xec, 0xbb, 0xce, 0xff, 0xff, 0xd4, 0x00, 0x00, 0x00, 0x00, 0x00, 0x00, 0x8e, 0xff,
    0xff, 0xff, 0xff, 0xff, 0xe8, 0x10, 0x00, 0x00, 0x00, 0x00, 0x00, 0x00, 0x00, 0x59, 0xbd, 0xee,
    0xdc, 0x95, 0x00, 0x00, 0x00, 0x00, 0x00, 0x5f, 0xfe, 0x00, 0x00, 0x00, 0x00, 0x00, 0x00, 0x00,
    0x00, 0x00, 0x00, 0x00, 0x8f, 0xfb, 0x0e, 0xff, 0x50, 0x00, 0x00, 0x00, 0x00, 0x00, 0x00, 0x00,
    0x00, 0x00, 0x00, 0xdf, 0xf6, 0x09, 0xff, 0xb0, 0x00, 0x00, 0x00, 0x00, 0x00, 0x00, 0x00, 0x00,
    0x00, 0x04, 0xff, 0xe0, 0x03, 0xff, 0xe1, 0x00, 0x00, 0x00, 0x00, 0x00, 0x00, 0x00, 0x00, 0x00,
    0x09, 0xff, 0xa0, 0x00, 0xcf, 0xf6, 0x00, 0x00, 0x00, 0x00, 0x00, 0x00, 0x00, 0x00, 0x00, 0x0e,
    0xff, 0x40, 0x00, 0x7f, 0xfc, 0x00, 0x00, 0x00, 0x00, 0x00, 0x00, 0x00, 0x00, 0x00, 0x5f, 0xfd,
    0x00, 0x00, 0x1e, 0xff, 0x20, 0x00, 0x00, 0x00, 0x00, 0x00, 0x00, 0x00, 0x00, 0xaf, 0xf8, 0x00,
    0x00, 0x0b, 0xff, 0x80, 0x00, 0x00, 0x00, 0x00, 0x00, 0x00, 0x00, 0x01, 0xef, 0xf3, 0x00, 0x00,
    0x05, 0xff, 0xd0, 0x00, 0x00, 0x00, 0x00, 0x00, 0x00, 0x00, 0x06, 0xff, 0xc0, 0x00, 0x00, 0x00,
    0xef, 0xf4, 0x00, 0x00, 0x00, 0x00, 0x00, 0x00, 0x00, 0x0b, 0xff, 0x70, 0x00, 0x00, 0x00, 0x9f,
    0xf9, 0x00, 0x00, 0x00, 0x00, 0x00, 0x00, 0x00, 0x1f, 0xfe, 0x10, 0x00, 0x00, 0x00, 0x4f, 0xfe,
    0x00, 0x00, 0x00, 0x00, 0x00, 0x00, 0x00, 0x7f, 0xfb, 0x00, 0x00, 0x00, 0x00, 0x0d, 0xff, 0x50,
    0x00, 0x00, 0x00, 0x00, 0x00, 0x00, 0xcf, 0xf5, 0x00, 0x00, 0x00, 0x00, 0x08, 0xff, 0xb0, 0x00,
    0x00, 0x00, 0x00, 0x00, 0x03, 0xff, 0xe0, 0x00, 0x00, 0x00, 0x00, 0x02, 0xff, 0xe1, 0x00, 0x00,
    0x00, 0x00, 0x00, 0x08, 0xff, 0x90, 0x00, 0x00, 0x00, 0x00, 0x00, 0xbf, 0xf7, 0x00, 0x00, 0x00,
    0x00, 0x00, 0x0d, 0xff, 0x30, 0x00, 0x00, 0x00, 0x00, 0x00, 0x6f, 0xfc, 0x00, 0x00, 0x00, 0x00,
    0x00, 0x4f, 0xfd, 0x00, 0x00, 0x00, 0x00, 0x00, 0x00, 0x1e, 0xff, 0x20, 0x00, 0x00, 0x00, 0x00,
    0x9f, 0xf7, 0x00, 0x00, 0x00, 0x00, 0x00, 0x00, 0x0a, 0xff, 0x80, 0x00, 0x00, 0x00, 0x00, 0xef,
    0xf2, 0x00, 0x00, 0x00, 0x00, 0x00, 0x00, 0x04, 0xff, 0xd0, 0x00, 0x00, 0x00, 0x05, 0xff, 0xc0,
    0x00, 0x00, 0x00, 0x00, 0x00, 0x00, 0x00, 0xdf, 0xf4, 0x00, 0x00, 0x00, 0x0a, 0xff, 0x60, 0x00,
    0x00, 0x00, 0x00, 0x00, 0x00, 0x00, 0x8f, 0xf9, 0x00, 0x00, 0x00, 0x1e, 0xfe, 0x10, 0x00, 0x00,
    0x00, 0x00, 0x00, 0x00, 0x00, 0x2f, 0xfe, 0x00, 0x00, 0x00, 0x6f, 0xfa, 0x00, 0x00, 0x00, 0x00,
    0x00, 0x00, 0x00, 0x00, 0x0c, 0xff, 0x50, 0x00, 0x00, 0xbf, 0xf4, 0x00, 0x00, 0x00, 0x00, 0x00,
    0x00, 0x00, 0x00, 0x06, 0xff, 0xa0, 0x00, 0x01, 0xef, 0xe0, 0x00, 0x00, 0x00, 0x00, 0x00, 0x00,
    0x00, 0x00, 0x01, 0xef, 0xe1, 0x00, 0x06, 0xff, 0x80, 0x00, 0x00, 0x00, 0x00, 0x00, 0x00, 0x00,
    0x00, 0x00, 0xaf, 0xf6, 0x00, 0x0c, 0xff, 0x30, 0x00, 0x00, 0x00, 0x00, 0x00, 0x00, 0x00, 0x00,
    0x00, 0x5f, 0xfb, 0x00, 0x2f, 0xfc, 0x00, 0x00, 0x00, 0x00, 0x00, 0x00, 0x00, 0x00, 0x00, 0x00,
    0x0e, 0xfe, 0x10, 0x7f, 0xf7, 0x00, 0x00, 0x00, 0x00, 0x00, 0x00, 0x00, 0x00, 0x00, 0x00, 0x09,
    0xff, 0x60, 0xcf, 0xe1, 0x00, 0x00, 0x00, 0x00, 0x00, 0x00, 0x00, 0x00, 0x00, 0x00, 0x03, 0xff,
    0xb2, 0xff, 0xb0, 0x00, 0x00, 0x00, 0x00, 0x00, 0x00, 0x00, 0x00, 0x00, 0x00, 0x00, 0xcf, 0xe9,
    0xff, 0x50, 0x00, 0x00, 0x00, 0x00, 0x00, 0x00, 0x00, 0x00, 0x00, 0x00, 0x00, 0x7f, 0xff, 0xfe,
    0x00, 0x00, 0x00, 0x00, 0x00, 0x00, 0x00, 0x00, 0x00, 0x00, 0x00, 0x00, 0x1e, 0xff, 0xf9, 0x00,
    0x00, 0x00, 0x00, 0x00, 0x00, 0x00, 0x00, 0x00, 0x00, 0x00, 0x00, 0x0b, 0xff, 0xf4, 0x00, 0x00,
    0x00, 0x00, 0x00, 0x00, 0x6f, 0xfb, 0x00, 0x00, 0x00, 0x00, 0x00, 0x00, 0x00, 0x00, 0xbf, 0xff,
    0x40, 0x00, 0x00, 0x00, 0x00, 0x00, 0x00, 0x00, 0x5f, 0xfd, 0x2f, 0xfe, 0x00, 0x00, 0x00, 0x00,
    0x00, 0x00, 0x00, 0x01, 0xef, 0xff, 0x80, 0x00, 0x00, 0x00, 0x00, 0x00, 0x00, 0x00, 0x9f, 0xf9,
    0x0d, 0xff, 0x40, 0x00, 0x00, 0x00, 0x00, 0x00, 0x00, 0x05, 0xff, 0xff, 0xc0, 0x00, 0x00, 0x00,
    0x00, 0x00, 0x00, 0x00, 0xdf, 0xf4, 0x09, 0xff, 0x80, 0x00, 0x00, 0x00, 0x00, 0x00, 0x00, 0x09,
    0xff, 0xff, 0xe1, 0x00, 0x00, 0x00, 0x00, 0x00, 0x00, 0x02, 0xff, 0xe0, 0x04, 0xff, 0xc0, 0x00,
    0x00, 0x00, 0x00, 0x00, 0x00, 0x0d, 0xfe, 0x9f, 0xf5, 0x00, 0x00, 0x00, 0x00, 0x00, 0x00, 0x06,
    0xff, 0xb0, 0x00, 0xef, 0xf1, 0x00, 0x00, 0x00, 0x00, 0x00, 0x00, 0x2f, 0xfb, 0x5f, 0xf9, 0x00,
    0x00, 0x00, 0x00, 0x00, 0x00, 0x0a, 0xff, 0x70, 0x00, 0xbf, 0xf5, 0x00, 0x00, 0x00, 0x00, 0x00,
    0x00, 0x6f, 0xf8, 0x2f, 0xfd, 0x00, 0x00, 0x00, 0x00, 0x00, 0x00, 0x0e, 0xff, 0x30, 0x00, 0x7f,
    0xf9, 0x00, 0x00, 0x00, 0x00, 0x00, 0x00, 0xaf, 0xf4, 0x0d, 0xff, 0x20, 0x00, 0x00, 0x00, 0x00,
    0x00, 0x3f, 0xfe, 0x00, 0x00, 0x3f, 0xfd, 0x00, 0x00, 0x00, 0x00, 0x00, 0x00, 0xef, 0xe1, 0x09,
    0xff, 0x60, 0x00, 0x00, 0x00, 0x00, 0x00, 0x7f, 0xfa, 0x00, 0x00, 0x0e, 0xff, 0x10, 0x00, 0x00,
    0x00, 0x00, 0x03, 0xff, 0xc0, 0x05, 0xff, 0xa0, 0x00, 0x00, 0x00, 0x00, 0x00, 0xbf, 0xf5, 0x00,
    0x00, 0x0a, 0xff, 0x50, 0x00, 0x00, 0x00, 0x00, 0x07, 0xff, 0x80, 0x01, 0xff, 0xd0, 0x00, 0x00,
    0x00, 0x00, 0x00, 0xef, 0xf1, 0x00, 0x00, 0x05, 0xff, 0x90, 0x00, 0x00, 0x00, 0x00, 0x0b, 0xff,
    0x40, 0x00, 0xcf, 0xf2, 0x00, 0x00, 0x00, 0x00, 0x04, 0xff, 0xc0, 0x00, 0x00, 0x01, 0xff, 0xd0,
    0x00, 0x00, 0x00, 0x00, 0x1e, 0xfe, 0x00, 0x00, 0x8f, 0xf6, 0x00, 0x00, 0x00, 0x00, 0x08, 0xff,
    0x80, 0x00, 0x00, 0x00, 0xcf, 0xf2, 0x00, 0x00, 0x00, 0x00, 0x5f, 0xfb, 0x00, 0x00, 0x4f, 0xfa,
    0x00, 0x00, 0x00, 0x00, 0x0c, 0xff, 0x40, 0x00, 0x00, 0x00, 0x8f, 0xf6, 0x00, 0x00, 0x00, 0x00,
    0x9f, 0xf7, 0x00, 0x00, 0x0e, 0xfe, 0x00, 0x00, 0x00, 0x00, 0x1f, 0xfe, 0x00, 0x00, 0x00, 0x00,
    0x4f, 0xfa, 0x00, 0x00, 0x00, 0x00, 0xdf, 0xf3, 0x00, 0x00, 0x0b, 0xff, 0x30, 0x00, 0x00, 0x00,
    0x5f, 0xfb, 0x00, 0x00, 0x00, 0x00, 0x0e, 0xfe, 0x00, 0x00, 0x00, 0x02, 0xff, 0xe0, 0x00, 0x00,
    0x07, 0xff, 0x70, 0x00, 0x00, 0x00, 0x9f, 0xf6, 0x00, 0x00, 0x00, 0x00, 0x0b, 0xff, 0x30, 0x00,
    0x00, 0x06, 0xff, 0xa0, 0x00, 0x00, 0x03, 0xff, 0xb0, 0x00, 0x00, 0x00, 0xdf, 0xf2, 0x00, 0x00,
    0x00, 0x00, 0x07, 0xff, 0x70, 0x00, 0x00, 0x0a, 0xff, 0x60, 0x00, 0x00, 0x00, 0xef, 0xe0, 0x00,
    0x00, 0x02, 0xff, 0xd0, 0x00, 0x00, 0x00, 0x00, 0x02, 0xff, 0xb0, 0x00, 0x00, 0x0e, 0xff, 0x20,
    0x00, 0x00, 0x00, 0xaf, 0xf4, 0x00, 0x00, 0x06, 0xff, 0x90, 0x00, 0x00, 0x00, 0x00, 0x00, 0xdf,
    0xe0, 0x00, 0x00, 0x3f, 0xfd, 0x00, 0x00, 0x00, 0x00, 0x6f, 0xf8, 0x00, 0x00, 0x0a, 0xff, 0x50,
    0x00, 0x00, 0x00, 0x00, 0x00, 0x9f, 0xf3, 0x00, 0x00, 0x7f, 0xf9, 0x00, 0x00, 0x00, 0x00, 0x2f,
    0xfc, 0x00, 0x00, 0x0e, 0xfe, 0x10, 0x00, 0x00, 0x00, 0x00, 0x00, 0x5f, 0xf7, 0x00, 0x00, 0xbf,
    0xf4, 0x00, 0x00, 0x00, 0x00, 0x0d, 0xff, 0x10, 0x00, 0x3f, 0xfc, 0x00, 0x00, 0x00, 0x00, 0x00,
    0x00, 0x1e, 0xfb, 0x00, 0x00, 0xef, 0xe1, 0x00, 0x00, 0x00, 0x00, 0x09, 0xff, 0x50, 0x00, 0x7f,
    0xf7, 0x00, 0x00, 0x00, 0x00, 0x00, 0x00, 0x0c, 0xfe, 0x00, 0x04, 0xff, 0xb0, 0x00, 0x00, 0x00,
    0x00, 0x05, 0xff, 0x90, 0x00, 0xbf, 0xf3, 0x00, 0x00, 0x00, 0x00, 0x00, 0x00, 0x08, 0xff, 0x40,
    0x08, 0xff, 0x70, 0x00, 0x00, 0x00, 0x00, 0x01, 0xef, 0xd0, 0x00, 0xef, 0xe0, 0x00, 0x00, 0x00,
    0x00, 0x00, 0x00, 0x04, 0xff, 0x70, 0x0c, 0xff, 0x30, 0x00, 0x00, 0x00, 0x00, 0x00, 0xbf, 0xf1,
    0x04, 0xff, 0xa0, 0x00, 0x00, 0x00, 0x00, 0x00, 0x00, 0x00, 0xef, 0xb0, 0x1f, 0xfe, 0x00, 0x00,
    0x00, 0x00, 0x00, 0x00, 0x7f, 0xf5, 0x08, 0xff, 0x60, 0x00, 0x00, 0x00, 0x00, 0x00, 0x00, 0x00,
    0xaf, 0xe0, 0x5f, 0xfa, 0x00, 0x00, 0x00, 0x00, 0x00, 0x00, 0x3f, 0xf9, 0x0b, 0xff, 0x20, 0x00,
    0x00, 0x00, 0x00, 0x00, 0x00, 0x00, 0x6f, 0xf3, 0x8f, 0xf6, 0x00, 0x00, 0x00, 0x00, 0x00, 0x00,
    0x0e, 0xfd, 0x0e, 0xfd, 0x00, 0x00, 0x00, 0x00, 0x00, 0x00, 0x00, 0x00, 0x2f, 0xf6, 0xbf, 0xf2,
    0x00, 0x00, 0x00, 0x00, 0x00, 0x00, 0x0a, 0xff, 0x5f, 0xf9, 0x00, 0x00, 0x00, 0x00, 0x00, 0x00,
    0x00, 0x00, 0x0d, 0xfa, 0xdf, 0xd0, 0x00, 0x00, 0x00, 0x00, 0x00, 0x00, 0x06, 0xff, 0xcf, 0xf4,
    0x00, 0x00, 0x00, 0x00, 0x00, 0x00, 0x00, 0x00, 0x09, 0xfd, 0xef, 0x90, 0x00, 0x00, 0x00, 0x00,
    0x00, 0x00, 0x02, 0xff, 0xff, 0xe0, 0x00, 0x00, 0x00, 0x00, 0x00, 0x00, 0x00, 0x00, 0x05, 0xff,
    0xff, 0x50, 0x00, 0x00, 0x00, 0x00, 0x00, 0x00, 0x00, 0xdf, 0xff, 0xb0, 0x00, 0x00, 0x00, 0x00,
    0x00, 0x00, 0x00, 0x00, 0x01, 0xef, 0xfe, 0x10, 0x00, 0x00, 0x00, 0x00, 0x00, 0x00, 0x00, 0x9f,
    0xff, 0x70, 0x00, 0x00, 0x00, 0x00, 0x06, 0xff, 0xf4, 0x00, 0x00, 0x00, 0x00, 0x00, 0x00, 0x00,
    0x00, 0x00, 0x3e, 0xff, 0x50, 0x00, 0xaf, 0xfd, 0x10, 0x00, 0x00, 0x00, 0x00, 0x00, 0x00, 0x00,
    0x00, 0xcf, 0xfa, 0x00, 0x00, 0x1d, 0xff, 0x90, 0x00, 0x00, 0x00, 0x00, 0x00, 0x00, 0x00, 0x09,
    0xff, 0xd1, 0x00, 0x00, 0x04, 0xff, 0xf5, 0x00, 0x00, 0x00, 0x00, 0x00, 0x00, 0x00, 0x4f, 0xff,
    0x40, 0x00, 0x00, 0x00, 0x9f, 0xfe, 0x10, 0x00, 0x00, 0x00, 0x00, 0x00, 0x01, 0xdf, 0xf8, 0x00,
    0x00, 0x00, 0x00, 0x0d, 0xff, 0xb0, 0x00, 0x00, 0x00, 0x00, 0x00, 0x0a, 0xff, 0xc0, 0x00, 0x00,
    0x00, 0x00, 0x03, 0xef, 0xf6, 0x00, 0x00, 0x00, 0x00, 0x00, 0x6f, 0xfe, 0x30, 0x00, 0x00, 0x00,
    0x00, 0x00, 0x8f, 0xfe, 0x20, 0x00, 0x00, 0x00, 0x02, 0xef, 0xf7, 0x00, 0x00, 0x00, 0x00, 0x00,
    0x00, 0x0c, 0xff, 0xb0, 0x00, 0x00, 0x00, 0x0b, 0xff, 0xb0, 0x00, 0x00, 0x00, 0x00, 0x00, 0x00,
    0x02, 0xef, 0xf7, 0x00, 0x00, 0x00, 0x7f, 0xfe, 0x20, 0x00, 0x00, 0x00, 0x00, 0x00, 0x00, 0x00,
    0x6f, 0xfe, 0x20, 0x00, 0x02, 0xef, 0xf5, 0x00, 0x00, 0x00, 0x00, 0x00, 0x00, 0x00, 0x00, 0x0b,
    0xff, 0xc0, 0x00, 0x0c, 0xff, 0xa0, 0x00, 0x00, 0x00, 0x00, 0x00, 0x00, 0x00, 0x00, 0x01, 0xef,
    0xf7, 0x00, 0x8f, 0xfd, 0x10, 0x00, 0x00, 0x00, 0x00, 0x00, 0x00, 0x00, 0x00, 0x00, 0x5f, 0xfe,
    0x33, 0xef, 0xf4, 0x00, 0x00, 0x00, 0x00, 0x00, 0x00, 0x00, 0x00, 0x00, 0x00, 0x0a, 0xff, 0xcd,
    0xff, 0x80, 0x00, 0x00, 0x00, 0x00, 0x00, 0x00, 0x00, 0x00, 0x00, 0x00, 0x01, 0xdf, 0xff, 0xfc,
    0x00, 0x00, 0x00, 0x00, 0x00, 0x00, 0x00, 0x00, 0x00, 0x00, 0x00, 0x00, 0x4f, 0xff, 0xf3, 0x00,
    0x00, 0x00, 0x00, 0x00, 0x00, 0x00, 0x00, 0x00, 0x00, 0x00, 0x00, 0x2f, 0xff, 0xf2, 0x00, 0x00,
    0x00, 0x00, 0x00, 0x00, 0x00, 0x00, 0x00, 0x00, 0x00, 0x00, 0xbf, 0xff, 0xfc, 0x00, 0x00, 0x00,
    0x00, 0x00, 0x00, 0x00, 0x00, 0x00, 0x00, 0x00, 0x07, 0xff, 0xff, 0xff, 0x70, 0x00, 0x00, 0x00,
    0x00, 0x00, 0x00, 0x00, 0x00, 0x00, 0x00, 0x3e, 0xff, 0x45, 0xff, 0xe3, 0x00, 0x00, 0x00, 0x00,
    0x00, 0x00, 0x00, 0x00, 0x00, 0x00, 0xcf, 0xf9, 0x00, 0xaf, 0xfd, 0x00, 0x00, 0x00, 0x00, 0x00,
    0x00, 0x00, 0x00, 0x00, 0x09, 0xff, 0xd0, 0x00, 0x1d, 0xff, 0x90, 0x00, 0x00, 0x00, 0x00, 0x00,
    0x00, 0x00, 0x00, 0x4f, 0xfe, 0x40, 0x00, 0x05, 0xff, 0xf4, 0x00, 0x00, 0x00, 0x00, 0x00, 0x00,
    0x00, 0x01, 0xdf, 0xf8, 0x00, 0x00, 0x00, 0xaf, 0xfd, 0x10, 0x00, 0x00, 0x00, 0x00, 0x00, 0x00,
    0x0a, 0xff, 0xc0, 0x00, 0x00, 0x00, 0x1d, 0xff, 0xa0, 0x00, 0x00, 0x00, 0x00, 0x00, 0x00, 0x6f,
    0xfe, 0x30, 0x00, 0x00, 0x00, 0x04, 0xff, 0xf5, 0x00, 0x00, 0x00, 0x00, 0x00, 0x02, 0xef, 0xf7,
    0x00, 0x00, 0x00, 0x00, 0x00, 0x9f, 0xfe, 0x10, 0x00, 0x00, 0x00, 0x00, 0x0b, 0xff, 0xb0, 0x00,
    0x00, 0x00, 0x00, 0x00, 0x0c, 0xff, 0xb0, 0x00, 0x00, 0x00, 0x00, 0x7f, 0xfe, 0x20, 0x00, 0x00,
    0x00, 0x00, 0x00, 0x03, 0xef, 0xf6, 0x00, 0x00, 0x00, 0x03, 0xef, 0xf5, 0x00, 0x00, 0x00, 0x00,
    0x00, 0x00, 0x00, 0x7f, 0xfe, 0x20, 0x00, 0x00, 0x0d, 0xff, 0xa0, 0x00, 0x00, 0x00, 0x00, 0x00,
    0x00, 0x00, 0x0b, 0xff, 0xc0, 0x00, 0x00, 0x9f, 0xfd, 0x10, 0x00, 0x00, 0x00, 0x00, 0x00, 0x00,
    0x00, 0x02, 0xef, 0xf8, 0x00, 0x04, 0xff, 0xf4, 0x00, 0x00, 0x00, 0x00, 0x00, 0x00, 0x00, 0x00,
    0x00, 0x6f, 0xfe, 0x30, 0x1d, 0xff, 0x90, 0x00, 0x00, 0x00, 0x00, 0x00, 0x00, 0x00, 0x00, 0x00,
    0x0a, 0xff, 0xd0, 0xaf, 0xfd, 0x10, 0x00, 0x00, 0x00, 0x00, 0x00, 0x00, 0x00, 0x00, 0x00, 0x0d,
    0xff, 0xa0, 0x1e, 0xff, 0x90, 0x00, 0x00, 0x00, 0x00, 0x00, 0x00, 0x00, 0x00, 0x00, 0x9f, 0xfe,
    0x10, 0x05, 0xff, 0xf4, 0x00, 0x00, 0x00, 0x00, 0x00, 0x00, 0x00, 0x00, 0x03, 0xff, 0xf5, 0x00,
    0x00, 0xaf, 0xfd, 0x00, 0x00, 0x00, 0x00, 0x00, 0x00, 0x00, 0x00, 0x0d, 0xff, 0xb0, 0x00, 0x00,
    0x1e, 0xff, 0x90, 0x00, 0x00, 0x00, 0x00, 0x00, 0x00, 0x00, 0x8f, 0xfe, 0x10, 0x00, 0x00, 0x06,
    0xff, 0xf3, 0x00, 0x00, 0x00, 0x00, 0x00, 0x00, 0x03, 0xef, 0xf6, 0x00, 0x00, 0x00, 0x00, 0xbf,
    0xfd, 0x00, 0x00, 0x00, 0x00, 0x00, 0x00, 0x0c, 0xff, 0xb0, 0x00, 0x00, 0x00, 0x00, 0x2e, 0xff,
    0x80, 0x00, 0x00, 0x00, 0x00, 0x00, 0x7f, 0xfe, 0x20, 0x00, 0x00, 0x00, 0x00, 0x06, 0xff, 0xe3,
    0x00, 0x00, 0x00, 0x00, 0x02, 0xef, 0xf7, 0x00, 0x00, 0x00, 0x00, 0x00, 0x00, 0xbf, 0xfc, 0x00,
    0x00, 0x00, 0x00, 0x0b, 0xff, 0xc0, 0x00, 0x00, 0x00, 0x00, 0x00, 0x00, 0x2e, 0xff, 0x70, 0x00,
    0x00, 0x00, 0x6f, 0xfe, 0x20, 0x00, 0x00, 0x00, 0x00, 0x00, 0x00, 0x07, 0xff, 0xe2, 0x00, 0x00,
    0x01, 0xef, 0xf7, 0x00, 0x00, 0x00, 0x00, 0x00, 0x00, 0x00, 0x00, 0xcf, 0xfb, 0x00, 0x00, 0x0a,
    0xff, 0xc0, 0x00, 0x00, 0x00, 0x00, 0x00, 0x00, 0x00, 0x00, 0x2e, 0xff, 0x60, 0x00, 0x5f, 0xfe,
    0x30, 0x00, 0x00, 0x00, 0x00, 0x00, 0x00, 0x00, 0x00, 0x07, 0xff, 0xe1, 0x01, 0xdf, 0xf8, 0x00,
    0x00, 0x00, 0x00, 0x00, 0x00, 0x00, 0x00, 0x00, 0x00, 0xcf, 0xfa, 0x08, 0xff, 0xc0, 0x00, 0x00,
    0x00, 0x00, 0x00, 0x00, 0x00, 0x00, 0x00, 0x00, 0x3e, 0xff, 0x7e, 0xfe, 0x30, 0x00, 0x00, 0x00,
    0x00, 0x00, 0x00, 0x00, 0x00, 0x00, 0x00, 0x08, 0xff, 0xff, 0xf8, 0x00, 0x00, 0x00, 0x00, 0x00,
    0x00, 0x00, 0x00, 0x00, 0x00, 0x00, 0x00, 0xcf, 0xff, 0xd0, 0x00, 0x00, 0x00, 0x00, 0x00, 0x00,
    0x00, 0x00, 0x00, 0x00, 0x00, 0x00, 0x3f, 0xff, 0x40, 0x00, 0x00, 0x00, 0x00, 0x00, 0x00, 0x00,
    0x00, 0x00, 0x00, 0x00, 0x00, 0x0f, 0xff, 0x00, 0x00, 0x00, 0x00, 0x00, 0x00, 0x00, 0x00, 0x00,
    0x00, 0x00, 0x00, 0x00, 0x0f, 0xff, 0x00, 0x00, 0x00, 0x00, 0x00, 0x00, 0x00, 0x00, 0x00, 0x00,
    0x00, 0x00, 0x00, 0x0f, 0xff, 0x00, 0x00, 0x00, 0x00, 0x00, 0x00, 0x00, 0x00, 0x00, 0x00, 0x00,
    0x00, 0x00, 0x0f, 0xff, 0x00, 0x00, 0x00, 0x00, 0x00, 0x00, 0x00, 0x00, 0x00, 0x00, 0x00, 0x00,
    0x00, 0x0f, 0xff, 0x00, 0x00, 0x00, 0x00, 0x00, 0x00, 0x00, 0x00, 0x00, 0x00, 0x00, 0x00, 0x00,
    0x0f, 0xff, 0x00, 0x00, 0x00, 0x00, 0x00, 0x00, 0x00, 0x00, 0x00, 0x00, 0x00, 0x00, 0x00, 0x0f,
    0xff, 0x00, 0x00, 0x00, 0x00, 0x00, 0x00, 0x00, 0x00, 0x00, 0x00, 0x00, 0x00, 0x00, 0x0f, 0xff,
    0x00, 0x00, 0x00, 0x00, 0x00, 0x00, 0x00, 0x00, 0x00, 0x00, 0x00, 0x00, 0x00, 0x0f, 0xff, 0x00,
    0x00, 0x00, 0x00, 0x00, 0x00, 0x00, 0x00, 0x00, 0x00, 0x00, 0x00, 0x00, 0x0f, 0xff, 0x00, 0x00,
    0x00, 0x00, 0x00, 0x00, 0x00, 0x00, 0x00, 0x00, 0x00, 0x00, 0x00, 0x0f, 0xff, 0x00, 0x00, 0x00,
    0x00, 0x00, 0x00, 0x00, 0x00, 0x00, 0x00, 0x00, 0x00, 0x00, 0x0f, 0xff, 0x00, 0x00, 0x00, 0x00,
    0x00, 0x00, 0x00, 0x00, 0x00, 0x00, 0x00, 0x00, 0x00, 0x0f, 0xff, 0x00, 0x00, 0x00, 0x00, 0x00,
    0x00, 0x00, 0x00, 0x00, 0x00, 0x00, 0x00, 0x00, 0x0f, 0xff, 0x00, 0x00, 0x00, 0x00, 0x00, 0x00,
    0x00, 0x00, 0x00, 0x00, 0x00, 0x00, 0x00, 0x0f, 0xff, 0x00, 0x00, 0x00, 0x00, 0x00, 0x00, 0x00,
    0x0f, 0xff, 0xff, 0xff, 0xff, 0xff, 0xff, 0xff, 0xff, 0xff, 0xff, 0xff, 0xff, 0x0f, 0xff, 0xff,
    0xff, 0xff, 0xff, 0xff, 0xff, 0xff, 0xff, 0xff, 0xff, 0xff, 0x0b, 0xbb, 0xbb, 0xbb, 0xbb, 0xbb,
    0xbb, 0xbb, 0xbb, 0xbb, 0xbb, 0xff, 0xfe, 0x00, 0x00, 0x00, 0x00, 0x00, 0x00, 0x00, 0x00, 0x00,
    0x00, 0x03, 0xef, 0xf5, 0x00, 0x00, 0x00, 0x00, 0x00, 0x00, 0x00, 0x00, 0x00, 0x00, 0x1d, 0xff,
    0x90, 0x00, 0x00, 0x00, 0x00, 0x00, 0x00, 0x00, 0x00, 0x00, 0x00, 0xbf, 0xfc, 0x00, 0x00, 0x00,
    0x00, 0x00, 0x00, 0x00, 0x00, 0x00, 0x00, 0x08, 0xff, 0xe2, 0x00, 0x00, 0x00, 0x00, 0x00, 0x00,
    0x00, 0x00, 0x00, 0x00, 0x5f, 0xff, 0x50, 0x00, 0x00, 0x00, 0x00, 0x00, 0x00, 0x00, 0x00, 0x00,
    0x02, 0xef, 0xf9, 0x00, 0x00, 0x00, 0x00, 0x00, 0x00, 0x00, 0x00, 0x00, 0x00, 0x0c, 0xff, 0xc0,
    0x00, 0x00, 0x00, 0x00, 0x00, 0x00, 0x00, 0x00, 0x00, 0x00, 0x8f, 0xfe, 0x20, 0x00, 0x00, 0x00,
    0x00, 0x00, 0x00, 0x00, 0x00, 0x00, 0x05, 0xff, 0xf6, 0x00, 0x00, 0x00, 0x00, 0x00, 0x00, 0x00,
    0x00, 0x00, 0x00, 0x2e, 0xff, 0x90, 0x00, 0x00, 0x00, 0x00, 0x00, 0x00, 0x00, 0x00, 0x00, 0x00,
    0xcf, 0xfc, 0x00, 0x00, 0x00, 0x00, 0x00, 0x00, 0x00, 0x00, 0x00, 0x00, 0x09, 0xff, 0xe2, 0x00,
    0x00, 0x00, 0x00, 0x00, 0x00, 0x00, 0x00, 0x00, 0x00, 0x5f, 0xff, 0x60, 0x00, 0x00, 0x00, 0x00,
    0x00, 0x00, 0x00, 0x00, 0x00, 0x02, 0xef, 0xfa, 0x00, 0x00, 0x00, 0x00, 0x00, 0x00, 0x00, 0x00,
    0x00, 0x00, 0x0c, 0xff, 0xd0, 0x00, 0x00, 0x00, 0x00, 0x00, 0x00, 0x00, 0x00, 0x00, 0x00, 0x9f,
    0xfe, 0x30, 0x00, 0x00, 0x00, 0x00, 0x00, 0x00, 0x00, 0x00, 0x00, 0x05, 0xff, 0xf6, 0x00, 0x00,
    0x00, 0x00, 0x00, 0x00, 0x00, 0x00, 0x00, 0x00, 0x2e, 0xff, 0xa0, 0x00, 0x00, 0x00, 0x00, 0x00,
    0x00, 0x00, 0x00, 0x00, 0x00, 0xcf, 0xfd, 0x10, 0x00, 0x00, 0x00, 0x00, 0x00, 0x00, 0x00, 0x00,
    0x00, 0x09, 0xff, 0xe3, 0x00, 0x00, 0x00, 0x00, 0x00, 0x00, 0x00, 0x00, 0x00, 0x00, 0x5f, 0xff,
    0x60, 0x00, 0x00, 0x00, 0x00, 0x00, 0x00, 0x00, 0x00, 0x00, 0x02, 0xef, 0xfa, 0x00, 0x00, 0x00,
    0x00, 0x00, 0x00, 0x00, 0x00, 0x00, 0x00, 0x0c, 0xff, 0xd1, 0x00, 0x00, 0x00, 0x00, 0x00, 0x00,
    0x00, 0x00, 0x00, 0x00, 0x9f, 0xfe, 0x30, 0x00, 0x00, 0x00, 0x00, 0x00, 0x00, 0x00, 0x00, 0x00,
    0x05, 0xff, 0xf6, 0x00, 0x00, 0x00, 0x00, 0x00, 0x00, 0x00, 0x00, 0x00, 0x00, 0x2e, 0xff, 0xa0,
    0x00, 0x00, 0x00, 0x00, 0x00, 0x00, 0x00, 0x00, 0x00, 0x00, 0xcf, 0xfd, 0x10, 0x00, 0x00, 0x00,
    0x00, 0x00, 0x00, 0x00, 0x00, 0x00, 0x09, 0xff, 0xe3, 0x00, 0x00, 0x00, 0x00, 0x00, 0x00, 0x00,
    0x00, 0x00, 0x00, 0x5f, 0xff, 0x60, 0x00, 0x00, 0x00, 0x00, 0x00, 0x00, 0x00, 0x00, 0x00, 0x00,
    0xef, 0xff, 0xbb, 0xbb, 0xbb, 0xbb, 0xbb, 0xbb, 0xbb, 0xbb, 0xbb, 0xbb, 0xbb, 0xff, 0xff, 0xff,
    0xff, 0xff, 0xff, 0xff, 0xff, 0xff, 0xff, 0xff, 0xff, 0xff, 0xff, 0xff, 0xff, 0xff, 0xff, 0xff,
    0xff, 0xff, 0xff, 0xff, 0xff, 0xff, 0xff, 0x00, 0x00, 0x00, 0x49, 0xce, 0xee, 0xc9, 0x50, 0x00,
    0x00, 0x00, 0x00, 0x4c, 0xff, 0xff, 0xff, 0xff, 0xfd, 0x60, 0x00, 0x00, 0x08, 0xff, 0xff, 0xec,
    0xbc, 0xef, 0xff, 0xf9, 0x00, 0x00, 0x7f, 0xff, 0xc4, 0x00, 0x00, 0x03, 0xbf, 0xff, 0x80, 0x03,
    0xef, 0xf8, 0x00, 0x00, 0x00, 0x00, 0x07, 0xff, 0xe2, 0x0a, 0xff, 0xa0, 0x00, 0x00, 0x00, 0x00,
    0x00, 0xaf, 0xf8, 0x0d, 0xff, 0x30, 0x00, 0x00, 0x00, 0x00, 0x00, 0x4f, 0xfc, 0x0a, 0xaa, 0x00,
    0x00, 0x00, 0x00, 0x00, 0x00, 0x1f, 0xfe, 0x00, 0x00, 0x00, 0x00, 0x00, 0x00, 0x00, 0x00, 0x1f,
    0xff, 0x00, 0x00, 0x00, 0x00, 0x00, 0x00, 0x00, 0x01, 0x9f, 0xff, 0x00, 0x00, 0x00, 0x00, 0x00,
    0x24, 0x68, 0xbe, 0xff, 0xff, 0x00, 0x00, 0x03, 0x7a, 0xde, 0xff, 0xff, 0xff, 0xef, 0xff, 0x00,
    0x17, 0xef, 0xff, 0xff, 0xff, 0xfd, 0xa6, 0x2f, 0xff, 0x03, 0xdf, 0xff, 0xfd, 0x97, 0x42, 0x00,
    0x00, 0x0f, 0xff, 0x1d, 0xff, 0xe8, 0x20, 0x00, 0x00, 0x00, 0x00, 0x0f, 0xff, 0x8f, 0xfd, 0x20,
    0x00, 0x00, 0x00, 0x00, 0x00, 0x1f, 0xff, 0xcf, 0xf5, 0x00, 0x00, 0x00, 0x00, 0x00, 0x00, 0x3f,
    0xff, 0xef, 0xf1, 0x00, 0x00, 0x00, 0x00, 0x00, 0x00, 0x6f, 0xff, 0xef, 0xf1, 0x00, 0x00, 0x00,
    0x00, 0x00, 0x00, 0xcf, 0xff, 0xcf, 0xf5, 0x00, 0x00, 0x00, 0x00, 0x00, 0x07, 0xff, 0xff, 0x8f,
    0xfd, 0x20, 0x00, 0x00, 0x00, 0x00, 0x6e, 0xdf, 0xff, 0x1e, 0xff, 0xd6, 0x10, 0x00, 0x00, 0x5b,
    0xff, 0x5f, 0xff, 0x03, 0xef, 0xff, 0xfd, 0xbb, 0xde, 0xff, 0xf7, 0x0f, 0xff, 0x00, 0x2b, 0xff,
    0xff, 0xff, 0xff, 0xfd, 0x50, 0x0f, 0xff, 0x00, 0x00, 0x38, 0xbd, 0xee, 0xda, 0x60, 0x00, 0x0f,
    0xff, 0xff, 0xf0, 0x00, 0x00, 0x00, 0x00, 0x00, 0x00, 0x00, 0x00, 0x00, 0x00, 0xff, 0xf0, 0x00,
    0x00, 0x00, 0x00, 0x00, 0x00, 0x00, 0x00, 0x00, 0x00, 0xff, 0xf0, 0x00, 0x00, 0x00, 0x00, 0x00,
    0x00, 0x00, 0x00, 0x00, 0x00, 0xff, 0xf0, 0x00, 0x00, 0x00, 0x00, 0x00, 0x00, 0x00, 0x00, 0x00,
    0x00, 0xff, 0xf0, 0x00, 0x00, 0x00, 0x00, 0x00, 0x00, 0x00, 0x00, 0x00, 0x00, 0xff, 0xf0, 0x00,
    0x00, 0x00, 0x00, 0x00, 0x00, 0x00, 0x00, 0x00, 0x00, 0xff, 0xf0, 0x00, 0x00, 0x00, 0x00, 0x00,
    0x00, 0x00, 0x00, 0x00, 0x00, 0xff, 0xf0, 0x00, 0x00, 0x00, 0x00, 0x00, 0x00, 0x00, 0x00, 0x00,
    0x00, 0xff, 0xf0, 0x00, 0x00, 0x00, 0x00, 0x00, 0x00, 0x00, 0x00, 0x00, 0x00, 0xff, 0xf0, 0x00,
    0x00, 0x00, 0x00, 0x00, 0x00, 0x00, 0x00, 0x00, 0x00, 0xff, 0xf0, 0x00, 0x02, 0x8c, 0xde, 0xdb,
    0x72, 0x00, 0x00, 0x00, 0x00, 0xff, 0xf0, 0x01, 0xaf, 0xff, 0xff, 0xff, 0xfe, 0x91, 0x00, 0x00,
    0x00, 0xff, 0xf0, 0x2d, 0xff, 0xfd, 0xbb, 0xdf, 0xff, 0xfd, 0x20, 0x00, 0x00, 0xff, 0xf2, 0xdf,
    0xe8, 0x20, 0x00, 0x01, 0x8e, 0xff, 0xd2, 0x00, 0x00, 0xff, 0xf9, 0xfe, 0x30, 0x00, 0x00, 0x00,
    0x02, 0xdf, 0xfc, 0x00, 0x00, 0xff, 0xff, 0xe3, 0x00, 0x00, 0x00, 0x00, 0x00, 0x2e, 0xff, 0x60,
    0x00, 0xff, 0xff, 0x80, 0x00, 0x00, 0x00, 0x00, 0x00, 0x06, 0xff, 0xd0, 0x00, 0xff, 0xfe, 0x00,
    0x00, 0x00, 0x00, 0x00, 0x00, 0x00, 0xdf, 0xf4, 0x00, 0xff, 0xfa, 0x00, 0x00, 0x00, 0x00, 0x00,
    0x00, 0x00, 0x8f, 0xf8, 0x00, 0xff, 0xf5, 0x00, 0x00, 0x00, 0x00, 0x00, 0x00, 0x00, 0x4f, 0xfb,
    0x00, 0xff, 0xf3, 0x00, 0x00, 0x00, 0x00, 0x00, 0x00, 0x00, 0x2f, 0xfd, 0x00, 0xff, 0xf2, 0x00,
    0x00, 0x00, 0x00, 0x00, 0x00, 0x00, 0x0f, 0xfe, 0x00, 0xff, 0xf1, 0x00, 0x00, 0x00, 0x00, 0x00,
    0x00, 0x00, 0x0f, 0xff, 0x00, 0xff, 0xf2, 0x00, 0x00, 0x00, 0x00, 0x00, 0x00, 0x00, 0x0f, 0xfe,
    0x00, 0xff, 0xf3, 0x00, 0x00, 0x00, 0x00, 0x00, 0x00, 0x00, 0x2f, 0xfd, 0x00, 0xff, 0xf5, 0x00,
    0x00, 0x00, 0x00, 0x00, 0x00, 0x00, 0x4f, 0xfb, 0x00, 0xff, 0xfa, 0x00, 0x00, 0x00, 0x00, 0x00,
    0x00, 0x00, 0x8f, 0xf8, 0x00, 0xff, 0xfe, 0x00, 0x00, 0x00, 0x00, 0x00, 0x00, 0x00, 0xdf, 0xf4,
    0x00, 0xff, 0xff, 0x80, 0x00, 0x00, 0x00, 0x00, 0x00, 0x06, 0xff, 0xd0, 0x00, 0xff, 0xff, 0xe3,
    0x00, 0x00, 0x00, 0x00, 0x00, 0x2e, 0xff, 0x60, 0x00, 0xff, 0xfa, 0xfe, 0x30, 0x00, 0x00, 0x00,
    0x02, 0xdf, 0xfc, 0x00, 0x00, 0xff, 0xf2, 0xdf, 0xe8, 0x20, 0x00, 0x01, 0x8e, 0xff, 0xd2, 0x00,
    0x00, 0xff, 0xf0, 0x2d, 0xff, 0xfd, 0xbb, 0xdf, 0xff, 0xfd, 0x20, 0x00, 0x00, 0xff, 0xf0, 0x01,
    0xaf, 0xff, 0xff, 0xff, 0xfe, 0x91, 0x00, 0x00, 0x00, 0xff, 0xf0, 0x00, 0x02, 0x8c, 0xde, 0xdb,
    0x82, 0x00, 0x00, 0x00, 0x00, 0x00, 0x00, 0x00, 0x05, 0xac, 0xee, 0xdb, 0x82, 0x00, 0x00, 0x00,
    0x00, 0x00, 0x06, 0xdf, 0xff, 0xff, 0xff, 0xff, 0xb2, 0x00, 0x00, 0x00, 0x00, 0xaf, 0xff, 0xfd,
    0xbb, 0xce, 0xff, 0xfe, 0x40, 0x00, 0x00, 0x0b, 0xff, 0xe9, 0x30, 0x00, 0x00, 0x5d, 0xff, 0xe4,
    0x00, 0x00, 0x9f, 0xfe, 0x50, 0x00, 0x00, 0x00, 0x00, 0xaf, 0xfd, 0x10, 0x03, 0xff, 0xe4, 0x00,
    0x00, 0x00, 0x00, 0x00, 0x0b, 0xff, 0x80, 0x0b, 0xff, 0x90, 0x00, 0x00, 0x00, 0x00, 0x00, 0x02,
    0xff, 0xe1, 0x2f, 0xfe, 0x10, 0x00, 0x00, 0x00, 0x00, 0x00, 0x00, 0xbf, 0xf4, 0x7f, 0xfa, 0x00,
    0x00, 0x00, 0x00, 0x00, 0x00, 0x00, 0x35, 0x52, 0xaf, 0xf5, 0x00, 0x00, 0x00, 0x00, 0x00, 0x00,
    0x00, 0x00, 0x00, 0xdf, 0xf3, 0x00, 0x00, 0x00, 0x00, 0x00, 0x00, 0x00, 0x00, 0x00, 0xef, 0xf2,
    0x00, 0x00, 0x00, 0x00, 0x00, 0x00, 0x00, 0x00, 0x00, 0xef, 0xf1, 0x00, 0x00, 0x00, 0x00, 0x00,
    0x00, 0x00, 0x00, 0x00, 0xef, 0xf2, 0x00, 0x00, 0x00, 0x00, 0x00, 0x00, 0x00, 0x00, 0x00, 0xdf,
    0xf3, 0x00, 0x00, 0x00, 0x00, 0x00, 0x00, 0x00, 0x00, 0x00, 0xaf, 0xf5, 0x00, 0x00, 0x00, 0x00,
    0x00, 0x00, 0x00, 0x00, 0x00, 0x7f, 0xfa, 0x00, 0x00, 0x00, 0x00, 0x00, 0x00, 0x00, 0x34, 0x42,
    0x2f, 0xfe, 0x00, 0x00, 0x00, 0x00, 0x00, 0x00, 0x00, 0xcf, 0xf4, 0x0b, 0xff, 0x80, 0x00, 0x00,
    0x00, 0x00, 0x00, 0x03, 0xff, 0xe1, 0x04, 0xff, 0xe3, 0x00, 0x00, 0x00, 0x00, 0x00, 0x0c, 0xff,
    0x80, 0x00, 0x9f, 0xfe, 0x40, 0x00, 0x00, 0x00, 0x00, 0xaf, 0xfd, 0x10, 0x00, 0x0c, 0xff, 0xe9,
    0x20, 0x00, 0x00, 0x5c, 0xff, 0xe4, 0x00, 0x00, 0x00, 0xbf, 0xff, 0xfd, 0xbb, 0xce, 0xff, 0xfe,
    0x40, 0x00, 0x00, 0x00, 0x06, 0xef, 0xff, 0xff, 0xff, 0xff, 0xa1, 0x00, 0x00, 0x00, 0x00, 0x00,
    0x05, 0xad, 0xee, 0xdb, 0x82, 0x00, 0x00, 0x00, 0x00, 0x00, 0x00, 0x00, 0x00, 0x00, 0x00, 0x00,
    0x00, 0x0f, 0xff, 0x00, 0x00, 0x00, 0x00, 0x00, 0x00, 0x00, 0x00, 0x00, 0x00, 0x0f, 0xff, 0x00,
    0x00, 0x00, 0x00, 0x00, 0x00, 0x00, 0x00, 0x00, 0x00, 0x0f, 0xff, 0x00, 0x00, 0x00, 0x00, 0x00,
    0x00, 0x00, 0x00, 0x00, 0x00, 0x0f, 0xff, 0x00, 0x00, 0x00, 0x00, 0x00, 0x00, 0x00, 0x00, 0x00,
    0x00, 0x0f, 0xff, 0x00, 0x00, 0x00, 0x00, 0x00, 0x00, 0x00, 0x00, 0x00, 0x00, 0x0f, 0xff, 0x00,
    0x00, 0x00, 0x00, 0x00, 0x00, 0x00, 0x00, 0x00, 0x00, 0x0f, 0xff, 0x00, 0x00, 0x00, 0x00, 0x00,
    0x00, 0x00, 0x00, 0x00, 0x00, 0x0f, 0xff, 0x00, 0x00, 0x00, 0x00, 0x00, 0x00, 0x00, 0x00, 0x00,
    0x00, 0x0f, 0xff, 0x00, 0x00, 0x00, 0x00, 0x00, 0x00, 0x00, 0x00, 0x00, 0x00, 0x0f, 0xff, 0x00,
    0x00, 0x00, 0x00, 0x27, 0xbd, 0xee, 0xc8, 0x30, 0x00, 0x0f, 0xff, 0x00, 0x00, 0x00, 0x09, 0xef,
    0xff, 0xff, 0xff, 0xfb, 0x10, 0x0f, 0xff, 0x00, 0x00, 0x02, 0xdf, 0xff, 0xfd, 0xbb, 0xce, 0xff,
    0xe3, 0x0f, 0xff, 0x00, 0x00, 0x1d, 0xff, 0xe8, 0x20, 0x00, 0x01, 0x6e, 0xfd, 0x2f, 0xff, 0x00,
    0x00, 0xbf, 0xfd, 0x30, 0x00, 0x00, 0x00, 0x01, 0xcf, 0xaf, 0xff, 0x00, 0x05, 0xff, 0xe3, 0x00,
    0x00, 0x00, 0x00, 0x00, 0x1c, 0xff, 0xff, 0x00, 0x0c, 0xff, 0x70, 0x00, 0x00, 0x00, 0x00, 0x00,
    0x03, 0xff, 0xff, 0x00, 0x3f, 0xfe, 0x00, 0x00, 0x00, 0x00, 0x00, 0x00, 0x00, 0xaf, 0xff, 0x00,
    0x7f, 0xf9, 0x00, 0x00, 0x00, 0x00, 0x00, 0x00, 0x00, 0x5f, 0xff, 0x00, 0xbf, 0xf5, 0x00, 0x00,
    0x00, 0x00, 0x00, 0x00, 0x00, 0x1e, 0xff, 0x00, 0xdf, 0xf2, 0x00, 0x00, 0x00, 0x00, 0x00, 0x00,
    0x00, 0x0d, 0xff, 0x00, 0xef, 0xf1, 0x00, 0x00, 0x00, 0x00, 0x00, 0x00, 0x00, 0x0c, 0xff, 0x00,
    0xef, 0xf0, 0x00, 0x00, 0x00, 0x00, 0x00, 0x00, 0x00, 0x0b, 0xff, 0x00, 0xef, 0xf1, 0x00, 0x00,
    0x00, 0x00, 0x00, 0x00, 0x00, 0x0c, 0xff, 0x00, 0xdf, 0xf2, 0x00, 0x00, 0x00, 0x00, 0x00, 0x00,
    0x00, 0x0d, 0xff, 0x00, 0xbf, 0xf5, 0x00, 0x00, 0x00, 0x00, 0x00, 0x00, 0x00, 0x1e, 0xff, 0x00,
    0x7f, 0xf9, 0x00, 0x00, 0x00, 0x00, 0x00, 0x00, 0x00, 0x5f, 0xff, 0x00, 0x3f, 0xfe, 0x00, 0x00,
    0x00, 0x00, 0x00, 0x00, 0x00, 0xaf, 0xff, 0x00, 0x0c, 0xff, 0x70, 0x00, 0x00, 0x00, 0x00, 0x00,
    0x03, 0xff, 0xff, 0x00, 0x05, 0xff, 0xe3, 0x00, 0x00, 0x00, 0x00, 0x00, 0x0c, 0xff, 0xff, 0x00,
    0x00, 0xbf, 0xfd, 0x30, 0x00, 0x00, 0x00, 0x01, 0xcf, 0x9f, 0xff, 0x00, 0x00, 0x1d, 0xff, 0xe8,
    0x20, 0x00, 0x01, 0x6d, 0xfd, 0x1f, 0xff, 0x00, 0x00, 0x02, 0xdf, 0xff, 0xfd, 0xbb, 0xce, 0xff,
    0xd2, 0x0f, 0xff, 0x00, 0x00, 0x00, 0x19, 0xef, 0xff, 0xff, 0xff, 0xfa, 0x10, 0x0f, 0xff, 0x00,
    0x00, 0x00, 0x00, 0x27, 0xbd, 0xee, 0xc8, 0x30, 0x00, 0x0f, 0xff, 0x00, 0x00, 0x00, 0x00, 0x06,
    0xad, 0xee, 0xcb, 0x61, 0x00, 0x00, 0x00, 0x00, 0x00, 0x00, 0x06, 0xef, 0xff, 0xff, 0xff, 0xfe,
    0x81, 0x00, 0x00, 0x00, 0x00, 0x00, 0xbf, 0xff, 0xfd, 0xbb, 0xce, 0xff, 0xfd, 0x20, 0x00, 0x00,
    0x00, 0x0b, 0xff, 0xe8, 0x10, 0x00, 0x01, 0x6d, 0xff, 0xd2, 0x00, 0x00, 0x00, 0x9f, 0xfd, 0x30,
    0x00, 0x00, 0x00, 0x01, 0xbf, 0xfc, 0x00, 0x00, 0x04, 0xff, 0xe2, 0x00, 0x00, 0x00, 0x00, 0x00,
    0x0c, 0xff, 0x60, 0x00, 0x0b, 0xff, 0x60, 0x00, 0x00, 0x00, 0x00, 0x00, 0x02, 0xef, 0xd0, 0x00,
    0x2f, 0xfd, 0x00, 0x00, 0x00, 0x00, 0x00, 0x00, 0x00, 0xaf, 0xf4, 0x00, 0x7f, 0xf8, 0x00, 0x00,
    0x00, 0x00, 0x00, 0x00, 0x00, 0x5f, 0xf8, 0x00, 0xaf, 0xf4, 0x00, 0x00, 0x00, 0x00, 0x00, 0x00,
    0x00, 0x2f, 0xfc, 0x00, 0xdf, 0xfd, 0xbb, 0xbb, 0xbb, 0xbb, 0xbb, 0xbb, 0xbb, 0xcf, 0xfd, 0x00,
    0xef, 0xff, 0xff, 0xff, 0xff, 0xff, 0xff, 0xff, 0xff, 0xff, 0xfe, 0x00, 0xef, 0xff, 0xff, 0xff,
    0xff, 0xff, 0xff, 0xff, 0xff, 0xff, 0xff, 0x00, 0xef, 0xf1, 0x00, 0x00, 0x00, 0x00, 0x00, 0x00,
    0x00, 0x00, 0x00, 0x00, 0xdf, 0xf2, 0x00, 0x00, 0x00, 0x00, 0x00, 0x00, 0x00, 0x00, 0x00, 0x00,
    0xaf, 0xf4, 0x00, 0x00, 0x00, 0x00, 0x00, 0x00, 0x00, 0x00, 0x00, 0x00, 0x7f, 0xf9, 0x00, 0x00,
    0x00, 0x00, 0x00, 0x00, 0x00, 0x00, 0x00, 0x00, 0x3f, 0xfd, 0x00, 0x00, 0x00, 0x00, 0x00, 0x00,
    0x00, 0x7c, 0xc5, 0x00, 0x0c, 0xff, 0x70, 0x00, 0x00, 0x00, 0x00, 0x00, 0x01, 0xef, 0xf2, 0x00,
    0x05, 0xff, 0xe2, 0x00, 0x00, 0x00, 0x00, 0x00, 0x0a, 0xff, 0xb0, 0x00, 0x00, 0xaf, 0xfe, 0x30,
    0x00, 0x00, 0x00, 0x00, 0x9f, 0xfe, 0x20, 0x00, 0x00, 0x1c, 0xff, 0xe8, 0x20, 0x00, 0x00, 0x5c,
    0xff, 0xe5, 0x00, 0x00, 0x00, 0x01, 0xcf, 0xff, 0xfd, 0xbb, 0xce, 0xff, 0xfe, 0x50, 0x00, 0x00,
    0x00, 0x00, 0x08, 0xef, 0xff, 0xff, 0xff, 0xff, 0xa2, 0x00, 0x00, 0x00, 0x00, 0x00, 0x00, 0x16,
    0xad, 0xee, 0xdb, 0x72, 0x00, 0x00, 0x00, 0x00, 0x00, 0x00, 0x00, 0x03, 0x9d, 0xef, 0xf0, 0x00,
    0x00, 0x00, 0x6e, 0xff, 0xff, 0xf0, 0x00, 0x00, 0x03, 0xef, 0xfe, 0xcb, 0xb0, 0x00, 0x00, 0x0a,
    0xff, 0xb1, 0x00, 0x00, 0x00, 0x00, 0x0d, 0xff, 0x30, 0x00, 0x00, 0x00, 0x00, 0x0e, 0xff, 0x10,
    0x00, 0x00, 0x00, 0x00, 0x0f, 0xff, 0x00, 0x00, 0x00, 0x00, 0x00, 0x0f, 0xff, 0x00, 0x00, 0x00,
    0x00, 0x00, 0x0f, 0xff, 0x00, 0x00, 0x00, 0x00, 0x00, 0x0f, 0xff, 0x00, 0x00, 0x00, 0x7f, 0xff,
    0xff, 0xff, 0xff, 0xff, 0xf0, 0x7f, 0xff, 0xff, 0xff, 0xff, 0xff, 0xf0, 0x5b, 0xbb, 0xbf, 0xff,
    0xbb, 0xbb, 0xb0, 0x00, 0x00, 0x0f, 0xff, 0x00, 0x00, 0x00, 0x00, 0x00, 0x0f, 0xff, 0x00, 0x00,
    0x00, 0x00, 0x00, 0x0f, 0xff, 0x00, 0x00, 0x00, 0x00, 0x00, 0x0f, 0xff, 0x00, 0x00, 0x00, 0x00,
    0x00, 0x0f, 0xff, 0x00, 0x00, 0x00, 0x00, 0x00, 0x0f, 0xff, 0x00, 0x00, 0x00, 0x00, 0x00, 0x0f,
    0xff, 0x00, 0x00, 0x00, 0x00, 0x00, 0x0f, 0xff, 0x00, 0x00, 0x00, 0x00, 0x00, 0x0f, 0xff, 0x00,
    0x00, 0x00, 0x00, 0x00, 0x0f, 0xff, 0x00, 0x00, 0x00, 0x00, 0x00, 0x0f, 0xff, 0x00, 0x00, 0x00,
    0x00, 0x00, 0x0f, 0xff, 0x00, 0x00, 0x00, 0x00, 0x00, 0x0f, 0xff, 0x00, 0x00, 0x00, 0x00, 0x00,
    0x0f, 0xff, 0x00, 0x00, 0x00, 0x00, 0x00, 0x0f, 0xff, 0x00, 0x00, 0x00, 0x00, 0x00, 0x0f, 0xff,
    0x00, 0x00, 0x00, 0x00, 0x00, 0x0f, 0xff, 0x00, 0x00, 0x00, 0x00, 0x00, 0x0f, 0xff, 0x00, 0x00,
    0x00, 0x00, 0x00, 0x0f, 0xff, 0x00, 0x00, 0x00, 0x00, 0x00, 0x0f, 0xff, 0x00, 0x00, 0x00, 0x00,
    0x00, 0x0f, 0xff, 0x00, 0x00, 0x00, 0x00, 0x00, 0x0f, 0xff, 0x00, 0x00, 0x00, 0x00, 0x00, 0x00,
    0x27, 0xbd, 0xed, 0xc8, 0x30, 0x00, 0x0f, 0xff, 0x00, 0x00, 0x00, 0x19, 0xef, 0xff, 0xff, 0xff,
    0xfa, 0x10, 0x0f, 0xff, 0x00, 0x00, 0x02, 0xdf, 0xff, 0xfd, 0xbb, 0xdf, 0xff, 0xd2, 0x0f, 0xff,
    0x00, 0x00, 0x1d, 0xff, 0xe8, 0x20, 0x00, 0x02, 0x8e, 0xfd, 0x1f, 0xff, 0x00, 0x00, 0xbf, 0xfd,
    0x30, 0x00, 0x00, 0x00, 0x03, 0xef, 0x9f, 0xff, 0x00, 0x05, 0xff, 0xe2, 0x00, 0x00, 0x00, 0x00,
    0x00, 0x2e, 0xef, 0xff, 0x00, 0x0c, 0xff, 0x70, 0x00, 0x00, 0x00, 0x00, 0x00, 0x07, 0xff, 0xff,
    0x00, 0x3f, 0xfd, 0x00, 0x00, 0x00, 0x00, 0x00, 0x00, 0x00, 0xdf, 0xff, 0x00, 0x7f, 0xf8, 0x00,
    0x00, 0x00, 0x00, 0x00, 0x00, 0x00, 0x9f, 0xff, 0x00, 0xbf, 0xf5, 0x00, 0x00, 0x00, 0x00, 0x00,
    0x00, 0x00, 0x4f, 0xff, 0x00, 0xdf, 0xf2, 0x00, 0x00, 0x00, 0x00, 0x00, 0x00, 0x00, 0x2f, 0xff,
    0x00, 0xef, 0xf1, 0x00, 0x00, 0x00, 0x00, 0x00, 0x00, 0x00, 0x1f, 0xff, 0x00, 0xef, 0xf0, 0x00,
    0x00, 0x00, 0x00, 0x00, 0x00, 0x00, 0x0f, 0xff, 0x00, 0xef, 0xf1, 0x00, 0x00, 0x00, 0x00, 0x00,
    0x00, 0x00, 0x1f, 0xff, 0x00, 0xdf, 0xf2, 0x00, 0x00, 0x00, 0x00, 0x00, 0x00, 0x00, 0x2f, 0xff,
    0x00, 0xbf, 0xf5, 0x00, 0x00, 0x00, 0x00, 0x00, 0x00, 0x00, 0x4f, 0xff, 0x00, 0x7f, 0xf8, 0x00,
    0x00, 0x00, 0x00, 0x00, 0x00, 0x00, 0x9f, 0xff, 0x00, 0x3f, 0xfd, 0x00, 0x00, 0x00, 0x00, 0x00,
    0x00, 0x00, 0xdf, 0xff, 0x00, 0x0c, 0xff, 0x60, 0x00, 0x00, 0x00, 0x00, 0x00, 0x07, 0xff, 0xff,
    0x00, 0x05, 0xff, 0xe2, 0x00, 0x00, 0x00, 0x00, 0x00, 0x2e, 0xff, 0xff, 0x00, 0x00, 0xbf, 0xfd,
    0x30, 0x00, 0x00, 0x00, 0x03, 0xdf, 0x9f, 0xff, 0x00, 0x00, 0x1d, 0xff, 0xe8, 0x20, 0x00, 0x01,
    0x8e, 0xfd, 0x1f, 0xff, 0x00, 0x00, 0x02, 0xdf, 0xff, 0xfd, 0xbb, 0xdf, 0xff, 0xd2, 0x0f, 0xff,
    0x00, 0x00, 0x00, 0x19, 0xef, 0xff, 0xff, 0xff, 0xfa, 0x10, 0x0f, 0xff, 0x00, 0x00, 0x00, 0x00,
    0x27, 0xbd, 0xee, 0xc8, 0x30, 0x00, 0x0f, 0xff, 0x00, 0x00, 0x00, 0x00, 0x00, 0x00, 0x00, 0x00,
    0x00, 0x00, 0x0f, 0xff, 0x00, 0x00, 0x00, 0x00, 0x00, 0x00, 0x00, 0x00, 0x00, 0x00, 0x2f, 0xfe,
    0x00, 0x07, 0xaa, 0x40, 0x00, 0x00, 0x00, 0x00, 0x00, 0x00, 0x6f, 0xfb, 0x00, 0x06, 0xff, 0xb0,
    0x00, 0x00, 0x00, 0x00, 0x00, 0x00, 0xcf, 0xf8, 0x00, 0x02, 0xef, 0xf4, 0x00, 0x00, 0x00, 0x00,
    0x00, 0x05, 0xff, 0xe2, 0x00, 0x00, 0x9f, 0xfe, 0x30, 0x00, 0x00, 0x00, 0x00, 0x5e, 0xff, 0x90,
    0x00, 0x00, 0x1d, 0xff, 0xe8, 0x20, 0x00, 0x00, 0x3a, 0xff, 0xfd, 0x10, 0x00, 0x00, 0x02, 0xdf,
    0xff, 0xfd, 0xcb, 0xce, 0xff, 0xff, 0xc1, 0x00, 0x00, 0x00, 0x00, 0x18, 0xef, 0xff, 0xff, 0xff,
    0xff, 0xe8, 0x00, 0x00, 0x00, 0x00, 0x00, 0x00, 0x16, 0xac, 0xde, 0xec, 0xa6, 0x10, 0x00, 0x00,
    0x00, 0xff, 0xf0, 0x00, 0x00, 0x00, 0x00, 0x00, 0x00, 0x00, 0x00, 0xff, 0xf0, 0x00, 0x00, 0x00,
    0x00, 0x00, 0x00, 0x00, 0x00, 0xff, 0xf0, 0x00, 0x00, 0x00, 0x00, 0x00, 0x00, 0x00, 0x00, 0xff,
    0xf0, 0x00, 0x00, 0x00, 0x00, 0x00, 0x00, 0x00, 0x00, 0xff, 0xf0, 0x00, 0x00, 0x00, 0x00, 0x00,
    0x00, 0x00, 0x00, 0xff, 0xf0, 0x00, 0x00, 0x00, 0x00, 0x00, 0x00, 0x00, 0x00, 0xff, 0xf0, 0x00,
    0x00, 0x00, 0x00, 0x00, 0x00, 0x00, 0x00, 0xff, 0xf0, 0x00, 0x00, 0x00, 0x00, 0x00, 0x00, 0x00,
    0x00, 0xff, 0xf0, 0x00, 0x00, 0x00, 0x00, 0x00, 0x00, 0x00, 0x00, 0xff, 0xf0, 0x00, 0x00, 0x00,
    0x00, 0x00, 0x00, 0x00, 0x00, 0xff, 0xf0, 0x00, 0x16, 0xad, 0xee, 0xc9, 0x40, 0x00, 0x00, 0xff,
    0xf0, 0x07, 0xef, 0xff, 0xff, 0xff, 0xfc, 0x20, 0x00, 0xff, 0xf0, 0xaf, 0xff, 0xec, 0xbc, 0xef,
    0xff, 0xe5, 0x00, 0xff, 0xf8, 0xff, 0xa3, 0x00, 0x00, 0x06, 0xdf, 0xfe, 0x20, 0xff, 0xff, 0xe5,
    0x00, 0x00, 0x00, 0x00, 0x1c, 0xff, 0xc0, 0xff, 0xff, 0x60, 0x00, 0x00, 0x00, 0x00, 0x02, 0xef,
    0xf4, 0xff, 0xfc, 0x00, 0x00, 0x00, 0x00, 0x00, 0x00, 0x9f, 0xf9, 0xff, 0xf6, 0x00, 0x00, 0x00,
    0x00, 0x00, 0x00, 0x4f, 0xfc, 0xff, 0xf3, 0x00, 0x00, 0x00, 0x00, 0x00, 0x00, 0x1f, 0xfe, 0xff,
    0xf1, 0x00, 0x00, 0x00, 0x00, 0x00, 0x00, 0x0f, 0xfe, 0xff, 0xf0, 0x00, 0x00, 0x00, 0x00, 0x00,
    0x00, 0x0f, 0xff, 0xff, 0xf0, 0x00, 0x00, 0x00, 0x00, 0x00, 0x00, 0x0f, 0xff, 0xff, 0xf0, 0x00,
    0x00, 0x00, 0x00, 0x00, 0x00, 0x0f, 0xff, 0xff, 0xf0, 0x00, 0x00, 0x00, 0x00, 0x00, 0x00, 0x0f,
    0xff, 0xff, 0xf0, 0x00, 0x00, 0x00, 0x00, 0x00, 0x00, 0x0f, 0xff, 0xff, 0xf0, 0x00, 0x00, 0x00,
    0x00, 0x00, 0x00, 0x0f, 0xff, 0xff, 0xf0, 0x00, 0x00, 0x00, 0x00, 0x00, 0x00, 0x0f, 0xff, 0xff,
    0xf0, 0x00, 0x00, 0x00, 0x00, 0x00, 0x00, 0x0f, 0xff, 0xff, 0xf0, 0x00, 0x00, 0x00, 0x00, 0x00,
    0x00, 0x0f, 0xff, 0xff, 0xf0, 0x00, 0x00, 0x00, 0x00, 0x00, 0x00, 0x0f, 0xff, 0xff, 0xf0, 0x00,
    0x00, 0x00, 0x00, 0x00, 0x00, 0x0f, 0xff, 0xff, 0xf0, 0x00, 0x00, 0x00, 0x00, 0x00, 0x00, 0x0f,
    0xff, 0xff, 0xf0, 0x00, 0x00, 0x00, 0x00, 0x00, 0x00, 0x0f, 0xff, 0xff, 0xf0, 0x00, 0x00, 0x00,
    0x00, 0x00, 0x00, 0x0f, 0xff, 0xff, 0xf0, 0x00, 0x00, 0x00, 0x00, 0x00, 0x00, 0x0f, 0xff, 0x4d,
    0xd4, 0xdf, 0xfd, 0xdf, 0xfd, 0x4d, 0xd4, 0x00, 0x00, 0x00, 0x00, 0x00, 0x00, 0x00, 0x00, 0x00,
    0x00, 0x0f, 0xff, 0x0f, 0xff, 0x0f, 0xff, 0x0f, 0xff, 0x0f, 0xff, 0x0f, 0xff, 0x0f, 0xff, 0x0f,
    0xff, 0x0f, 0xff, 0x0f, 0xff, 0x0f, 0xff, 0x0f, 0xff, 0x0f, 0xff, 0x0f, 0xff, 0x0f, 0xff, 0x0f,
    0xff, 0x0f, 0xff, 0x0f, 0xff, 0x0f, 0xff, 0x0f, 0xff, 0x0f, 0xff, 0x0f, 0xff, 0x0f, 0xff, 0x0f,
    0xff, 0x0f, 0xff, 0x00, 0x00, 0x4d, 0xd4, 0x00, 0x00, 0xdf, 0xfd, 0x00, 0x00, 0xdf, 0xfd, 0x00,
    0x00, 0x4d, 0xd4, 0x00, 0x00, 0x00, 0x00, 0x00, 0x00, 0x00, 0x00, 0x00, 0x00, 0x00, 0x00, 0x00,
    0x00, 0x00, 0x00, 0x00, 0x00, 0x00, 0x00, 0x00, 0x00, 0x0f, 0xff, 0x00, 0x00, 0x0f, 0xff, 0x00,
    0x00, 0x0f, 0xff, 0x00, 0x00, 0x0f, 0xff, 0x00, 0x00, 0x0f, 0xff, 0x00, 0x00, 0x0f, 0xff, 0x00,
    0x00, 0x0f, 0xff, 0x00, 0x00, 0x0f, 0xff, 0x00, 0x00, 0x0f, 0xff, 0x00, 0x00, 0x0f, 0xff, 0x00,
    0x00, 0x0f, 0xff, 0x00, 0x00, 0x0f, 0xff, 0x00, 0x00, 0x0f, 0xff, 0x00, 0x00, 0x0f, 0xff, 0x00,
    0x00, 0x0f, 0xff, 0x00, 0x00, 0x0f, 0xff, 0x00, 0x00, 0x0f, 0xff, 0x00, 0x00, 0x0f, 0xff, 0x00,
    0x00, 0x0f, 0xff, 0x00, 0x00, 0x0f, 0xff, 0x00, 0x00, 0x0f, 0xff, 0x00, 0x00, 0x0f, 0xff, 0x00,
    0x00, 0x0f, 0xff, 0x00, 0x00, 0x0f, 0xff, 0x00, 0x00, 0x0f, 0xff, 0x00, 0x00, 0x0f, 0xff, 0x00,
    0x00, 0x0f, 0xff, 0x00, 0x00, 0x0f, 0xff, 0x00, 0x00, 0x1f, 0xfe, 0x00, 0x00, 0x2f, 0xfd, 0x00,
    0x00, 0x8f, 0xfb, 0x00, 0x07, 0xef, 0xf5, 0xbb, 0xef, 0xff, 0xb0, 0xff, 0xff, 0xfa, 0x10, 0xfe,
    0xda, 0x50, 0x00, 0xff, 0xf0, 0x00, 0x00, 0x00, 0x00, 0x00, 0x00, 0x00, 0x00, 0xff, 0xf0, 0x00,
    0x00, 0x00, 0x00, 0x00, 0x00, 0x00, 0x00, 0xff, 0xf0, 0x00, 0x00, 0x00, 0x00, 0x00, 0x00, 0x00,
    0x00, 0xff, 0xf0, 0x00, 0x00, 0x00, 0x00, 0x00, 0x00, 0x00, 0x00, 0xff, 0xf0, 0x00, 0x00, 0x00,
    0x00, 0x00, 0x00, 0x00, 0x00, 0xff, 0xf0, 0x00, 0x00, 0x00, 0x00, 0x00, 0x00, 0x00, 0x00, 0xff,
    0xf0, 0x00, 0x00, 0x00, 0x00, 0x00, 0x00, 0x00, 0x00, 0xff, 0xf0, 0x00, 0x00, 0x00, 0x00, 0x00,
    0x00, 0x00, 0x00, 0xff, 0xf0, 0x00, 0x00, 0x00, 0x00, 0x00, 0x00, 0x00, 0x00, 0xff, 0xf0, 0x00,
    0x00, 0x00, 0x00, 0x00, 0x00, 0x00, 0x00, 0xff, 0xf0, 0x00, 0x00, 0x00, 0x00, 0x00, 0x8f, 0xfe,
    0x60, 0xff, 0xf0, 0x00, 0x00, 0x00, 0x00, 0x08, 0xff, 0xe5, 0x00, 0xff, 0xf0, 0x00, 0x00, 0x00,
    0x00, 0x8f, 0xfe, 0x50, 0x00, 0xff, 0xf0, 0x00, 0x00, 0x00, 0x08, 0xff, 0xe5, 0x00, 0x00, 0xff,
    0xf0, 0x00, 0x00, 0x00, 0x9f, 0xfe, 0x50, 0x00, 0x00, 0xff, 0xf0, 0x00, 0x00, 0x09, 0xff, 0xe5,
    0x00, 0x00, 0x00, 0xff, 0xf0, 0x00, 0x00, 0x9f, 0xfe, 0x50, 0x00, 0x00, 0x00, 0xff, 0xf0, 0x00,
    0x09, 0xff, 0xe5, 0x00, 0x00, 0x00, 0x00, 0xff, 0xf0, 0x00, 0x9f, 0xfe, 0x40, 0x00, 0x00, 0x00,
    0x00, 0xff, 0xf0, 0x0a, 0xff, 0xe4, 0x00, 0x00, 0x00, 0x00, 0x00, 0xff, 0xf1, 0xaf, 0xff, 0x70,
    0x00, 0x00, 0x00, 0x00, 0x00, 0xff, 0xfb, 0xff, 0xff, 0xd1, 0x00, 0x00, 0x00, 0x00, 0x00, 0xff,
    0xff, 0xfe, 0xff, 0xfb, 0x00, 0x00, 0x00, 0x00, 0x00, 0xff, 0xff, 0xb1, 0x4e, 0xff, 0x80, 0x00,
    0x00, 0x00, 0x00, 0xff, 0xfb, 0x00, 0x06, 0xff, 0xf5, 0x00, 0x00, 0x00, 0x00, 0xff, 0xf1, 0x00,
    0x00, 0x9f, 0xfe, 0x30, 0x00, 0x00, 0x00, 0xff, 0xf0, 0x00, 0x00, 0x0c, 0xff, 0xd1, 0x00, 0x00,
    0x00, 0xff, 0xf0, 0x00, 0x00, 0x01, 0xdf, 0xfb, 0x00, 0x00, 0x00, 0xff, 0xf0, 0x00, 0x00, 0x00,
    0x3e, 0xff, 0x90, 0x00, 0x00, 0xff, 0xf0, 0x00, 0x00, 0x00, 0x06, 0xff, 0xf6, 0x00, 0x00, 0xff,
    0xf0, 0x00, 0x00, 0x00, 0x00, 0x9f, 0xfe, 0x30, 0x00, 0xff, 0xf0, 0x00, 0x00, 0x00, 0x00, 0x0b,
    0xff, 0xd1, 0x00, 0xff, 0xf0, 0x00, 0x00, 0x00, 0x00, 0x01, 0xdf, 0xfc, 0x00, 0xff, 0xf0, 0x00,
    0x00, 0x00, 0x00, 0x00, 0x3e, 0xff, 0x90, 0xff, 0xf0, 0x00, 0x00, 0x00, 0x00, 0x00, 0x05, 0xff,
    0xf7, 0xff, 0xf0, 0xff, 0xf0, 0xff, 0xf0, 0xff, 0xf0, 0xff, 0xf0, 0xff, 0xf0, 0xff, 0xf0, 0xff,
    0xf0, 0xff, 0xf0, 0xff, 0xf0, 0xff, 0xf0, 0xff, 0xf0, 0xff, 0xf0, 0xff, 0xf0, 0xff, 0xf0, 0xff,
    0xf0, 0xff, 0xf0, 0xff, 0xf0, 0xff, 0xf0, 0xff, 0xf0, 0xff, 0xf0, 0xff, 0xf0, 0xff, 0xf0, 0xff,
    0xf0, 0xff, 0xf0, 0xff, 0xf0, 0xff, 0xf0, 0xff, 0xf0, 0xff, 0xf0, 0xff, 0xf0, 0xff, 0xf0, 0xff,
    0xf0, 0xff, 0xf0, 0xff, 0xf0, 0xff, 0xf0, 0xff, 0xf0, 0x00, 0x27, 0xbd, 0xed, 0xa6, 0x00, 0x00,
    0x00, 0x05, 0x9d, 0xee, 0xd9, 0x40, 0x00, 0x00, 0xff, 0xf0, 0x08, 0xef, 0xff, 0xff, 0xff, 0xd3,
    0x00, 0x04, 0xdf, 0xff, 0xff, 0xff, 0xfa, 0x00, 0x00, 0xff, 0xf1, 0xbf, 0xfe, 0xcb, 0xce, 0xff,
    0xfe, 0x40, 0x6e, 0xff, 0xec, 0xbc, 0xff, 0xff, 0xc0, 0x00, 0xff, 0xfa, 0xfe, 0x71, 0x00, 0x01,
    0x9f, 0xff, 0xe5, 0xef, 0xd5, 0x00, 0x00, 0x29, 0xff, 0xf9, 0x00, 0xff, 0xff, 0xd2, 0x00, 0x00,
    0x00, 0x06, 0xff, 0xff, 0xfb, 0x10, 0x00, 0x00, 0x00, 0x6f, 0xff, 0x30, 0xff, 0xfe, 0x30, 0x00,
    0x00, 0x00, 0x00, 0xaf, 0xff, 0xe1, 0x00, 0x00, 0x00, 0x00, 0x0b, 0xff, 0x80, 0xff, 0xfa, 0x00,
    0x00, 0x00, 0x00, 0x00, 0x4f, 0xff, 0x80, 0x00, 0x00, 0x00, 0x00, 0x05, 0xff, 0xc0, 0xff, 0xf4,
    0x00, 0x00, 0x00, 0x00, 0x00, 0x1f, 0xff, 0x30, 0x00, 0x00, 0x00, 0x00, 0x01, 0xff, 0xe0, 0xff,
    0xf2, 0x00, 0x00, 0x00, 0x00, 0x00, 0x0f, 0xff, 0x10, 0x00, 0x00, 0x00, 0x00, 0x00, 0xff, 0xf0,
    0xff, 0xf1, 0x00, 0x00, 0x00, 0x00, 0x00, 0x0f, 0xff, 0x00, 0x00, 0x00, 0x00, 0x00, 0x00, 0xff,
    0xf0, 0xff, 0xf0, 0x00, 0x00, 0x00, 0x00, 0x00, 0x0f, 0xff, 0x00, 0x00, 0x00, 0x00, 0x00, 0x00,
    0xff, 0xf0, 0xff, 0xf0, 0x00, 0x00, 0x00, 0x00, 0x00, 0x0f, 0xff, 0x00, 0x00, 0x00, 0x00, 0x00,
    0x00, 0xff, 0xf0, 0xff, 0xf0, 0x00, 0x00, 0x00, 0x00, 0x00, 0x0f, 0xff, 0x00, 0x00, 0x00, 0x00,
    0x00, 0x00, 0xff, 0xf0, 0xff, 0xf0, 0x00, 0x00, 0x00, 0x00, 0x00, 0x0f, 0xff, 0x00, 0x00, 0x00,
    0x00, 0x00, 0x00, 0xff, 0xf0, 0xff, 0xf0, 0x00, 0x00, 0x00, 0x00, 0x00, 0x0f, 0xff, 0x00, 0x00,
    0x00, 0x00, 0x00, 0x00, 0xff, 0xf0, 0xff, 0xf0, 0x00, 0x00, 0x00, 0x00, 0x00, 0x0f, 0xff, 0x00,
    0x00, 0x00, 0x00, 0x00, 0x00, 0xff, 0xf0, 0xff, 0xf0, 0x00, 0x00, 0x00, 0x00, 0x00, 0x0f, 0xff,
    0x00, 0x00, 0x00, 0x00, 0x00, 0x00, 0xff, 0xf0, 0xff, 0xf0, 0x00, 0x00, 0x00, 0x00, 0x00, 0x0f,
    0xff, 0x00, 0x00, 0x00, 0x00, 0x00, 0x00, 0xff, 0xf0, 0xff, 0xf0, 0x00, 0x00, 0x00, 0x00, 0x00,
    0x0f, 0xff, 0x00, 0x00, 0x00, 0x00, 0x00, 0x00, 0xff, 0xf0, 0xff, 0xf0, 0x00, 0x00, 0x00, 0x00,
    0x00, 0x0f, 0xff, 0x00, 0x00, 0x00, 0x00, 0x00, 0x00, 0xff, 0xf0, 0xff, 0xf0, 0x00, 0x00, 0x00,
    0x00, 0x00, 0x0f, 0xff, 0x00, 0x00, 0x00, 0x00, 0x00, 0x00, 0xff, 0xf0, 0xff, 0xf0, 0x00, 0x00,
    0x00, 0x00, 0x00, 0x0f, 0xff, 0x00, 0x00, 0x00, 0x00, 0x00, 0x00, 0xff, 0xf0, 0xff, 0xf0, 0x00,
    0x00, 0x00, 0x00, 0x00, 0x0f, 0xff, 0x00, 0x00, 0x00, 0x00, 0x00, 0x00, 0xff, 0xf0, 0xff, 0xf0,
    0x00, 0x00, 0x00, 0x00, 0x00, 0x0f, 0xff, 0x00, 0x00, 0x00, 0x00, 0x00, 0x00, 0xff, 0xf0, 0xff,
    0xf0, 0x00, 0x00, 0x00, 0x00, 0x00, 0x0f, 0xff, 0x00, 0x00, 0x00, 0x00, 0x00, 0x00, 0xff, 0xf0,
    0xff, 0xf0, 0x00, 0x16, 0xad, 0xee, 0xc9, 0x40, 0x00, 0x00, 0xff, 0xf0, 0x07, 0xef, 0xff, 0xff,
    0xff, 0xfc, 0x20, 0x00, 0xff, 0xf0, 0xaf, 0xff, 0xec, 0xbc, 0xef, 0xff, 0xe5, 0x00, 0xff, 0xf8,
    0xff, 0xa3, 0x00, 0x00, 0x06, 0xdf, 0xfe, 0x20, 0xff, 0xff, 0xe5, 0x00, 0x00, 0x00, 0x00, 0x1c,
    0xff, 0xc0, 0xff, 0xff, 0x60, 0x00, 0x00, 0x00, 0x00, 0x02, 0xef, 0xf4, 0xff, 0xfc, 0x00, 0x00,
    0x00, 0x00, 0x00, 0x00, 0x9f, 0xf9, 0xff, 0xf6, 0x00, 0x00, 0x00, 0x00, 0x00, 0x00, 0x4f, 0xfc,
    0xff, 0xf3, 0x00, 0x00, 0x00, 0x00, 0x00, 0x00, 0x1f, 0xfe, 0xff, 0xf1, 0x00, 0x00, 0x00, 0x00,
    0x00, 0x00, 0x0f, 0xfe, 0xff, 0xf0, 0x00, 0x00, 0x00, 0x00, 0x00, 0x00, 0x0f, 0xff, 0xff, 0xf0,
    0x00, 0x00, 0x00, 0x00, 0x00, 0x00, 0x0f, 0xff, 0xff, 0xf0, 0x00, 0x00, 0x00, 0x00, 0x00, 0x00,
    0x0f, 0xff, 0xff, 0xf0, 0x00, 0x00, 0x00, 0x00, 0x00, 0x00, 0x0f, 0xff, 0xff, 0xf0, 0x00, 0x00,
    0x00, 0x00, 0x00, 0x00, 0x0f, 0xff, 0xff, 0xf0, 0x00, 0x00, 0x00, 0x00, 0x00, 0x00, 0x0f, 0xff,
    0xff, 0xf0, 0x00, 0x00, 0x00, 0x00, 0x00, 0x00, 0x0f, 0xff, 0xff, 0xf0, 0x00, 0x00, 0x00, 0x00,
    0x00, 0x00, 0x0f, 0xff, 0xff, 0xf0, 0x00, 0x00, 0x00, 0x00, 0x00, 0x00, 0x0f, 0xff, 0xff, 0xf0,
    0x00, 0x00, 0x00, 0x00, 0x00, 0x00, 0x0f, 0xff, 0xff, 0xf0, 0x00, 0x00, 0x00, 0x00, 0x00, 0x00,
    0x0f, 0xff, 0xff, 0xf0, 0x00, 0x00, 0x00, 0x00, 0x00, 0x00, 0x0f, 0xff, 0xff, 0xf0, 0x00, 0x00,
    0x00, 0x00, 0x00, 0x00, 0x0f, 0xff, 0xff, 0xf0, 0x00, 0x00, 0x00, 0x00, 0x00, 0x00, 0x0f, 0xff,
    0xff, 0xf0, 0x00, 0x00, 0x00, 0x00, 0x00, 0x00, 0x0f, 0xff, 0x00, 0x00, 0x00, 0x04, 0x9c, 0xee,
    0xec, 0x94, 0x00, 0x00, 0x00, 0x00, 0x00, 0x00, 0x05, 0xdf, 0xff, 0xff, 0xff, 0xff, 0xd5, 0x00,
    0x00, 0x00, 0x00, 0x00, 0x9f, 0xff, 0xfe, 0xcb, 0xce, 0xff, 0xff, 0xa0, 0x00, 0x00, 0x00, 0x0a,
    0xff, 0xfa, 0x30, 0x00, 0x00, 0x3a, 0xff, 0xfb, 0x00, 0x00, 0x00, 0x8f, 0xfe, 0x60, 0x00, 0x00,
    0x00, 0x00, 0x6e, 0xff, 0x80, 0x00, 0x03, 0xef, 0xf5, 0x00, 0x00, 0x00, 0x00, 0x00, 0x05, 0xff,
    0xe3, 0x00, 0x0b, 0xff, 0x90, 0x00, 0x00, 0x00, 0x00, 0x00, 0x00, 0xaf, 0xfb, 0x00, 0x2f, 0xfe,
    0x10, 0x00, 0x00, 0x00, 0x00, 0x00, 0x00, 0x1e, 0xff, 0x20, 0x7f, 0xf9, 0x00, 0x00, 0x00, 0x00,
    0x00, 0x00, 0x00, 0x0a, 0xff, 0x60, 0xaf, 0xf5, 0x00, 0x00, 0x00, 0x00, 0x00, 0x00, 0x00, 0x05,
    0xff, 0xa0, 0xdf, 0xf2, 0x00, 0x00, 0x00, 0x00, 0x00, 0x00, 0x00, 0x03, 0xff, 0xc0, 0xef, 0xf1,
    0x00, 0x00, 0x00, 0x00, 0x00, 0x00, 0x00, 0x01, 0xff, 0xe0, 0xef, 0xf0, 0x00, 0x00, 0x00, 0x00,
    0x00, 0x00, 0x00, 0x00, 0xff, 0xe0, 0xef, 0xf1, 0x00, 0x00, 0x00, 0x00, 0x00, 0x00, 0x00, 0x01,
    0xff, 0xe0, 0xdf, 0xf2, 0x00, 0x00, 0x00, 0x00, 0x00, 0x00, 0x00, 0x03, 0xff, 0xd0, 0xaf, 0xf5,
    0x00, 0x00, 0x00, 0x00, 0x00, 0x00, 0x00, 0x05, 0xff, 0xa0, 0x7f, 0xf9, 0x00, 0x00, 0x00, 0x00,
    0x00, 0x00, 0x00, 0x09, 0xff, 0x70, 0x2f, 0xfe, 0x10, 0x00, 0x00, 0x00, 0x00, 0x00, 0x00, 0x1e,
    0xff, 0x20, 0x0b, 0xff, 0x90, 0x00, 0x00, 0x00, 0x00, 0x00, 0x00, 0x9f, 0xfb, 0x00, 0x03, 0xff,
    0xf4, 0x00, 0x00, 0x00, 0x00, 0x00, 0x04, 0xff, 0xf3, 0x00, 0x00, 0x8f, 0xfe, 0x50, 0x00, 0x00,
    0x00, 0x00, 0x5e, 0xff, 0x90, 0x00, 0x00, 0x0b, 0xff, 0xfa, 0x30, 0x00, 0x00, 0x3a, 0xff, 0xfb,
    0x00, 0x00, 0x00, 0x00, 0xaf, 0xff, 0xfe, 0xcb, 0xbe, 0xff, 0xff, 0xa0, 0x00, 0x00, 0x00, 0x00,
    0x05, 0xdf, 0xff, 0xff, 0xff, 0xff, 0xd6, 0x00, 0x00, 0x00, 0x00, 0x00, 0x00, 0x04, 0x9c, 0xee,
    0xec, 0x95, 0x00, 0x00, 0x00, 0x00, 0xff, 0xf0, 0x00, 0x02, 0x8c, 0xde, 0xdb, 0x82, 0x00, 0x00,
    0x00, 0x00, 0xff, 0xf0, 0x01, 0xaf, 0xff, 0xff, 0xff, 0xfe, 0x91, 0x00, 0x00, 0x00, 0xff, 0xf0,
    0x2d, 0xff, 0xfd, 0xbb, 0xdf, 0xff, 0xfd, 0x20, 0x00, 0x00, 0xff, 0xf2, 0xdf, 0xe8, 0x20, 0x00,
    0x01, 0x8e, 0xff, 0xd2, 0x00, 0x00, 0xff, 0xfa, 0xfe, 0x30, 0x00, 0x00, 0x00, 0x02, 0xdf, 0xfc,
    0x00, 0x00, 0xff, 0xff, 0xe3, 0x00, 0x00, 0x00, 0x00, 0x00, 0x2e, 0xff, 0x60, 0x00, 0xff, 0xff,
    0x80, 0x00, 0x00, 0x00, 0x00, 0x00, 0x06, 0xff, 0xd0, 0x00, 0xff, 0xfe, 0x00, 0x00, 0x00, 0x00,
    0x00, 0x00, 0x00, 0xdf, 0xf4, 0x00, 0xff, 0xfa, 0x00, 0x00, 0x00, 0x00, 0x00, 0x00, 0x00, 0x8f,
    0xf8, 0x00, 0xff, 0xf5, 0x00, 0x00, 0x00, 0x00, 0x00, 0x00, 0x00, 0x4f, 0xfb, 0x00, 0xff, 0xf3,
    0x00, 0x00, 0x00, 0x00, 0x00, 0x00, 0x00, 0x2f, 0xfd, 0x00, 0xff, 0xf2, 0x00, 0x00, 0x00, 0x00,
    0x00, 0x00, 0x00, 0x0f, 0xfe, 0x00, 0xff, 0xf1, 0x00, 0x00, 0x00, 0x00, 0x00, 0x00, 0x00, 0x0f,
    0xff, 0x00, 0xff, 0xf2, 0x00, 0x00, 0x00, 0x00, 0x00, 0x00, 0x00, 0x0f, 0xfe, 0x00, 0xff, 0xf3,
    0x00, 0x00, 0x00, 0x00, 0x00, 0x00, 0x00, 0x2f, 0xfd, 0x00, 0xff, 0xf5, 0x00, 0x00, 0x00, 0x00,
    0x00, 0x00, 0x00, 0x4f, 0xfb, 0x00, 0xff, 0xfa, 0x00, 0x00, 0x00, 0x00, 0x00, 0x00, 0x00, 0x8f,
    0xf8, 0x00, 0xff, 0xfe, 0x00, 0x00, 0x00, 0x00, 0x00, 0x00, 0x00, 0xdf, 0xf4, 0x00, 0xff, 0xff,
    0x80, 0x00, 0x00, 0x00, 0x00, 0x00, 0x06, 0xff, 0xd0, 0x00, 0xff, 0xff, 0xe3, 0x00, 0x00, 0x00,
    0x00, 0x00, 0x2e, 0xff, 0x60, 0x00, 0xff, 0xfa, 0xfe, 0x30, 0x00, 0x00, 0x00, 0x02, 0xdf, 0xfc,
    0x00, 0x00, 0xff, 0xf2, 0xdf, 0xe8, 0x20, 0x00, 0x01, 0x8e, 0xff, 0xd2, 0x00, 0x00, 0xff, 0xf0,
    0x2d, 0xff, 0xfd, 0xbb, 0xdf, 0xff, 0xfd, 0x20, 0x00, 0x00, 0xff, 0xf0, 0x01, 0xaf, 0xff, 0xff,
    0xff, 0xfe, 0x91, 0x00, 0x00, 0x00, 0xff, 0xf0, 0x00, 0x03, 0x8c, 0xee, 0xdb, 0x72, 0x00, 0x00,
    0x00, 0x00, 0xff, 0xf0, 0x00, 0x00, 0x00, 0x00, 0x00, 0x00, 0x00, 0x00, 0x00, 0x00, 0xff, 0xf0,
    0x00, 0x00, 0x00, 0x00, 0x00, 0x00, 0x00, 0x00, 0x00, 0x00, 0xff, 0xf0, 0x00, 0x00, 0x00, 0x00,
    0x00, 0x00, 0x00, 0x00, 0x00, 0x00, 0xff, 0xf0, 0x00, 0x00, 0x00, 0x00, 0x00, 0x00, 0x00, 0x00,
    0x00, 0x00, 0xff, 0xf0, 0x00, 0x00, 0x00, 0x00, 0x00, 0x00, 0x00, 0x00, 0x00, 0x00, 0xff, 0xf0,
    0x00, 0x00, 0x00, 0x00, 0x00, 0x00, 0x00, 0x00, 0x00, 0x00, 0xff, 0xf0, 0x00, 0x00, 0x00, 0x00,
    0x00, 0x00, 0x00, 0x00, 0x00, 0x00, 0xff, 0xf0, 0x00, 0x00, 0x00, 0x00, 0x00, 0x00, 0x00, 0x00,
    0x00, 0x00, 0xff, 0xf0, 0x00, 0x00, 0x00, 0x00, 0x00, 0x00, 0x00, 0x00, 0x00, 0x00, 0xff, 0xf0,
    0x00, 0x00, 0x00, 0x00, 0x00, 0x00, 0x00, 0x00, 0x00, 0x00, 0x00, 0x00, 0x00, 0x27, 0xbd, 0xed,
    0xc8, 0x30, 0x00, 0x0f, 0xff, 0x00, 0x00, 0x00, 0x09, 0xef, 0xff, 0xff, 0xff, 0xfb, 0x10, 0x0f,
    0xff, 0x00, 0x00, 0x02, 0xdf, 0xff, 0xfd, 0xbb, 0xdf, 0xff, 0xe3, 0x0f, 0xff, 0x00, 0x00, 0x1d,
    0xff, 0xe8, 0x20, 0x00, 0x02, 0x8e, 0xfd, 0x2f, 0xff, 0x00, 0x00, 0xbf, 0xfd, 0x30, 0x00, 0x00,
    0x00, 0x03, 0xef, 0xaf, 0xff, 0x00, 0x05, 0xff, 0xe2, 0x00, 0x00, 0x00, 0x00, 0x00, 0x2e, 0xff,
    0xff, 0x00, 0x0c, 0xff, 0x70, 0x00, 0x00, 0x00, 0x00, 0x00, 0x07, 0xff, 0xff, 0x00, 0x3f, 0xfd,
    0x00, 0x00, 0x00, 0x00, 0x00, 0x00, 0x00, 0xdf, 0xff, 0x00, 0x7f, 0xf8, 0x00, 0x00, 0x00, 0x00,
    0x00, 0x00, 0x00, 0x9f, 0xff, 0x00, 0xbf, 0xf5, 0x00, 0x00, 0x00, 0x00, 0x00, 0x00, 0x00, 0x4f,
    0xff, 0x00, 0xdf, 0xf2, 0x00, 0x00, 0x00, 0x00, 0x00, 0x00, 0x00, 0x2f, 0xff, 0x00, 0xef, 0xf1,
    0x00, 0x00, 0x00, 0x00, 0x00, 0x00, 0x00, 0x1f, 0xff, 0x00, 0xef, 0xf0, 0x00, 0x00, 0x00, 0x00,
    0x00, 0x00, 0x00, 0x0f, 0xff, 0x00, 0xef, 0xf1, 0x00, 0x00, 0x00, 0x00, 0x00, 0x00, 0x00, 0x1f,
    0xff, 0x00, 0xdf, 0xf2, 0x00, 0x00, 0x00, 0x00, 0x00, 0x00, 0x00, 0x2f, 0xff, 0x00, 0xbf, 0xf5,
    0x00, 0x00, 0x00, 0x00, 0x00, 0x00, 0x00, 0x4f, 0xff, 0x00, 0x7f, 0xf8, 0x00, 0x00, 0x00, 0x00,
    0x00, 0x00, 0x00, 0x9f, 0xff, 0x00, 0x3f, 0xfd, 0x00, 0x00, 0x00, 0x00, 0x00, 0x00, 0x00, 0xdf,
    0xff, 0x00, 0x0c, 0xff, 0x60, 0x00, 0x00, 0x00, 0x00, 0x00, 0x07, 0xff, 0xff, 0x00, 0x05, 0xff,
    0xe2, 0x00, 0x00, 0x00, 0x00, 0x00, 0x2e, 0xff, 0xff, 0x00, 0x00, 0xbf, 0xfd, 0x30, 0x00, 0x00,
    0x00, 0x03, 0xdf, 0x9f, 0xff, 0x00, 0x00, 0x1d, 0xff, 0xe8, 0x20, 0x00, 0x01, 0x8e, 0xfd, 0x1f,
    0xff, 0x00, 0x00, 0x02, 0xdf, 0xff, 0xfd, 0xbb, 0xdf, 0xff, 0xd2, 0x0f, 0xff, 0x00, 0x00, 0x00,
    0x09, 0xef, 0xff, 0xff, 0xff, 0xfa, 0x10, 0x0f, 0xff, 0x00, 0x00, 0x00, 0x00, 0x27, 0xbd, 0xee,
    0xc8, 0x30, 0x00, 0x0f, 0xff, 0x00, 0x00, 0x00, 0x00, 0x00, 0x00, 0x00, 0x00, 0x00, 0x00, 0x0f,
    0xff, 0x00, 0x00, 0x00, 0x00, 0x00, 0x00, 0x00, 0x00, 0x00, 0x00, 0x0f, 0xff, 0x00, 0x00, 0x00,
    0x00, 0x00, 0x00, 0x00, 0x00, 0x00, 0x00, 0x0f, 0xff, 0x00, 0x00, 0x00, 0x00, 0x00, 0x00, 0x00,
    0x00, 0x00, 0x00, 0x0f, 0xff, 0x00, 0x00, 0x00, 0x00, 0x00, 0x00, 0x00, 0x00, 0x00, 0x00, 0x0f,
    0xff, 0x00, 0x00, 0x00, 0x00, 0x00, 0x00, 0x00, 0x00, 0x00, 0x00, 0x0f, 0xff, 0x00, 0x00, 0x00,
    0x00, 0x00, 0x00, 0x00, 0x00, 0x00, 0x00, 0x0f, 0xff, 0x00, 0x00, 0x00, 0x00, 0x00, 0x00, 0x00,
    0x00, 0x00, 0x00, 0x0f, 0xff, 0x00, 0x00, 0x00, 0x00, 0x00, 0x00, 0x00, 0x00, 0x00, 0x00, 0x0f,
    0xff, 0x00, 0x00, 0x00, 0x00, 0x00, 0x00, 0x00, 0x00, 0x00, 0x00, 0x0f, 0xff, 0x00, 0xff, 0xf0,
    0x00, 0x4a, 0xde, 0xf0, 0xff, 0xf0, 0x0a, 0xff, 0xff, 0xf0, 0xff, 0xf0, 0xbf, 0xfe, 0xcb, 0xc0,
    0xff, 0xf7, 0xfd, 0x50, 0x00, 0x00, 0xff, 0xfe, 0xc1, 0x00, 0x00, 0x00, 0xff, 0xfe, 0x10, 0x00,
    0x00, 0x00, 0xff, 0xf9, 0x00, 0x00, 0x00, 0x00, 0xff, 0xf4, 0x00, 0x00, 0x00, 0x00, 0xff, 0xf2,
    0x00, 0x00, 0x00, 0x00, 0xff, 0xf0, 0x00, 0x00, 0x00, 0x00, 0xff, 0xf0, 0x00, 0x00, 0x00, 0x00,
    0xff, 0xf0, 0x00, 0x00, 0x00, 0x00, 0xff, 0xf0, 0x00, 0x00, 0x00, 0x00, 0xff, 0xf0, 0x00, 0x00,
    0x00, 0x00, 0xff, 0xf0, 0x00, 0x00, 0x00, 0x00, 0xff, 0xf0, 0x00, 0x00, 0x00, 0x00, 0xff, 0xf0,
    0x00, 0x00, 0x00, 0x00, 0xff, 0xf0, 0x00, 0x00, 0x00, 0x00, 0xff, 0xf0, 0x00, 0x00, 0x00, 0x00,
    0xff, 0xf0, 0x00, 0x00, 0x00, 0x00, 0xff, 0xf0, 0x00, 0x00, 0x00, 0x00, 0xff, 0xf0, 0x00, 0x00,
    0x00, 0x00, 0xff, 0xf0, 0x00, 0x00, 0x00, 0x00, 0xff, 0xf0, 0x00, 0x00, 0x00, 0x00, 0xff, 0xf0,
    0x00, 0x00, 0x00, 0x00, 0x00, 0x00, 0x02, 0x7b, 0xde, 0xec, 0xa6, 0x10, 0x00, 0x00, 0x00, 0x01,
    0x9f, 0xff, 0xff, 0xff, 0xff, 0xe7, 0x00, 0x00, 0x00, 0x2d, 0xff, 0xfe, 0xcb, 0xbd, 0xff, 0xff,
    0xb0, 0x00, 0x01, 0xdf, 0xfe, 0x71, 0x00, 0x00, 0x18, 0xef, 0xfa, 0x00, 0x07, 0xff, 0xd2, 0x00,
    0x00, 0x00, 0x00, 0x4e, 0xff, 0x40, 0x0c, 0xff, 0x60, 0x00, 0x00, 0x00, 0x00, 0x08, 0xff, 0xa0,
    0x0e, 0xff, 0x10, 0x00, 0x00, 0x00, 0x00, 0x03, 0xff, 0xd0, 0x0e, 0xff, 0x10, 0x00, 0x00, 0x00,
    0x00, 0x00, 0xbb, 0xb0, 0x0b, 0xff, 0x60, 0x00, 0x00, 0x00, 0x00, 0x00, 0x00, 0x00, 0x05, 0xff,
    0xe5, 0x00, 0x00, 0x00, 0x00, 0x00, 0x00, 0x00, 0x00, 0xaf, 0xff, 0xb6, 0x20, 0x00, 0x00, 0x00,
    0x00, 0x00, 0x00, 0x08, 0xef, 0xff, 0xfd, 0xa6, 0x30, 0x00, 0x00, 0x00, 0x00, 0x00, 0x28, 0xdf,
    0xff, 0xff, 0xfd, 0x93, 0x00, 0x00, 0x00, 0x00, 0x00, 0x02, 0x6a, 0xdf, 0xff, 0xff, 0x90, 0x00,
    0x00, 0x00, 0x00, 0x00, 0x00, 0x02, 0x6b, 0xff, 0xfc, 0x00, 0x00, 0x00, 0x00, 0x00, 0x00, 0x00,
    0x00, 0x4d, 0xff, 0x70, 0x00, 0x00, 0x00, 0x00, 0x00, 0x00, 0x00, 0x04, 0xff, 0xc0, 0x5b, 0xb6,
    0x00, 0x00, 0x00, 0x00, 0x00, 0x00, 0xff, 0xe0, 0x6f, 0xfa, 0x00, 0x00, 0x00, 0x00, 0x00, 0x01,
    0xff, 0xe0, 0x2f, 0xfe, 0x20, 0x00, 0x00, 0x00, 0x00, 0x05, 0xff, 0xd0, 0x0c, 0xff, 0xb0, 0x00,
    0x00, 0x00, 0x00, 0x2d, 0xff, 0x80, 0x03, 0xef, 0xfd, 0x50, 0x00, 0x00, 0x17, 0xef, 0xfd, 0x10,
    0x00, 0x4e, 0xff, 0xfe, 0xcb, 0xbd, 0xff, 0xff, 0xd2, 0x00, 0x00, 0x03, 0xbf, 0xff, 0xff, 0xff,
    0xff, 0xe9, 0x10, 0x00, 0x00, 0x00, 0x03, 0x8b, 0xde, 0xed, 0xb7, 0x20, 0x00, 0x00, 0x00, 0x00,
    0xff, 0xf0, 0x00, 0x00, 0x00, 0x00, 0xff, 0xf0, 0x00, 0x00, 0x00, 0x00, 0xff, 0xf0, 0x00, 0x00,
    0x00, 0x00, 0xff, 0xf0, 0x00, 0x00, 0x00, 0x00, 0xff, 0xf0, 0x00, 0x00, 0x00, 0x00, 0xff, 0xf0,
    0x00, 0x00, 0xff, 0xff, 0xff, 0xff, 0xff, 0xff, 0xff, 0xff, 0xff, 0xff, 0xff, 0xff, 0xbb, 0xbb,
    0xff, 0xfb, 0xbb, 0xbb, 0x00, 0x00, 0xff, 0xf0, 0x00, 0x00, 0x00, 0x00, 0xff, 0xf0, 0x00, 0x00,
    0x00, 0x00, 0xff, 0xf0, 0x00, 0x00, 0x00, 0x00, 0xff, 0xf0, 0x00, 0x00, 0x00, 0x00, 0xff, 0xf0,
    0x00, 0x00, 0x00, 0x00, 0xff, 0xf0, 0x00, 0x00, 0x00, 0x00, 0xff, 0xf0, 0x00, 0x00, 0x00, 0x00,
    0xff, 0xf0, 0x00, 0x00, 0x00, 0x00, 0xff, 0xf0, 0x00, 0x00, 0x00, 0x00, 0xff, 0xf0, 0x00, 0x00,
    0x00, 0x00, 0xff, 0xf0, 0x00, 0x00, 0x00, 0x00, 0xff, 0xf0, 0x00, 0x00, 0x00, 0x00, 0xff, 0xf0,
    0x00, 0x00, 0x00, 0x00, 0xff, 0xf0, 0x00, 0x00, 0x00, 0x00, 0xff, 0xf0, 0x00, 0x00, 0x00, 0x00,
    0xff, 0xf0, 0x00, 0x00, 0x00, 0x00, 0xff, 0xf1, 0x00, 0x00, 0x00, 0x00, 0xef, 0xf2, 0x00, 0x00,
    0x00, 0x00, 0xbf, 0xfa, 0x00, 0x00, 0x00, 0x00, 0x6f, 0xff, 0xeb, 0xbb, 0x00, 0x00, 0x0a, 0xff,
    0xff, 0xff, 0x00, 0x00, 0x00, 0x5b, 0xde, 0xff, 0xff, 0xf0, 0x00, 0x00, 0x00, 0x00, 0x00, 0x00,
    0x0f, 0xff, 0xff, 0xf0, 0x00, 0x00, 0x00, 0x00, 0x00, 0x00, 0x0f, 0xff, 0xff, 0xf0, 0x00, 0x00,
    0x00, 0x00, 0x00, 0x00, 0x0f, 0xff, 0xff, 0xf0, 0x00, 0x00, 0x00, 0x00, 0x00, 0x00, 0x0f, 0xff,
    0xff, 0xf0, 0x00, 0x00, 0x00, 0x00, 0x00, 0x00, 0x0f, 0xff, 0xff, 0xf0, 0x00, 0x00, 0x00, 0x00,
    0x00, 0x00, 0x0f, 0xff, 0xff, 0xf0, 0x00, 0x00, 0x00, 0x00, 0x00, 0x00, 0x0f, 0xff, 0xff, 0xf0,
    0x00, 0x00, 0x00, 0x00, 0x00, 0x00, 0x0f, 0xff, 0xff, 0xf0, 0x00, 0x00, 0x00, 0x00, 0x00, 0x00,
    0x0f, 0xff, 0xff, 0xf0, 0x00, 0x00, 0x00, 0x00, 0x00, 0x00, 0x0f, 0xff, 0xff, 0xf0, 0x00, 0x00,
    0x00, 0x00, 0x00, 0x00, 0x0f, 0xff, 0xff, 0xf0, 0x00, 0x00, 0x00, 0x00, 0x00, 0x00, 0x0f, 0xff,
    0xff, 0xf0, 0x00, 0x00, 0x00, 0x00, 0x00, 0x00, 0x0f, 0xff, 0xff, 0xf0, 0x00, 0x00, 0x00, 0x00,
    0x00, 0x00, 0x0f, 0xff, 0xff, 0xf0, 0x00, 0x00, 0x00, 0x00, 0x00, 0x00, 0x0f, 0xff, 0xef, 0xf0,
    0x00, 0x00, 0x00, 0x00, 0x00, 0x00, 0x1f, 0xff, 0xef, 0xf1, 0x00, 0x00, 0x00, 0x00, 0x00, 0x00,
    0x3f, 0xff, 0xcf, 0xf4, 0x00, 0x00, 0x00, 0x00, 0x00, 0x00, 0x6f, 0xff, 0x9f, 0xf9, 0x00, 0x00,
    0x00, 0x00, 0x00, 0x00, 0xcf, 0xff, 0x4f, 0xfe, 0x20, 0x00, 0x00, 0x00, 0x00, 0x06, 0xff, 0xff,
    0x0c, 0xff, 0xc1, 0x00, 0x00, 0x00, 0x00, 0x4e, 0xff, 0xff, 0x02, 0xef, 0xfd, 0x60, 0x00, 0x00,
    0x39, 0xff, 0x9f, 0xff, 0x00, 0x5e, 0xff, 0xfe, 0xcb, 0xce, 0xff, 0xfa, 0x0f, 0xff, 0x00, 0x02,
    0xcf, 0xff, 0xff, 0xff, 0xfe, 0x70, 0x0f, 0xff, 0x00, 0x00, 0x04, 0x9c, 0xee, 0xdb, 0x61, 0x00,
    0x0f, 0xff, 0x1e, 0xff, 0x30, 0x00, 0x00, 0x00, 0x00, 0x00, 0x00, 0x00, 0xdf, 0xf3, 0x0a, 0xff,
    0x80, 0x00, 0x00, 0x00, 0x00, 0x00, 0x00, 0x05, 0xff, 0xc0, 0x04, 0xff, 0xe0, 0x00, 0x00, 0x00,
    0x00, 0x00, 0x00, 0x0a, 0xff, 0x60, 0x00, 0xdf, 0xf5, 0x00, 0x00, 0x00, 0x00, 0x00, 0x00, 0x1e,
    0xfe, 0x10, 0x00, 0x7f, 0xfb, 0x00, 0x00, 0x00, 0x00, 0x00, 0x00, 0x7f, 0xfa, 0x00, 0x00, 0x1e,
    0xfe, 0x20, 0x00, 0x00, 0x00, 0x00, 0x00, 0xdf, 0xf4, 0x00, 0x00, 0x0a, 0xff, 0x70, 0x00, 0x00,
    0x00, 0x00, 0x03, 0xff, 0xd0, 0x00, 0x00, 0x04, 0xff, 0xd0, 0x00, 0x00, 0x00, 0x00, 0x09, 0xff,
    0x70, 0x00, 0x00, 0x00, 0xdf, 0xf4, 0x00, 0x00, 0x00, 0x00, 0x0e, 0xfe, 0x10, 0x00, 0x00, 0x00,
    0x8f, 0xfa, 0x00, 0x00, 0x00, 0x00, 0x6f, 0xfa, 0x00, 0x00, 0x00, 0x00, 0x2f, 0xfe, 0x10, 0x00,
    0x00, 0x00, 0xbf, 0xf4, 0x00, 0x00, 0x00, 0x00, 0x0b, 0xff, 0x60, 0x00, 0x00, 0x02, 0xff, 0xd0,
    0x00, 0x00, 0x00, 0x00, 0x05, 0xff, 0xc0, 0x00, 0x00, 0x08, 0xff, 0x80, 0x00, 0x00, 0x00, 0x00,
    0x00, 0xef, 0xf3, 0x00, 0x00, 0x0d, 0xff, 0x20, 0x00, 0x00, 0x00, 0x00, 0x00, 0x8f, 0xf8, 0x00,
    0x00, 0x4f, 0xfb, 0x00, 0x00, 0x00, 0x00, 0x00, 0x00, 0x2f, 0xfe, 0x00, 0x00, 0xaf, 0xf5, 0x00,
    0x00, 0x00, 0x00, 0x00, 0x00, 0x0c, 0xff, 0x50, 0x01, 0xef, 0xe0, 0x00, 0x00, 0x00, 0x00, 0x00,
    0x00, 0x06, 0xff, 0xa0, 0x06, 0xff, 0x80, 0x00, 0x00, 0x00, 0x00, 0x00, 0x00, 0x00, 0xef, 0xe1,
    0x0b, 0xff, 0x20, 0x00, 0x00, 0x00, 0x00, 0x00, 0x00, 0x00, 0x9f, 0xf6, 0x2f, 0xfb, 0x00, 0x00,
    0x00, 0x00, 0x00, 0x00, 0x00, 0x00, 0x3f, 0xfc, 0x7f, 0xf6, 0x00, 0x00, 0x00, 0x00, 0x00, 0x00,
    0x00, 0x00, 0x0c, 0xff, 0xff, 0xe0, 0x00, 0x00, 0x00, 0x00, 0x00, 0x00, 0x00, 0x00, 0x06, 0xff,
    0xff, 0x90, 0x00, 0x00, 0x00, 0x00, 0x00, 0x00, 0x00, 0x00, 0x01, 0xef, 0xff, 0x30, 0x00, 0x00,
    0x00, 0x00, 0x00, 0x00, 0x00, 0x00, 0x00, 0xaf, 0xfc, 0x00, 0x00, 0x00, 0x00, 0x00, 0x1e, 0xfe,
    0x00, 0x00, 0x00, 0x00, 0x00, 0x00, 0xdf, 0xf7, 0x00, 0x00, 0x00, 0x00, 0x00, 0x06, 0xff, 0xa0,
    0x0c, 0xff, 0x40, 0x00, 0x00, 0x00, 0x00, 0x03, 0xff, 0xfb, 0x00, 0x00, 0x00, 0x00, 0x00, 0x0b,
    0xff, 0x50, 0x07, 0xff, 0x90, 0x00, 0x00, 0x00, 0x00, 0x07, 0xff, 0xfe, 0x10, 0x00, 0x00, 0x00,
    0x00, 0x0e, 0xfe, 0x10, 0x02, 0xff, 0xd0, 0x00, 0x00, 0x00, 0x00, 0x0c, 0xff, 0xff, 0x50, 0x00,
    0x00, 0x00, 0x00, 0x5f, 0xfb, 0x00, 0x00, 0xdf, 0xf2, 0x00, 0x00, 0x00, 0x00, 0x1f, 0xf9, 0xef,
    0xa0, 0x00, 0x00, 0x00, 0x00, 0x9f, 0xf7, 0x00, 0x00, 0x8f, 0xf6, 0x00, 0x00, 0x00, 0x00, 0x6f,
    0xf5, 0xbf, 0xe0, 0x00, 0x00, 0x00, 0x00, 0xdf, 0xf2, 0x00, 0x00, 0x4f, 0xfb, 0x00, 0x00, 0x00,
    0x00, 0xbf, 0xe1, 0x7f, 0xf4, 0x00, 0x00, 0x00, 0x03, 0xff, 0xd0, 0x00, 0x00, 0x0e, 0xfe, 0x00,
    0x00, 0x00, 0x00, 0xef, 0xc0, 0x3f, 0xf9, 0x00, 0x00, 0x00, 0x07, 0xff, 0x80, 0x00, 0x00, 0x0a,
    0xff, 0x40, 0x00, 0x00, 0x05, 0xff, 0x70, 0x0e, 0xfd, 0x00, 0x00, 0x00, 0x0b, 0xff, 0x40, 0x00,
    0x00, 0x05, 0xff, 0x90, 0x00, 0x00, 0x09, 0xff, 0x30, 0x0a, 0xff, 0x30, 0x00, 0x00, 0x1e, 0xfe,
    0x00, 0x00, 0x00, 0x01, 0xef, 0xd0, 0x00, 0x00, 0x0e, 0xfe, 0x00, 0x05, 0xff, 0x70, 0x00, 0x00,
    0x5f, 0xfa, 0x00, 0x00, 0x00, 0x00, 0xbf, 0xf2, 0x00, 0x00, 0x3f, 0xf9, 0x00, 0x01, 0xef, 0xc0,
    0x00, 0x00, 0x9f, 0xf5, 0x00, 0x00, 0x00, 0x00, 0x7f, 0xf7, 0x00, 0x00, 0x8f, 0xf5, 0x00, 0x00,
    0xbf, 0xf1, 0x00, 0x00, 0xef, 0xe1, 0x00, 0x00, 0x00, 0x00, 0x2f, 0xfb, 0x00, 0x00, 0xcf, 0xe0,
    0x00, 0x00, 0x7f, 0xf6, 0x00, 0x03, 0xff, 0xb0, 0x00, 0x00, 0x00, 0x00, 0x0d, 0xfe, 0x00, 0x02,
    0xff, 0xa0, 0x00, 0x00, 0x2f, 0xfa, 0x00, 0x07, 0xff, 0x70, 0x00, 0x00, 0x00, 0x00, 0x08, 0xff,
    0x40, 0x06, 0xff, 0x60, 0x00, 0x00, 0x0d, 0xfe, 0x00, 0x0b, 0xff, 0x20, 0x00, 0x00, 0x00, 0x00,
    0x04, 0xff, 0x80, 0x0a, 0xfe, 0x10, 0x00, 0x00, 0x08, 0xff, 0x30, 0x1e, 0xfd, 0x00, 0x00, 0x00,
    0x00, 0x00, 0x00, 0xef, 0xc0, 0x0e, 0xfb, 0x00, 0x00, 0x00, 0x03, 0xff, 0x70, 0x4f, 0xf8, 0x00,
    0x00, 0x00, 0x00, 0x00, 0x00, 0xaf, 0xf1, 0x4f, 0xf7, 0x00, 0x00, 0x00, 0x00, 0xef, 0xc0, 0x9f,
    0xf3, 0x00, 0x00, 0x00, 0x00, 0x00, 0x00, 0x5f, 0xf5, 0x8f, 0xf2, 0x00, 0x00, 0x00, 0x00, 0x9f,
    0xe1, 0xdf, 0xe0, 0x00, 0x00, 0x00, 0x00, 0x00, 0x00, 0x1e, 0xf9, 0xcf, 0xd0, 0x00, 0x00, 0x00,
    0x00, 0x5f, 0xf7, 0xff, 0x90, 0x00, 0x00, 0x00, 0x00, 0x00, 0x00, 0x0b, 0xfe, 0xff, 0x80, 0x00,
    0x00, 0x00, 0x00, 0x0e, 0xff, 0xff, 0x50, 0x00, 0x00, 0x00, 0x00, 0x00, 0x00, 0x07, 0xff, 0xff,
    0x30, 0x00, 0x00, 0x00, 0x00, 0x0b, 0xff, 0xfe, 0x10, 0x00, 0x00, 0x00, 0x00, 0x00, 0x00, 0x02,
    0xff, 0xfd, 0x00, 0x00, 0x00, 0x00, 0x00, 0x06, 0xff, 0xfb, 0x00, 0x00, 0x00, 0x00, 0x00, 0x00,
    0x00, 0x00, 0xdf, 0xf9, 0x00, 0x00, 0x00, 0x00, 0x00, 0x01, 0xff, 0xf6, 0x00, 0x00, 0x00, 0x00,
    0x06, 0xff, 0xe2, 0x00, 0x00, 0x00, 0x00, 0x00, 0x00, 0x2e, 0xff, 0x60, 0x00, 0xaf, 0xfc, 0x00,
    0x00, 0x00, 0x00, 0x00, 0x00, 0xcf, 0xfa, 0x00, 0x00, 0x1d, 0xff, 0x90, 0x00, 0x00, 0x00, 0x00,
    0x08, 0xff, 0xd1, 0x00, 0x00, 0x03, 0xef, 0xf5, 0x00, 0x00, 0x00, 0x00, 0x4f, 0xfe, 0x30, 0x00,
    0x00, 0x00, 0x7f, 0xfe, 0x10, 0x00, 0x00, 0x01, 0xef, 0xf7, 0x00, 0x00, 0x00, 0x00, 0x0b, 0xff,
    0xb0, 0x00, 0x00, 0x0b, 0xff, 0xb0, 0x00, 0x00, 0x00, 0x00, 0x01, 0xef, 0xf7, 0x00, 0x00, 0x7f,
    0xfe, 0x10, 0x00, 0x00, 0x00, 0x00, 0x00, 0x4f, 0xfe, 0x30, 0x03, 0xef, 0xf4, 0x00, 0x00, 0x00,
    0x00, 0x00, 0x00, 0x08, 0xff, 0xd1, 0x1d, 0xff, 0x80, 0x00, 0x00, 0x00, 0x00, 0x00, 0x00, 0x00,
    0xcf, 0xfa, 0xaf, 0xfc, 0x00, 0x00, 0x00, 0x00, 0x00, 0x00, 0x00, 0x00, 0x2e, 0xff, 0xff, 0xe2,
    0x00, 0x00, 0x00, 0x00, 0x00, 0x00, 0x00, 0x00, 0x05, 0xff, 0xff, 0x50, 0x00, 0x00, 0x00, 0x00,
    0x00, 0x00, 0x00, 0x00, 0x01, 0xff, 0xff, 0x10, 0x00, 0x00, 0x00, 0x00, 0x00, 0x00, 0x00, 0x00,
    0x0b, 0xff, 0xff, 0xb0, 0x00, 0x00, 0x00, 0x00, 0x00, 0x00, 0x00, 0x00, 0x8f, 0xff, 0xff, 0xf7,
    0x00, 0x00, 0x00, 0x00, 0x00, 0x00, 0x00, 0x04, 0xef, 0xe4, 0x4f, 0xfe, 0x40, 0x00, 0x00, 0x00,
    0x00, 0x00, 0x00, 0x1d, 0xff, 0x80, 0x09, 0xff, 0xd1, 0x00, 0x00, 0x00, 0x00, 0x00, 0x00, 0xbf,
    0xfb, 0x00, 0x00, 0xcf, 0xfa, 0x00, 0x00, 0x00, 0x00, 0x00, 0x07, 0xff, 0xe1, 0x00, 0x00, 0x2e,
    0xff, 0x60, 0x00, 0x00, 0x00, 0x00, 0x3e, 0xff, 0x50, 0x00, 0x00, 0x06, 0xff, 0xe3, 0x00, 0x00,
    0x00, 0x01, 0xdf, 0xf8, 0x00, 0x00, 0x00, 0x00, 0x9f, 0xfd, 0x00, 0x00, 0x00, 0x0a, 0xff, 0xc0,
    0x00, 0x00, 0x00, 0x00, 0x0d, 0xff, 0x90, 0x00, 0x00, 0x6f, 0xfe, 0x20, 0x00, 0x00, 0x00, 0x00,
    0x03, 0xef, 0xf5, 0x00, 0x03, 0xef, 0xf5, 0x00, 0x00, 0x00, 0x00, 0x00, 0x00, 0x6f, 0xfe, 0x20,
    0x0d, 0xff, 0x90, 0x00, 0x00, 0x00, 0x00, 0x00, 0x00, 0x0a, 0xff, 0xc0, 0x1e, 0xff, 0x30, 0x00,
    0x00, 0x00, 0x00, 0x00, 0x00, 0x00, 0xdf, 0xf3, 0x09, 0xff, 0x80, 0x00, 0x00, 0x00, 0x00, 0x00,
    0x00, 0x05, 0xff, 0xc0, 0x04, 0xff, 0xe0, 0x00, 0x00, 0x00, 0x00, 0x00, 0x00, 0x0a, 0xff, 0x60,
    0x00, 0xdf, 0xf5, 0x00, 0x00, 0x00, 0x00, 0x00, 0x00, 0x1e, 0xfe, 0x10, 0x00, 0x7f, 0xfb, 0x00,
    0x00, 0x00, 0x00, 0x00, 0x00, 0x7f, 0xfa, 0x00, 0x00, 0x1e, 0xfe, 0x10, 0x00, 0x00, 0x00, 0x00,
    0x00, 0xcf, 0xf4, 0x00, 0x00, 0x0a, 0xff, 0x70, 0x00, 0x00, 0x00, 0x00, 0x03, 0xff, 0xd0, 0x00,
    0x00, 0x04, 0xff, 0xd0, 0x00, 0x00, 0x00, 0x00, 0x09, 0xff, 0x70, 0x00, 0x00, 0x00, 0xdf, 0xf4,
    0x00, 0x00, 0x00, 0x00, 0x0e, 0xfe, 0x10, 0x00, 0x00, 0x00, 0x7f, 0xf9, 0x00, 0x00, 0x00, 0x00,
    0x5f, 0xfa, 0x00, 0x00, 0x00, 0x00, 0x1e, 0xfe, 0x10, 0x00, 0x00, 0x00, 0xbf, 0xf4, 0x00, 0x00,
    0x00, 0x00, 0x0a, 0xff, 0x60, 0x00, 0x00, 0x02, 0xef, 0xd0, 0x00, 0x00, 0x00, 0x00, 0x04, 0xff,
    0xc0, 0x00, 0x00, 0x07, 0xff, 0x80, 0x00, 0x00, 0x00, 0x00, 0x00, 0xdf, 0xf2, 0x00, 0x00, 0x0d,
    0xff, 0x20, 0x00, 0x00, 0x00, 0x00, 0x00, 0x8f, 0xf8, 0x00, 0x00, 0x4f, 0xfb, 0x00, 0x00, 0x00,
    0x00, 0x00, 0x00, 0x2f, 0xfe, 0x00, 0x00, 0x9f, 0xf5, 0x00, 0x00, 0x00, 0x00, 0x00, 0x00, 0x0b,
    0xff, 0x50, 0x00, 0xef, 0xe0, 0x00, 0x00, 0x00, 0x00, 0x00, 0x00, 0x05, 0xff, 0xa0, 0x06, 0xff,
    0x80, 0x00, 0x00, 0x00, 0x00, 0x00, 0x00, 0x00, 0xef, 0xe1, 0x0b, 0xff, 0x30, 0x00, 0x00, 0x00,
    0x00, 0x00, 0x00, 0x00, 0x8f, 0xf7, 0x2f, 0xfc, 0x00, 0x00, 0x00, 0x00, 0x00, 0x00, 0x00, 0x00,
    0x2f, 0xfc, 0x7f, 0xf6, 0x00, 0x00, 0x00, 0x00, 0x00, 0x00, 0x00, 0x00, 0x0b, 0xff, 0xff, 0xe0,
    0x00, 0x00, 0x00, 0x00, 0x00, 0x00, 0x00, 0x00, 0x05, 0xff, 0xff, 0x90, 0x00, 0x00, 0x00, 0x00,
    0x00, 0x00, 0x00, 0x00, 0x00, 0xef, 0xff, 0x30, 0x00, 0x00, 0x00, 0x00, 0x00, 0x00, 0x00, 0x00,
    0x00, 0x9f, 0xfc, 0x00, 0x00, 0x00, 0x00, 0x00, 0x00, 0x00, 0x00, 0x00, 0x00, 0x9f, 0xf6, 0x00,
    0x00, 0x00, 0x00, 0x00, 0x00, 0x00, 0x00, 0x00, 0x00, 0xef, 0xe1, 0x00, 0x00, 0x00, 0x00, 0x00,
    0x00, 0x00, 0x00, 0x00, 0x05, 0xff, 0xa0, 0x00, 0x00, 0x00, 0x00, 0x00, 0x00, 0x00, 0x00, 0x00,
    0x0b, 0xff, 0x40, 0x00, 0x00, 0x00, 0x00, 0x00, 0x00, 0x00, 0x00, 0x00, 0x3f, 0xfd, 0x00, 0x00,
    0x00, 0x00, 0x00, 0x00, 0x00, 0x00, 0x00, 0x00, 0xbf, 0xf6, 0x00, 0x00, 0x00, 0x00, 0x00, 0x00,
    0x00, 0x00, 0x00, 0x08, 0xff, 0xd0, 0x00, 0x00, 0x00, 0x00, 0x00, 0x00, 0x00, 0x0b, 0xbb, 0xdf,
    0xfe, 0x40, 0x00, 0x00, 0x00, 0x00, 0x00, 0x00, 0x00, 0x0f, 0xff, 0xff, 0xe6, 0x00, 0x00, 0x00,
    0x00, 0x00, 0x00, 0x00, 0x00, 0x0f, 0xfe, 0xd9, 0x20, 0x00, 0x00, 0x00, 0x00, 0x00, 0x00, 0x00,
    0xff, 0xff, 0xff, 0xff, 0xff, 0xff, 0xff, 0xff, 0xff, 0xff, 0xff, 0xff, 0xff, 0xff, 0xff, 0xff,
    0xff, 0xff, 0xbb, 0xbb, 0xbb, 0xbb, 0xbb, 0xbb, 0xbb, 0xef, 0xfd, 0x00, 0x00, 0x00, 0x00, 0x00,
    0x00, 0x03, 0xef, 0xe3, 0x00, 0x00, 0x00, 0x00, 0x00, 0x00, 0x0d, 0xff, 0x70, 0x00, 0x00, 0x00,
    0x00, 0x00, 0x00, 0x9f, 0xfb, 0x00, 0x00, 0x00, 0x00, 0x00, 0x00, 0x05, 0xff, 0xe2, 0x00, 0x00,
    0x00, 0x00, 0x00, 0x00, 0x2e, 0xff, 0x50, 0x00, 0x00, 0x00, 0x00, 0x00, 0x00, 0xcf, 0xf9, 0x00,
    0x00, 0x00, 0x00, 0x00, 0x00, 0x08, 0xff, 0xd0, 0x00, 0x00, 0x00, 0x00, 0x00, 0x00, 0x4e, 0xfe,
    0x30, 0x00, 0x00, 0x00, 0x00, 0x00, 0x01, 0xdf, 0xf7, 0x00, 0x00, 0x00, 0x00, 0x00, 0x00, 0x0a,
    0xff, 0xb0, 0x00, 0x00, 0x00, 0x00, 0x00, 0x00, 0x6f, 0xfe, 0x10, 0x00, 0x00, 0x00, 0x00, 0x00,
    0x02, 0xef, 0xf5, 0x00, 0x00, 0x00, 0x00, 0x00, 0x00, 0x0c, 0xff, 0x90, 0x00, 0x00, 0x00, 0x00,
    0x00, 0x00, 0x8f, 0xfd, 0x00, 0x00, 0x00, 0x00, 0x00, 0x00, 0x04, 0xff, 0xe3, 0x00, 0x00, 0x00,
    0x00, 0x00, 0x00, 0x1d, 0xff, 0x70, 0x00, 0x00, 0x00, 0x00, 0x00, 0x00, 0xbf, 0xfb, 0x00, 0x00,
    0x00, 0x00, 0x00, 0x00, 0x06, 0xff, 0xe1, 0x00, 0x00, 0x00, 0x00, 0x00, 0x00, 0x3e, 0xff, 0x40,
    0x00, 0x00, 0x00, 0x00, 0x00, 0x00, 0xcf, 0xfe, 0xbb, 0xbb, 0xbb, 0xbb, 0xbb, 0xbb, 0xbb, 0xff,
    0xff, 0xff, 0xff, 0xff, 0xff, 0xff, 0xff, 0xff, 0xff, 0xff, 0xff, 0xff, 0xff, 0xff, 0xff, 0xff,
    0xff, 0x1b, 0xeb, 0x10, 0xbf, 0xff, 0xb0, 0xef, 0xff, 0xe0, 0xbf, 0xff, 0xb0, 0x1b, 0xeb, 0x10,
};

static const InterGlyph inter_lt_48_glyphs[] = {
    { .ch=' '   , .width=  0, .height=  0, .ofs_x=   0, .ofs_y=   0, .adv_w=  737, .data_offset=     0 },  /*    adv=11.52px */
    { .ch='\''  , .width=  4, .height= 11, .ofs_x=   4, .ofs_y=  25, .adv_w=  644, .data_offset=     0 },  /* '  adv=10.06px */
    { .ch='\"'  , .width= 10, .height= 11, .ofs_x=   4, .ofs_y=  25, .adv_w= 1043, .data_offset=    22 },  /* "  adv=16.30px */
    { .ch='0'   , .width= 25, .height= 35, .ofs_x=   2, .ofs_y=   1, .adv_w= 1826, .data_offset=    77 },  /* 0  adv=28.53px */
    { .ch='1'   , .width= 13, .height= 35, .ofs_x=   1, .ofs_y=   1, .adv_w= 1055, .data_offset=   532 },  /* 1  adv=16.48px */
    { .ch='2'   , .width= 23, .height= 35, .ofs_x=   2, .ofs_y=   1, .adv_w= 1698, .data_offset=   777 },  /* 2  adv=26.53px */
    { .ch='3'   , .width= 24, .height= 35, .ofs_x=   2, .ofs_y=   1, .adv_w= 1770, .data_offset=  1197 },  /* 3  adv=27.66px */
    { .ch='4'   , .width= 27, .height= 35, .ofs_x=   1, .ofs_y=   1, .adv_w= 1859, .data_offset=  1617 },  /* 4  adv=29.05px */
    { .ch='5'   , .width= 23, .height= 35, .ofs_x=   2, .ofs_y=   1, .adv_w= 1703, .data_offset=  2107 },  /* 5  adv=26.61px */
    { .ch='6'   , .width= 24, .height= 35, .ofs_x=   2, .ofs_y=   1, .adv_w= 1730, .data_offset=  2527 },  /* 6  adv=27.03px */
    { .ch='7'   , .width= 22, .height= 35, .ofs_x=   1, .ofs_y=   1, .adv_w= 1584, .data_offset=  2947 },  /* 7  adv=24.75px */
    { .ch='8'   , .width= 24, .height= 35, .ofs_x=   2, .ofs_y=   1, .adv_w= 1724, .data_offset=  3332 },  /* 8  adv=26.94px */
    { .ch='9'   , .width= 24, .height= 35, .ofs_x=   2, .ofs_y=   1, .adv_w= 1730, .data_offset=  3752 },  /* 9  adv=27.03px */
    { .ch=':'   , .width=  5, .height= 24, .ofs_x=   3, .ofs_y=   1, .adv_w=  650, .data_offset=  4172 },  /* :  adv=10.16px */
    { .ch='A'   , .width= 31, .height= 35, .ofs_x=   0, .ofs_y=   1, .adv_w= 1947, .data_offset=  4244 },  /* A  adv=30.42px */
    { .ch='B'   , .width= 25, .height= 35, .ofs_x=   4, .ofs_y=   1, .adv_w= 1925, .data_offset=  4804 },  /* B  adv=30.08px */
    { .ch='C'   , .width= 30, .height= 35, .ofs_x=   2, .ofs_y=   1, .adv_w= 2156, .data_offset=  5259 },  /* C  adv=33.69px */
    { .ch='D'   , .width= 27, .height= 35, .ofs_x=   4, .ofs_y=   1, .adv_w= 2079, .data_offset=  5784 },  /* D  adv=32.48px */
    { .ch='E'   , .width= 22, .height= 35, .ofs_x=   4, .ofs_y=   1, .adv_w= 1760, .data_offset=  6274 },  /* E  adv=27.50px */
    { .ch='F'   , .width= 22, .height= 35, .ofs_x=   4, .ofs_y=   1, .adv_w= 1680, .data_offset=  6659 },  /* F  adv=26.25px */
    { .ch='G'   , .width= 30, .height= 35, .ofs_x=   2, .ofs_y=   1, .adv_w= 2189, .data_offset=  7044 },  /* G  adv=34.20px */
    { .ch='H'   , .width= 27, .height= 35, .ofs_x=   4, .ofs_y=   1, .adv_w= 2138, .data_offset=  7569 },  /* H  adv=33.41px */
    { .ch='I'   , .width=  4, .height= 35, .ofs_x=   4, .ofs_y=   1, .adv_w=  668, .data_offset=  8059 },  /* I  adv=10.44px */
    { .ch='J'   , .width= 20, .height= 35, .ofs_x=   2, .ofs_y=   1, .adv_w= 1613, .data_offset=  8129 },  /* J  adv=25.20px */
    { .ch='K'   , .width= 25, .height= 35, .ofs_x=   4, .ofs_y=   1, .adv_w= 1859, .data_offset=  8479 },  /* K  adv=29.05px */
    { .ch='L'   , .width= 21, .height= 35, .ofs_x=   4, .ofs_y=   1, .adv_w= 1619, .data_offset=  8934 },  /* L  adv=25.30px */
    { .ch='M'   , .width= 34, .height= 35, .ofs_x=   4, .ofs_y=   1, .adv_w= 2609, .data_offset=  9319 },  /* M  adv=40.77px */
    { .ch='N'   , .width= 27, .height= 35, .ofs_x=   4, .ofs_y=   1, .adv_w= 2180, .data_offset=  9914 },  /* N  adv=34.06px */
    { .ch='O'   , .width= 31, .height= 35, .ofs_x=   2, .ofs_y=   1, .adv_w= 2235, .data_offset= 10404 },  /* O  adv=34.92px */
    { .ch='P'   , .width= 24, .height= 35, .ofs_x=   4, .ofs_y=   1, .adv_w= 1815, .data_offset= 10964 },  /* P  adv=28.36px */
    { .ch='Q'   , .width= 31, .height= 38, .ofs_x=   2, .ofs_y=  -2, .adv_w= 2235, .data_offset= 11384 },  /* Q  adv=34.92px */
    { .ch='R'   , .width= 25, .height= 35, .ofs_x=   4, .ofs_y=   1, .adv_w= 1887, .data_offset= 11992 },  /* R  adv=29.48px */
    { .ch='S'   , .width= 25, .height= 35, .ofs_x=   2, .ofs_y=   1, .adv_w= 1821, .data_offset= 12447 },  /* S  adv=28.45px */
    { .ch='T'   , .width= 26, .height= 35, .ofs_x=   1, .ofs_y=   1, .adv_w= 1853, .data_offset= 12902 },  /* T  adv=28.95px */
    { .ch='U'   , .width= 27, .height= 35, .ofs_x=   3, .ofs_y=   1, .adv_w= 2117, .data_offset= 13357 },  /* U  adv=33.08px */
    { .ch='V'   , .width= 30, .height= 35, .ofs_x=   0, .ofs_y=   1, .adv_w= 1947, .data_offset= 13847 },  /* V  adv=30.42px */
    { .ch='W'   , .width= 44, .height= 35, .ofs_x=   0, .ofs_y=   1, .adv_w= 2849, .data_offset= 14372 },  /* W  adv=44.52px */
    { .ch='X'   , .width= 30, .height= 35, .ofs_x=   0, .ofs_y=   1, .adv_w= 1916, .data_offset= 15142 },  /* X  adv=29.94px */
    { .ch='Y'   , .width= 29, .height= 35, .ofs_x=   0, .ofs_y=   1, .adv_w= 1926, .data_offset= 15667 },  /* Y  adv=30.09px */
    { .ch='Z'   , .width= 26, .height= 35, .ofs_x=   1, .ofs_y=   1, .adv_w= 1865, .data_offset= 16192 },  /* Z  adv=29.14px */
    { .ch='a'   , .width= 20, .height= 25, .ofs_x=   2, .ofs_y=   1, .adv_w= 1562, .data_offset= 16647 },  /* a  adv=24.41px */
    { .ch='b'   , .width= 23, .height= 35, .ofs_x=   3, .ofs_y=   1, .adv_w= 1718, .data_offset= 16897 },  /* b  adv=26.84px */
    { .ch='c'   , .width= 22, .height= 25, .ofs_x=   2, .ofs_y=   1, .adv_w= 1580, .data_offset= 17317 },  /* c  adv=24.69px */
    { .ch='d'   , .width= 23, .height= 35, .ofs_x=   2, .ofs_y=   1, .adv_w= 1718, .data_offset= 17592 },  /* d  adv=26.84px */
    { .ch='e'   , .width= 23, .height= 25, .ofs_x=   2, .ofs_y=   1, .adv_w= 1622, .data_offset= 18012 },  /* e  adv=25.34px */
    { .ch='f'   , .width= 13, .height= 35, .ofs_x=   0, .ofs_y=   1, .adv_w=  870, .data_offset= 18312 },  /* f  adv=13.59px */
    { .ch='g'   , .width= 23, .height= 35, .ofs_x=   2, .ofs_y=  -9, .adv_w= 1718, .data_offset= 18557 },  /* g  adv=26.84px */
    { .ch='h'   , .width= 20, .height= 35, .ofs_x=   3, .ofs_y=   1, .adv_w= 1655, .data_offset= 18977 },  /* h  adv=25.86px */
    { .ch='i'   , .width=  4, .height= 34, .ofs_x=   2, .ofs_y=   1, .adv_w=  579, .data_offset= 19327 },  /* i  adv=9.05px */
    { .ch='j'   , .width=  8, .height= 44, .ofs_x=  -1, .ofs_y=  -9, .adv_w=  582, .data_offset= 19395 },  /* j  adv=9.09px */
    { .ch='k'   , .width= 20, .height= 35, .ofs_x=   3, .ofs_y=   1, .adv_w= 1463, .data_offset= 19571 },  /* k  adv=22.86px */
    { .ch='l'   , .width=  4, .height= 35, .ofs_x=   3, .ofs_y=   1, .adv_w=  579, .data_offset= 19921 },  /* l  adv=9.05px */
    { .ch='m'   , .width= 34, .height= 25, .ofs_x=   3, .ofs_y=   1, .adv_w= 2541, .data_offset= 19991 },  /* m  adv=39.70px */
    { .ch='n'   , .width= 20, .height= 25, .ofs_x=   3, .ofs_y=   1, .adv_w= 1655, .data_offset= 20416 },  /* n  adv=25.86px */
    { .ch='o'   , .width= 23, .height= 25, .ofs_x=   2, .ofs_y=   1, .adv_w= 1653, .data_offset= 20666 },  /* o  adv=25.83px */
    { .ch='p'   , .width= 23, .height= 35, .ofs_x=   3, .ofs_y=  -9, .adv_w= 1718, .data_offset= 20966 },  /* p  adv=26.84px */
    { .ch='q'   , .width= 23, .height= 35, .ofs_x=   2, .ofs_y=  -9, .adv_w= 1718, .data_offset= 21386 },  /* q  adv=26.84px */
    { .ch='r'   , .width= 11, .height= 25, .ofs_x=   3, .ofs_y=   1, .adv_w=  929, .data_offset= 21806 },  /* r  adv=14.52px */
    { .ch='s'   , .width= 20, .height= 25, .ofs_x=   1, .ofs_y=   1, .adv_w= 1430, .data_offset= 21956 },  /* s  adv=22.34px */
    { .ch='t'   , .width= 12, .height= 31, .ofs_x=   1, .ofs_y=   1, .adv_w=  873, .data_offset= 22206 },  /* t  adv=13.64px */
    { .ch='u'   , .width= 20, .height= 25, .ofs_x=   3, .ofs_y=   1, .adv_w= 1655, .data_offset= 22392 },  /* u  adv=25.86px */
    { .ch='v'   , .width= 24, .height= 25, .ofs_x=   0, .ofs_y=   1, .adv_w= 1547, .data_offset= 22642 },  /* v  adv=24.17px */
    { .ch='w'   , .width= 35, .height= 25, .ofs_x=   0, .ofs_y=   1, .adv_w= 2277, .data_offset= 22942 },  /* w  adv=35.58px */
    { .ch='x'   , .width= 24, .height= 25, .ofs_x=   0, .ofs_y=   1, .adv_w= 1526, .data_offset= 23392 },  /* x  adv=23.84px */
    { .ch='y'   , .width= 24, .height= 35, .ofs_x=   0, .ofs_y=  -9, .adv_w= 1547, .data_offset= 23692 },  /* y  adv=24.17px */
    { .ch='z'   , .width= 18, .height= 25, .ofs_x=   2, .ofs_y=   1, .adv_w= 1437, .data_offset= 24112 },  /* z  adv=22.45px */
    { .ch='.'   , .width=  5, .height=  5, .ofs_x=   3, .ofs_y=   1, .adv_w=  650, .data_offset= 24337 },  /* .  adv=10.16px */
};

static const char inter_lt_48_charset[] = " '\"0123456789:ABCDEFGHIJKLMNOPQRSTUVWXYZabcdefghijklmnopqrstuvwxyz.";

/* kern_table[i*67+j]: pixel adjustment after glyph i, before glyph j */
static const int8_t inter_lt_48_kern[67 * 67] = {
       0,    0,    0,    0,    0,    0,    0,    0,    0,    0,    0,    0,    0,    0,    0,    0,    0,    0,    0,    0,    0,    0,    0,    0,    0,    0,    0,    0,    0,    0,    0,    0,    0,    0,    0,    0,    0,    0,    0,    0,    0,    0,    0,    0,    0,    0,    0,    0,    0,    0,    0,    0,    0,    0,    0,    0,    0,    0,    0,    0,    0,    0,    0,    0,    0,    0,    0,  /* ' ' */
       0,    0,    0,    0,    0,    0,    0,   -3,    0,    0,    0,    0,    0,    0,   -4,    0,    0,    0,    0,    0,    0,    0,    0,   -8,    0,    0,    0,    0,    0,    0,    0,    0,    0,    0,    0,    0,    0,    0,    0,    0,    0,    0,   -2,   -2,   -2,    0,   -2,    0,    0,    0,    0,    0,    0,    0,   -2,    0,   -2,    0,   -1,    0,    0,    0,    0,    0,    0,    0,   -4,  /* ''' */
       0,    0,    0,    0,    0,    0,    0,   -3,    0,    0,    0,    0,    0,    0,   -4,    0,    0,    0,    0,    0,    0,    0,    0,   -8,    0,    0,    0,    0,    0,    0,    0,    0,    0,    0,    0,    0,    0,    0,    0,    0,    0,    0,   -2,   -2,   -2,    0,   -2,    0,    0,    0,    0,    0,    0,    0,   -2,    0,   -2,    0,   -1,    0,    0,    0,    0,    0,    0,    0,   -4,  /* '"' */
       0,    0,    0,    0,    0,    0,    0,    0,    0,    0,   -1,    0,    0,    0,   -1,    0,    0,    0,    0,    0,    0,    0,    0,    0,    0,    0,    0,    0,    0,    0,    0,    0,    0,    0,    0,   -1,    0,   -2,   -2,    0,    0,    0,    0,    0,    0,    0,    0,    0,    0,    0,    0,    0,    0,    0,    0,    0,    0,    0,    0,    1,    0,    0,    0,    0,    0,    0,   -1,  /* '0' */
       0,    0,    0,    0,    0,    0,    0,    0,    0,    0,    0,    0,    0,    0,    0,    0,    0,    0,    0,    0,    0,    0,    0,    0,    0,    0,    0,    0,    0,    0,    0,    0,    0,    0,    0,    0,    0,    0,    0,    0,    0,    0,    0,    0,    0,    0,    0,    0,    0,    0,    0,    0,    0,    0,    0,    0,    0,    0,    0,    0,    0,    0,    0,    0,    0,    0,    0,  /* '1' */
       0,    0,    0,    0,    0,    0,    0,   -1,    0,    0,    0,    0,    0,    0,    0,    0,    0,    0,    0,    0,    0,    0,    0,    0,    0,    0,    0,    0,    0,    0,    0,    0,    0,    0,    0,    0,    0,    0,    0,    0,    0,    0,    0,    0,    0,    0,    0,    0,    0,    0,    0,    0,    0,    0,    0,    0,    0,    0,    0,    0,    0,    0,    0,    0,    0,    0,    0,  /* '2' */
       0,    0,    0,    0,    0,    0,    0,    0,    0,    0,    0,    0,    0,    0,    0,    0,    0,    0,    0,    0,    0,    0,    0,    0,    0,    0,    0,    0,    0,    0,    0,    0,    0,    0,    0,    0,    0,   -1,    0,    0,    0,    0,    0,    0,    0,    0,    0,    0,    0,    0,    0,    0,    0,    0,    0,    0,    0,    0,    0,    0,    0,    0,    0,    0,    0,    0,   -1,  /* '3' */
       0,    0,    0,    0,   -2,    0,    0,    0,    0,    0,   -2,    0,    0,    0,    0,    0,    0,    0,    0,    0,    0,    0,    0,    0,    0,    0,    0,    0,    0,    0,    0,    0,    0,    0,    0,    0,    0,    0,    0,    0,    0,    0,    0,    0,    0,    0,    0,    0,    0,    0,    0,    0,    0,    0,    0,    0,    0,    0,    0,   -1,    0,    0,    0,    0,    0,    0,   -2,  /* '4' */
       0,    0,    0,    0,   -1,    0,    0,    0,    0,    0,    0,    0,    0,    0,    0,    0,    0,    0,    0,    0,    0,    0,    0,    0,    0,    0,    0,    0,    0,    0,    0,    0,    0,    0,    0,    0,    0,    0,    0,    0,    0,    0,    0,    0,    0,    0,    0,    0,    0,    0,    0,    0,    0,    0,    0,    0,    0,    0,    0,    0,    0,    0,    0,    0,    0,    0,   -1,  /* '5' */
       0,    0,    0,    0,    0,    0,    0,    0,    0,    0,    0,    0,    0,    0,    0,    0,    0,    0,    0,    0,    0,    0,    0,    0,    0,    0,    0,    0,    0,    0,    0,    0,    0,    0,    0,    0,    0,    0,    0,    0,    0,    0,    0,    0,    0,    0,    0,    0,    0,    0,    0,    0,    0,    0,    0,    0,    0,    0,    0,    0,    0,    0,    0,    0,    0,    0,   -1,  /* '6' */
       0,    0,    0,   -1,    0,    0,   -1,   -3,    0,   -1,    1,   -1,    0,   -2,   -5,    0,    0,    0,    0,    0,    0,    0,    0,   -5,    0,    0,    0,    0,    0,    0,    0,    0,    0,    0,    0,    0,    0,    0,    0,    0,   -2,    0,   -2,   -2,   -2,    0,   -2,    0,    0,    0,    0,    0,   -2,   -2,   -2,   -2,   -2,   -2,   -3,    0,    0,    0,    0,    0,    0,    0,   -6,  /* '7' */
       0,    0,    0,    0,    0,    0,    0,    0,    0,    0,    0,    0,    0,    0,    0,    0,    0,    0,    0,    0,    0,    0,    0,    0,    0,    0,    0,    0,    0,    0,    0,    0,    0,    0,    0,    0,    0,   -1,    0,    0,    0,    0,    0,    0,    0,    0,    0,    0,    0,    0,    0,    0,    0,    0,    0,    0,    0,    0,    0,    0,    0,    0,    0,    0,    0,    0,   -1,  /* '8' */
       0,    0,    0,    0,    0,    0,    0,    0,    0,    0,   -1,    0,    0,    0,   -1,    0,    0,    0,    0,    0,    0,    0,    0,    0,    0,    0,    0,    0,    0,    0,    0,    0,    0,    0,    0,   -1,    0,   -2,   -2,    0,    0,    0,    0,    0,    0,    0,    0,    0,    0,    0,    0,    0,    0,    0,    0,    0,    0,    0,    0,    1,    0,    0,    0,    0,    0,    0,   -1,  /* '9' */
       0,    0,    0,    0,    0,    0,    0,    0,    0,    0,    0,    0,    0,    0,    0,    0,    0,    0,    0,    0,    0,    0,    0,    0,    0,    0,    0,    0,    0,    0,    0,    0,    0,    0,    0,    0,    0,    0,    0,    0,    0,    0,    0,    0,    0,    0,    0,    0,    0,    0,    0,    0,    0,    0,    0,    0,    0,    0,    0,    0,    0,    0,    0,    0,    0,    0,    0,  /* ':' */
       0,   -4,   -4,   -1,   -4,    0,    0,    0,    0,   -1,    0,    0,    0,    0,    1,    0,   -1,    0,    0,    0,   -1,    0,    0,    0,    0,    0,    0,    0,   -1,    0,   -1,    0,    0,   -5,   -2,   -5,   -3,    0,   -5,    0,    0,    0,   -1,   -1,   -1,    0,   -1,    0,    0,    0,    0,    0,    0,    0,   -1,    0,   -1,    0,    0,   -1,    0,   -3,   -3,    0,   -3,    0,    0,  /* 'A' */
       0,    0,    0,    0,    0,    0,    0,    0,    0,    0,    0,    0,    0,    0,    0,    0,    0,    0,    0,    0,    0,    0,    0,    0,    0,    0,    0,    0,    0,    0,    0,    0,    0,   -2,    0,    0,    0,    0,    0,    0,    0,    0,    0,    0,    0,    0,    0,    0,    0,    0,    0,    0,    0,    0,    0,    0,    0,    0,    0,    0,    0,    0,    0,    0,    0,    0,    0,  /* 'B' */
       0,    0,    0,    0,    0,    0,    0,    0,    0,    0,    0,    0,    0,    0,    0,    0,    0,    0,    0,    0,    0,    0,    0,    0,    0,    0,    0,    0,    0,    0,    0,    0,    0,    0,    0,    0,    0,    0,    0,    0,    0,    0,    0,    0,    0,    0,    0,    0,    0,    0,    0,    0,    0,    0,    0,    0,    0,    0,    0,    0,    0,    0,    0,    0,    0,    0,    0,  /* 'C' */
       0,    0,    0,    0,    0,    0,    0,    0,    0,    0,    0,    0,    0,    0,   -1,    0,    0,    0,    0,    0,    0,    0,    0,    0,    0,    0,    0,    0,    0,    0,    0,    0,    0,   -2,    0,   -2,   -1,   -3,   -2,    0,    0,    0,    0,    0,    0,    0,    0,    0,    0,    0,    0,    0,    0,    0,    0,    0,    0,    0,    0,    0,    0,    0,    0,    0,    0,    0,   -2,  /* 'D' */
       0,    0,    0,    0,    0,    0,    0,    0,    0,    0,    0,    0,    0,    0,    0,    0,    0,    0,    0,    0,    0,    0,    0,    0,    0,    0,    0,    0,    0,    0,    0,    0,    0,    0,    0,    0,    0,    0,    0,    0,    0,    0,    0,    0,    0,    0,    0,    0,    0,    0,    0,    0,    0,    0,    0,    0,    0,    0,    0,    0,    0,    0,    0,    0,    0,    0,    0,  /* 'E' */
       0,    0,    0,    0,    0,    0,    0,    0,    0,    0,    0,    0,    0,    0,   -4,    0,    0,    0,    0,    0,    0,    0,    0,   -3,    0,    0,    0,    0,    0,    0,    0,    0,    0,    0,    0,    0,    0,    0,    0,    0,   -1,    0,   -1,   -1,   -1,    0,   -1,    0,    0,    0,    0,    0,   -1,   -1,   -1,   -1,   -1,   -1,    0,    0,   -2,   -2,    0,    0,   -2,   -2,   -2,  /* 'F' */
       0,    0,    0,    0,    0,    0,    0,    0,    0,    0,    0,    0,    0,    0,   -1,    0,    0,    0,    0,    0,    0,    0,    0,    0,    0,    0,    0,    0,    0,    0,    0,    0,    0,   -1,    0,   -1,    0,    0,   -1,    0,    0,    0,    0,    0,    0,    0,    0,    0,    0,    0,    0,    0,    0,    0,    0,    0,    0,    0,    0,    0,    0,    0,    0,    0,    0,    0,    0,  /* 'G' */
       0,    0,    0,    0,    0,    0,    0,    0,    0,    0,    0,    0,    0,    0,    0,    0,    0,    0,    0,    0,    0,    0,    0,    0,    0,    0,    0,    0,    0,    0,    0,    0,    0,    0,    0,    0,    0,    0,    0,    0,    0,    0,    0,    0,    0,    0,    0,    0,    0,    0,    0,    0,    0,    0,    0,    0,    0,    0,    0,    0,    0,    0,    0,    0,    0,    0,    0,  /* 'H' */
       0,    0,    0,    0,    0,    0,    0,    0,    0,    0,    0,    0,    0,    0,    0,    0,    0,    0,    0,    0,    0,    0,    0,    0,    0,    0,    0,    0,    0,    0,    0,    0,    0,    0,    0,    0,    0,    0,    0,    0,    0,    0,    0,    0,    0,    0,    0,    0,    0,    0,    0,    0,    0,    0,    0,    0,    0,    0,    0,    0,    0,    0,    0,    0,    0,    0,    0,  /* 'I' */
       0,    0,    0,    0,    0,    0,    0,    0,    0,    0,    0,    0,    0,    0,   -2,    0,    0,    0,    0,    0,    0,    0,    0,    0,    0,    0,    0,    0,    0,    0,    0,    0,    0,    0,    0,    0,    0,    0,    0,    0,    0,    0,    0,    0,    0,    0,    0,    0,    0,    0,    0,    0,    0,    0,    0,    0,    0,    0,    0,    0,    0,    0,    0,    0,    0,    0,   -2,  /* 'J' */
       0,    0,    0,    0,    0,    0,    0,    0,    0,    0,    0,    0,    0,    0,    0,    0,   -2,    0,    0,    0,   -2,    0,    0,    0,    0,    0,    0,    0,   -2,    0,   -2,    0,   -1,    0,    0,    0,    0,    0,    0,    0,    0,    0,   -2,   -2,   -2,    0,   -2,    0,    0,    0,    0,    0,    0,    0,   -2,    0,   -2,    0,    0,    0,   -2,   -2,   -3,    0,   -2,    0,    0,  /* 'K' */
       0,   -4,   -4,    0,   -2,    0,    0,    0,    0,    0,    0,    0,    0,    0,    0,    0,   -1,    0,    0,    0,   -1,    0,    0,    0,    0,    0,    0,    0,   -1,    0,   -1,    0,    0,   -5,    0,   -3,    0,    0,   -7,    0,    0,    0,    0,    0,    0,    0,    0,    0,    0,    0,    0,    0,    0,    0,    0,    0,    0,    0,    0,   -1,    0,   -3,    0,    0,   -3,    0,    0,  /* 'L' */
       0,    0,    0,    0,    0,    0,    0,    0,    0,    0,    0,    0,    0,    0,    0,    0,    0,    0,    0,    0,    0,    0,    0,    0,    0,    0,    0,    0,    0,    0,    0,    0,    0,    0,    0,    0,    0,    0,    0,    0,    0,    0,    0,    0,    0,    0,    0,    0,    0,    0,    0,    0,    0,    0,    0,    0,    0,    0,    0,    0,    0,    0,    0,    0,    0,    0,    0,  /* 'M' */
       0,    0,    0,    0,    0,    0,    0,    0,    0,    0,    0,    0,    0,    0,    0,    0,    0,    0,    0,    0,    0,    0,    0,    0,    0,    0,    0,    0,    0,    0,    0,    0,    0,    0,    0,    0,    0,    0,    0,    0,    0,    0,    0,    0,    0,    0,    0,    0,    0,    0,    0,    0,    0,    0,    0,    0,    0,    0,    0,    0,    0,    0,    0,    0,    0,    0,    0,  /* 'N' */
       0,    0,    0,    0,    0,    0,    0,    0,    0,    0,    0,    0,    0,    0,   -1,    0,    0,    0,    0,    0,    0,    0,    0,    0,    0,    0,    0,    0,    0,    0,    0,    0,    0,   -2,    0,   -2,   -1,   -3,   -2,    0,    0,    0,    0,    0,    0,    0,    0,    0,    0,    0,    0,    0,    0,    0,    0,    0,    0,    0,    0,    0,    0,    0,    0,    0,    0,    0,   -2,  /* 'O' */
       0,    0,    0,    0,    0,    0,    0,    0,    0,    0,    0,    0,    0,    0,   -4,    0,    0,    0,    0,    0,    0,    0,    0,   -5,    0,    0,    0,    0,    0,    0,    0,    0,    0,    0,    0,    0,    0,    0,    0,    0,   -1,    0,   -1,   -1,   -1,    0,   -1,    0,    0,    0,    0,    0,    0,    0,   -1,    0,   -1,    0,    0,    0,    0,    0,    0,    0,    0,    0,   -2,  /* 'P' */
       0,    0,    0,    0,    0,    0,    0,    0,    0,    0,    0,    0,    0,    0,   -1,    0,    0,    0,    0,    0,    0,    0,    0,    0,    0,    0,    0,    0,    0,    0,    0,    0,    0,   -2,    0,   -2,   -1,   -3,   -2,    0,    0,    0,    0,    0,    0,    0,    0,    0,    0,    0,    0,    0,    0,    0,    0,    0,    0,    0,    0,    0,    0,    0,    0,    0,    0,    0,   -2,  /* 'Q' */
       0,    0,    0,    0,    0,    0,    0,    0,    0,    0,    0,    0,    0,    0,    0,    0,    0,    0,    0,    0,    0,    0,    0,    0,    0,    0,    0,    0,    0,    0,    0,    0,    0,   -1,    0,   -1,    0,    0,   -1,    0,    0,    0,   -1,   -1,   -1,    0,   -1,    0,    0,    0,    0,    0,    0,    0,   -1,    0,   -1,    0,    0,    0,    0,    0,    0,    0,    0,    0,    0,  /* 'R' */
       0,    0,    0,    0,    0,    0,    0,    0,    0,    0,    0,    0,    0,    0,    0,    0,    0,    0,    0,    0,    0,    0,    0,    0,    0,    0,    0,    0,    0,    0,    0,    0,    0,   -1,    0,    0,    0,    0,    0,    0,    0,    0,    0,    0,    0,    0,    0,    0,    0,    0,    0,    0,    0,    0,    0,    0,    0,    0,    0,    0,    0,    0,    0,    0,    0,    0,    0,  /* 'S' */
       0,    0,    0,   -2,    0,    0,    0,   -3,    0,   -2,   -4,    0,    0,   -2,   -5,    0,   -2,    0,    0,    0,   -2,    0,    0,   -4,    0,    0,    0,    0,   -2,    0,   -2,    0,    0,    0,    0,    0,    0,    0,    0,    0,   -5,    0,   -6,   -6,   -6,    0,   -6,    0,    0,    0,    0,    0,   -4,   -4,   -6,   -4,   -6,   -4,   -5,   -2,   -5,   -5,   -4,   -4,   -5,   -4,   -2,  /* 'T' */
       0,    0,    0,    0,    0,    0,    0,    0,    0,    0,    0,    0,    0,    0,   -2,    0,    0,    0,    0,    0,    0,    0,    0,    0,    0,    0,    0,    0,    0,    0,    0,    0,    0,    0,    0,    0,    0,    0,    0,    0,    0,    0,    0,    0,    0,    0,    0,    0,    0,    0,    0,    0,    0,    0,    0,    0,    0,    0,    0,    0,    0,    0,    0,    0,    0,    0,   -2,  /* 'U' */
       0,    0,    0,   -1,    0,    0,    0,   -2,    0,   -1,    0,    0,    0,   -3,   -5,    0,   -2,    0,    0,    0,   -2,    0,    0,   -5,    0,    0,    0,    0,   -2,    0,   -2,    0,    0,    0,    0,    1,    0,    0,    0,    0,   -3,    0,   -3,   -3,   -3,    0,   -3,    0,    0,    0,    0,    0,   -1,   -1,   -3,   -1,   -3,   -1,   -2,    0,    0,    0,    0,    0,    0,    0,   -5,  /* 'V' */
       0,    0,    0,    0,    0,    0,    0,   -2,    0,    0,    0,    0,    0,   -2,   -3,    0,   -1,    0,    0,    0,   -1,    0,    0,   -3,    0,    0,    0,    0,   -1,    0,   -1,    0,    0,    0,    0,    0,    1,    0,    0,    0,   -2,    0,   -2,   -2,   -2,    0,   -2,    0,    0,    0,    0,    0,   -1,   -1,   -2,   -1,   -2,   -1,   -2,    0,    0,    0,    0,    0,    0,    0,   -5,  /* 'W' */
       0,    0,    0,   -2,    0,    0,   -1,   -2,    0,   -2,    0,   -1,    0,    0,    0,    0,   -3,    0,    0,    0,   -3,    0,    0,    0,    0,    0,    0,    0,   -3,    0,   -3,    0,    0,   -1,    0,    0,    0,    0,    0,    0,   -3,    0,   -1,   -1,   -1,    0,   -1,    0,    0,    0,    0,    0,    0,    0,   -1,    0,   -1,    0,    0,    0,    0,    0,    0,    0,    0,    0,    0,  /* 'X' */
       0,    0,    0,    0,    0,    0,    0,   -3,    0,    0,    0,    0,    0,   -3,   -5,    0,   -2,    0,    0,    0,   -2,    0,    0,   -2,    0,    0,    0,    0,   -2,    0,   -2,    0,    0,    0,    0,    0,    0,    0,    0,    0,   -4,    0,   -4,   -4,   -4,    0,   -4,    0,   -1,    0,    0,    0,   -3,   -3,   -4,   -3,   -4,   -3,   -3,    0,   -2,    0,    0,    0,    0,    0,   -2,  /* 'Y' */
       0,    0,    0,    0,    0,    0,    0,    0,    0,    0,    0,    0,    0,    0,    0,    0,   -2,    0,    0,    0,   -2,    0,    0,    0,    0,    0,    0,    0,   -2,    0,   -2,    0,    0,    0,    0,    0,    0,    0,    0,    0,    0,    0,    0,    0,    0,    0,    0,    0,    0,    0,    0,    0,    0,    0,    0,    0,    0,    0,    0,    0,    0,    0,    0,    0,    0,    0,    0,  /* 'Z' */
       0,   -2,   -2,    0,   -2,    0,    0,    0,    0,    0,    0,    0,    0,    0,    0,    0,    0,    0,    0,    0,    0,    0,    0,    0,    0,    0,    0,    0,    0,    0,    0,    0,    0,   -4,    0,   -2,   -2,    0,   -4,    0,    0,    0,    0,    0,    0,    0,    0,    0,    0,    0,    0,    0,    0,    0,    0,    0,    0,    0,    0,    0,    0,   -1,    0,    0,   -1,    0,    0,  /* 'a' */
       0,   -2,   -2,    0,   -2,    0,    0,    0,    0,    0,    0,    0,    0,    0,   -1,    0,    0,    0,    0,    0,    0,    0,    0,    0,    0,    0,    0,    0,    0,    0,    0,    0,    0,   -5,    0,   -3,   -2,   -1,   -4,    0,    0,    0,    0,    0,    0,    0,    0,    0,    0,    0,    0,    0,    0,    0,    0,    0,    0,    0,    0,    0,    0,   -1,   -1,   -1,   -1,   -1,    0,  /* 'b' */
       0,   -2,   -2,    0,   -2,    0,    0,    0,    0,    0,    0,    0,    0,    0,   -1,    0,    0,    0,    0,    0,    0,    0,    0,    0,    0,    0,    0,    0,    0,    0,    0,    0,    0,   -5,    0,   -3,   -2,   -1,   -4,    0,    0,    0,    0,    0,    0,    0,    0,    0,    0,    0,    0,    0,    0,    0,    0,    0,    0,    0,    0,    0,    0,   -1,   -1,   -1,   -1,   -1,    0,  /* 'c' */
       0,    0,    0,    0,    0,    0,    0,    0,    0,    0,    0,    0,    0,    0,    0,    0,    0,    0,    0,    0,    0,    0,    0,    0,    0,    0,    0,    0,    0,    0,    0,    0,    0,    0,    0,    0,    0,    0,    0,    0,    0,    0,    0,    0,    0,    0,    0,    0,    0,    0,    0,    0,    0,    0,    0,    0,    0,    0,    0,    0,    0,    0,    0,    0,    0,    0,    0,  /* 'd' */
       0,   -2,   -2,    0,   -2,    0,    0,    0,    0,    0,    0,    0,    0,    0,   -1,    0,    0,    0,    0,    0,    0,    0,    0,    0,    0,    0,    0,    0,    0,    0,    0,    0,    0,   -5,    0,   -3,   -2,   -1,   -4,    0,    0,    0,    0,    0,    0,    0,    0,    0,    0,    0,    0,    0,    0,    0,    0,    0,    0,    0,    0,    0,    0,   -1,   -1,   -1,   -1,   -1,    0,  /* 'e' */
       0,    0,    0,    0,    0,    0,    0,   -3,    0,    0,    0,    0,    0,    0,   -2,    0,    0,    0,    0,    0,    0,    0,    0,   -3,    0,    0,    0,    0,    0,    0,    0,    0,    0,    0,    0,    0,    0,    0,    0,    0,   -1,    0,    0,    0,    0,   -2,    0,    0,    0,    1,    0,    0,    0,    0,    0,    0,    0,    0,   -1,   -1,    0,    0,    1,    0,    0,    0,   -3,  /* 'f' */
       0,    0,    0,    0,    0,    0,    0,    0,    0,    0,    0,    0,    0,    0,    0,    0,    0,    0,    0,    0,    0,    0,    0,    0,    0,    0,    0,    0,    0,    0,    0,    0,    0,   -2,    0,    0,    0,    0,    0,    0,    0,    0,    0,    0,    0,    0,    0,    0,    0,    0,    0,    0,    0,    0,    0,    0,    0,    0,    0,    0,    0,    0,    0,    0,    0,    0,    0,  /* 'g' */
       0,   -2,   -2,    0,   -2,    0,    0,    0,    0,    0,    0,    0,    0,    0,    0,    0,    0,    0,    0,    0,    0,    0,    0,    0,    0,    0,    0,    0,    0,    0,    0,    0,    0,   -4,    0,   -2,   -2,    0,   -4,    0,    0,    0,    0,    0,    0,    0,    0,    0,    0,    0,    0,    0,    0,    0,    0,    0,    0,    0,    0,    0,    0,   -1,    0,    0,   -1,    0,    0,  /* 'h' */
       0,    0,    0,    0,    0,    0,    0,    0,    0,    0,    0,    0,    0,    0,    0,    0,    0,    0,    0,    0,    0,    0,    0,    0,    0,    0,    0,    0,    0,    0,    0,    0,    0,    0,    0,    0,    0,    0,    0,    0,    0,    0,    0,    0,    0,    0,    0,    0,    0,    0,    0,    0,    0,    0,    0,    0,    0,    0,    0,    0,    0,    0,    0,    0,    0,    0,    0,  /* 'i' */
       0,    0,    0,    0,    0,    0,    0,    0,    0,    0,    0,    0,    0,    0,    0,    0,    0,    0,    0,    0,    0,    0,    0,    0,    0,    0,    0,    0,    0,    0,    0,    0,    0,    0,    0,    0,    0,    0,    0,    0,    0,    0,    0,    0,    0,    0,    0,    0,    0,    0,    0,    0,    0,    0,    0,    0,    0,    0,    0,    0,    0,    0,    0,    0,    0,    0,    0,  /* 'j' */
       0,    0,    0,    0,    0,    0,    0,   -2,    0,    0,    0,    0,    0,    0,    0,    0,    0,    0,    0,    0,    0,    0,    0,    0,    0,    0,    0,    0,    0,    0,    0,    0,    0,   -3,    0,    0,    0,    0,    0,    0,    0,    0,   -1,   -1,   -1,    0,   -1,    0,    0,    0,    0,    0,    0,    0,   -1,    0,   -1,    0,    0,    0,    0,    0,    0,    0,    0,    0,    0,  /* 'k' */
       0,    0,    0,    0,    0,    0,    0,    0,    0,    0,    0,    0,    0,    0,    0,    0,    0,    0,    0,    0,    0,    0,    0,    0,    0,    0,    0,    0,    0,    0,    0,    0,    0,    0,    0,    0,    0,    0,    0,    0,    0,    0,    0,    0,    0,    0,    0,    0,    0,    0,    0,    0,    0,    0,    0,    0,    0,    0,    0,    0,    0,    0,    0,    0,    0,    0,    0,  /* 'l' */
       0,   -2,   -2,    0,   -2,    0,    0,    0,    0,    0,    0,    0,    0,    0,    0,    0,    0,    0,    0,    0,    0,    0,    0,    0,    0,    0,    0,    0,    0,    0,    0,    0,    0,   -4,    0,   -2,   -2,    0,   -4,    0,    0,    0,    0,    0,    0,    0,    0,    0,    0,    0,    0,    0,    0,    0,    0,    0,    0,    0,    0,    0,    0,   -1,    0,    0,   -1,    0,    0,  /* 'm' */
       0,   -2,   -2,    0,   -2,    0,    0,    0,    0,    0,    0,    0,    0,    0,    0,    0,    0,    0,    0,    0,    0,    0,    0,    0,    0,    0,    0,    0,    0,    0,    0,    0,    0,   -4,    0,   -2,   -2,    0,   -4,    0,    0,    0,    0,    0,    0,    0,    0,    0,    0,    0,    0,    0,    0,    0,    0,    0,    0,    0,    0,    0,    0,   -1,    0,    0,   -1,    0,    0,  /* 'n' */
       0,   -2,   -2,    0,   -2,    0,    0,    0,    0,    0,    0,    0,    0,    0,   -1,    0,    0,    0,    0,    0,    0,    0,    0,    0,    0,    0,    0,    0,    0,    0,    0,    0,    0,   -5,    0,   -3,   -2,   -1,   -4,    0,    0,    0,    0,    0,    0,    0,    0,    0,    0,    0,    0,    0,    0,    0,    0,    0,    0,    0,    0,    0,    0,   -1,   -1,   -1,   -1,   -1,    0,  /* 'o' */
       0,   -2,   -2,    0,   -2,    0,    0,    0,    0,    0,    0,    0,    0,    0,   -1,    0,    0,    0,    0,    0,    0,    0,    0,    0,    0,    0,    0,    0,    0,    0,    0,    0,    0,   -5,    0,   -3,   -2,   -1,   -4,    0,    0,    0,    0,    0,    0,    0,    0,    0,    0,    0,    0,    0,    0,    0,    0,    0,    0,    0,    0,    0,    0,   -1,   -1,   -1,   -1,   -1,    0,  /* 'p' */
       0,    0,    0,    0,    0,    0,    0,    0,    0,    0,    0,    0,    0,    0,    0,    0,    0,    0,    0,    0,    0,    0,    0,    0,    0,    0,    0,    0,    0,    0,    0,    0,    0,   -2,    0,    0,    0,    0,    0,    0,    0,    0,    0,    0,    0,    0,    0,    0,    0,    0,    0,    0,    0,    0,    0,    0,    0,    0,    0,    0,    0,    0,    0,    0,    0,    0,    0,  /* 'q' */
       0,    0,    0,    0,    0,    0,    0,    0,    0,    0,    0,    0,    0,    0,   -2,    0,    0,    0,    0,    0,    0,    0,    0,   -3,    0,    0,    0,    0,    0,    0,    0,    0,    0,   -3,    0,    0,    0,    0,    0,   -2,    0,    0,   -1,   -1,   -1,    1,   -1,    0,    0,    0,    0,    0,    0,    0,   -1,    0,   -1,    0,    0,    1,    0,    1,    0,    0,    1,    0,   -3,  /* 'r' */
       0,   -1,   -1,    0,    0,    0,    0,    0,    0,    0,    0,    0,    0,    0,    0,    0,    0,    0,    0,    0,    0,    0,    0,    0,    0,    0,    0,    0,    0,    0,    0,    0,    0,   -4,    0,   -2,   -2,    0,   -4,    0,    0,    0,    0,    0,    0,    0,    0,    0,    0,    0,    0,    0,    0,    0,    0,    0,    0,    0,    0,    0,    0,   -1,    0,    0,   -1,    0,    0,  /* 's' */
       0,    0,    0,    0,    0,    0,    0,   -1,    0,    0,    0,    0,    0,    0,    0,    0,    0,    0,    0,    0,    0,    0,    0,    0,    0,    0,    0,    0,    0,    0,    0,    0,    0,   -2,    0,    0,    0,    0,   -1,    0,    1,    0,    0,    0,    0,   -1,    0,    0,    0,    1,    0,    0,    0,    0,    0,    0,    0,    0,    0,   -1,    0,    1,    1,    0,    1,    0,    0,  /* 't' */
       0,    0,    0,    0,    0,    0,    0,    0,    0,    0,    0,    0,    0,    0,    0,    0,    0,    0,    0,    0,    0,    0,    0,    0,    0,    0,    0,    0,    0,    0,    0,    0,    0,   -2,    0,    0,    0,    0,   -3,    0,    0,    0,    0,    0,    0,    0,    0,    0,    0,    0,    0,    0,    0,    0,    0,    0,    0,    0,    0,    0,    0,    0,    0,    0,    0,    0,    0,  /* 'u' */
       0,    0,    0,    0,    0,    0,    0,    0,    0,    0,    0,    0,    0,    0,   -3,    0,    0,    0,    0,    0,    0,    0,    0,   -3,    0,    0,    0,    0,    0,    0,    0,    0,    0,   -2,    0,    0,    0,    0,   -2,    0,   -1,    0,   -1,   -1,   -1,    1,   -1,    0,    0,    0,    0,    0,    0,    0,   -1,    0,   -1,    0,    0,    1,    0,    0,    0,    0,    0,    0,   -3,  /* 'v' */
       0,    0,    0,    0,    0,    0,    0,    0,    0,    0,    0,    0,    0,    0,   -3,    0,    0,    0,    0,    0,    0,    0,    0,   -3,    0,    0,    0,    0,    0,    0,    0,    0,    0,   -2,    0,    0,    0,    0,    0,   -2,    0,    0,   -1,   -1,   -1,    0,   -1,    0,    0,    0,    0,    0,    0,    0,   -1,    0,   -1,    0,    0,    0,    0,    0,    0,    0,    0,    0,   -4,  /* 'w' */
       0,    0,    0,    0,    0,    0,    0,    0,    0,    0,    0,    0,    0,    0,    0,    0,    0,    0,    0,    0,    0,    0,    0,    0,    0,    0,    0,    0,    0,    0,    0,    0,    0,   -3,    0,    0,    0,    0,    0,    0,    0,    0,   -1,   -1,   -1,    1,   -1,    0,    0,    0,    0,    0,    0,    0,   -1,    0,   -1,    0,    0,    1,    0,    0,    0,    0,    0,    0,    0,  /* 'x' */
       0,    0,    0,    0,    0,    0,    0,    0,    0,    0,    0,    0,    0,    0,   -3,    0,    0,    0,    0,    0,    0,    0,    0,   -3,    0,    0,    0,    0,    0,    0,    0,    0,    0,   -2,    0,    0,    0,    0,   -2,    0,   -1,    0,   -1,   -1,   -1,    1,   -1,    0,    0,    0,    0,    0,    0,    0,   -1,    0,   -1,    0,    0,    1,    0,    0,    0,    0,    0,    0,   -3,  /* 'y' */
       0,    0,    0,    0,    0,    0,    0,    0,    0,    0,    0,    0,    0,    0,    0,    0,    0,    0,    0,    0,    0,    0,    0,    0,    0,    0,    0,    0,    0,    0,    0,    0,    0,   -2,    0,    0,    0,    0,    0,    0,    0,    0,   -1,   -1,   -1,    0,   -1,    0,    0,    0,    0,    0,    0,    0,   -1,    0,   -1,    0,    0,    0,    0,    0,    0,    0,    0,    0,    0,  /* 'z' */
       0,   -4,   -4,   -1,   -4,    0,   -1,    0,    0,   -1,   -1,   -1,    0,    0,    0,    0,   -2,    0,    0,    0,   -2,    0,    0,    0,    0,    0,    0,    0,   -2,    0,   -2,    0,    0,   -2,    0,    0,    0,    0,   -2,    0,    0,    0,    0,    0,    0,    0,    0,    0,    0,    0,    0,    0,    0,    0,    0,    0,    0,    0,    0,    0,    0,    0,    0,    0,    0,    0,    0,  /* '.' */
};

const InterFont inter_lt_48 = {
    .bitmaps     = inter_lt_48_bitmaps,
    .glyphs      = inter_lt_48_glyphs,
    .charset     = inter_lt_48_charset,
    .kern_table  = inter_lt_48_kern,
    .num_glyphs  = 67,
    .line_height = 59,
    .ascent      = 47,
};
