/* Auto-generated by tools/font_to_c.py — do not edit. */
#include "inter_font.h"
#include "inter_lt_40.h"

static const uint8_t inter_lt_40_bitmaps[] = {
    0xff, 0x80, 0xff, 0x80, 0xff, 0x80, 0xff, 0x80, 0xff, 0x80, 0xff, 0x80, 0xff, 0x80, 0xff, 0x80,
    0xff, 0x80, 0xff, 0x80, 0x0f, 0xf8, 0xff, 0x80, 0x0f, 0xf8, 0xff, 0x80, 0x0f, 0xf8, 0xff, 0x80,
    0x0f, 0xf8, 0xff, 0x80, 0x0f, 0xf8, 0xff, 0x80, 0x0f, 0xf8, 0xff, 0x80, 0x0f, 0xf8, 0xff, 0x80,
    0x0f, 0xf8, 0xff, 0x80, 0x0f, 0xf8, 0x00, 0x00, 0x00, 0x28, 0xce, 0xed, 0xa6, 0x00, 0x00, 0x00,
    0x00, 0x00, 0x00, 0x09, 0xff, 0xff, 0xff, 0xff, 0xd4, 0x00, 0x00, 0x00, 0x00, 0x01, 0xcf, 0xfd,
    0x85, 0x46, 0xae, 0xff, 0x60, 0x00, 0x00, 0x00, 0x0b, 0xff, 0x80, 0x00, 0x00, 0x03, 0xdf, 0xf5,
    0x00, 0x00, 0x00, 0x7f, 0xf7, 0x00, 0x00, 0x00, 0x00, 0x1d, 0xfe, 0x10, 0x00, 0x01, 0xef, 0xa0,
    0x00, 0x00, 0x00, 0x00, 0x03, 0xef, 0x90, 0x00, 0x08, 0xfe, 0x20, 0x00, 0x00, 0x00, 0x00, 0x00,
    0x9f, 0xe1, 0x00, 0x0d, 0xfa, 0x00, 0x00, 0x00, 0x00, 0x00, 0x00, 0x2f, 0xf7, 0x00, 0x3f, 0xf5,
    0x00, 0x00, 0x00, 0x00, 0x00, 0x00, 0x0c, 0xfb, 0x00, 0x7f, 0xf2, 0x00, 0x00, 0x00, 0x00, 0x00,
    0x00, 0x09, 0xfe, 0x00, 0xaf, 0xd0, 0x00, 0x00, 0x00, 0x00, 0x00, 0x00, 0x05, 0xff, 0x30, 0xcf,
    0xb0, 0x00, 0x00, 0x00, 0x00, 0x00, 0x00, 0x03, 0xff, 0x50, 0xdf, 0xa0, 0x00, 0x00, 0x00, 0x00,
    0x00, 0x00, 0x02, 0xff, 0x60, 0xef, 0x90, 0x00, 0x00, 0x00, 0x00, 0x00, 0x00, 0x01, 0xff, 0x70,
    0xef, 0x80, 0x00, 0x00, 0x00, 0x00, 0x00, 0x00, 0x00, 0xff, 0x80, 0xef, 0x90, 0x00, 0x00, 0x00,
    0x00, 0x00, 0x00, 0x01, 0xff, 0x70, 0xdf, 0xa0, 0x00, 0x00, 0x00, 0x00, 0x00, 0x00, 0x02, 0xff,
    0x60, 0xcf, 0xb0, 0x00, 0x00, 0x00, 0x00, 0x00, 0x00, 0x03, 0xff, 0x50, 0xaf, 0xd0, 0x00, 0x00,
    0x00, 0x00, 0x00, 0x00, 0x05, 0xff, 0x30, 0x7f, 0xf2, 0x00, 0x00, 0x00, 0x00, 0x00, 0x00, 0x09,
    0xfe, 0x00, 0x3f, 0xf5, 0x00, 0x00, 0x00, 0x00, 0x00, 0x00, 0x0c, 0xfc, 0x00, 0x0d, 0xfa, 0x00,
    0x00, 0x00, 0x00, 0x00, 0x00, 0x2f, 0xf7, 0x00, 0x08, 0xfe, 0x20, 0x00, 0x00, 0x00, 0x00, 0x00,
    0x9f, 0xe1, 0x00, 0x01, 0xef, 0xa0, 0x00, 0x00, 0x00, 0x00, 0x03, 0xef, 0x90, 0x00, 0x00, 0x7f,
    0xf7, 0x00, 0x00, 0x00, 0x00, 0x1d, 0xfe, 0x10, 0x00, 0x00, 0x0b, 0xff, 0x80, 0x00, 0x00, 0x03,
    0xcf, 0xf5, 0x00, 0x00, 0x00, 0x01, 0xcf, 0xfd, 0x85, 0x46, 0xae, 0xff, 0x60, 0x00, 0x00, 0x00,
    0x00, 0x09, 0xff, 0xff, 0xff, 0xff, 0xd4, 0x00, 0x00, 0x00, 0x00, 0x00, 0x00, 0x28, 0xce, 0xed,
    0xa6, 0x00, 0x00, 0x00, 0x00, 0x00, 0x00, 0x01, 0xbf, 0xf8, 0x00, 0x00, 0x6e, 0xff, 0xf8, 0x00,
    0x1b, 0xff, 0xdf, 0xf8, 0x06, 0xef, 0xfa, 0x1f, 0xf8, 0xbf, 0xfd, 0x50, 0x0f, 0xf8, 0xff, 0x91,
    0x00, 0x0f, 0xf8, 0xd4, 0x00, 0x00, 0x0f, 0xf8, 0x10, 0x00, 0x00, 0x0f, 0xf8, 0x00, 0x00, 0x00,
    0x0f, 0xf8, 0x00, 0x00, 0x00, 0x0f, 0xf8, 0x00, 0x00, 0x00, 0x0f, 0xf8, 0x00, 0x00, 0x00, 0x0f,
    0xf8, 0x00, 0x00, 0x00, 0x0f, 0xf8, 0x00, 0x00, 0x00, 0x0f, 0xf8, 0x00, 0x00, 0x00, 0x0f, 0xf8,
    0x00, 0x00, 0x00, 0x0f, 0xf8, 0x00, 0x00, 0x00, 0x0f, 0xf8, 0x00, 0x00, 0x00, 0x0f, 0xf8, 0x00,
    0x00, 0x00, 0x0f, 0xf8, 0x00, 0x00, 0x00, 0x0f, 0xf8, 0x00, 0x00, 0x00, 0x0f, 0xf8, 0x00, 0x00,
    0x00, 0x0f, 0xf8, 0x00, 0x00, 0x00, 0x0f, 0xf8, 0x00, 0x00, 0x00, 0x0f, 0xf8, 0x00, 0x00, 0x00,
    0x0f, 0xf8, 0x00, 0x00, 0x00, 0x0f, 0xf8, 0x00, 0x00, 0x00, 0x0f, 0xf8, 0x00, 0x00, 0x00, 0x0f,
    0xf8, 0x00, 0x00, 0x00, 0x0f, 0xf8, 0x00, 0x00, 0x04, 0x9c, 0xee, 0xeb, 0x82, 0x00, 0x00, 0x00,
    0x00, 0x02, 0xcf, 0xff, 0xff, 0xff, 0xff, 0x90, 0x00, 0x00, 0x00, 0x4e, 0xff, 0xc7, 0x54, 0x68,
    0xdf, 0xfd, 0x10, 0x00, 0x02, 0xef, 0xe5, 0x00, 0x00, 0x00, 0x07, 0xef, 0xc0, 0x00, 0x0c, 0xfe,
    0x20, 0x00, 0x00, 0x00, 0x00, 0x6f, 0xf8, 0x00, 0x5f, 0xf6, 0x00, 0x00, 0x00, 0x00, 0x00, 0x0b,
    0xfe, 0x00, 0x9f, 0xe0, 0x00, 0x00, 0x00, 0x00, 0x00, 0x04, 0xff, 0x40, 0xdf, 0xa0, 0x00, 0x00,
    0x00, 0x00, 0x00, 0x01, 0xff, 0x70, 0xef, 0x90, 0x00, 0x00, 0x00, 0x00, 0x00, 0x00, 0xff, 0x70,
    0x22, 0x10, 0x00, 0x00, 0x00, 0x00, 0x00, 0x01, 0xff, 0x60, 0x00, 0x00, 0x00, 0x00, 0x00, 0x00,
    0x00, 0x04, 0xff, 0x40, 0x00, 0x00, 0x00, 0x00, 0x00, 0x00, 0x00, 0x0a, 0xfe, 0x00, 0x00, 0x00,
    0x00, 0x00, 0x00, 0x00, 0x00, 0x3f, 0xf8, 0x00, 0x00, 0x00, 0x00, 0x00, 0x00, 0x00, 0x01, 0xdf,
    0xd1, 0x00, 0x00, 0x00, 0x00, 0x00, 0x00, 0x00, 0x0b, 0xfe, 0x30, 0x00, 0x00, 0x00, 0x00, 0x00,
    0x00, 0x00, 0xbf, 0xf6, 0x00, 0x00, 0x00, 0x00, 0x00, 0x00, 0x00, 0x0b, 0xff, 0x70, 0x00, 0x00,
    0x00, 0x00, 0x00, 0x00, 0x01, 0xbf, 0xf7, 0x00, 0x00, 0x00, 0x00, 0x00, 0x00, 0x00, 0x1c, 0xff,
    0x70, 0x00, 0x00, 0x00, 0x00, 0x00, 0x00, 0x02, 0xdf, 0xe6, 0x00, 0x00, 0x00, 0x00, 0x00, 0x00,
    0x00, 0x3d, 0xfe, 0x50, 0x00, 0x00, 0x00, 0x00, 0x00, 0x00, 0x03, 0xef, 0xe4, 0x00, 0x00, 0x00,
    0x00, 0x00, 0x00, 0x00, 0x4e, 0xfe, 0x30, 0x00, 0x00, 0x00, 0x00, 0x00, 0x00, 0x05, 0xef, 0xd2,
    0x00, 0x00, 0x00, 0x00, 0x00, 0x00, 0x00, 0x7f, 0xfc, 0x10, 0x00, 0x00, 0x00, 0x00, 0x00, 0x00,
    0x08, 0xff, 0xc1, 0x00, 0x00, 0x00, 0x00, 0x00, 0x00, 0x00, 0x9f, 0xfd, 0x54, 0x44, 0x44, 0x44,
    0x44, 0x44, 0x44, 0x40, 0xff, 0xff, 0xff, 0xff, 0xff, 0xff, 0xff, 0xff, 0xff, 0xf0, 0xff, 0xff,
    0xff, 0xff, 0xff, 0xff, 0xff, 0xff, 0xff, 0xf0, 0x00, 0x00, 0x03, 0x8b, 0xde, 0xdc, 0xa5, 0x00,
    0x00, 0x00, 0x00, 0x01, 0xaf, 0xff, 0xff, 0xff, 0xff, 0xe6, 0x00, 0x00, 0x00, 0x2e, 0xff, 0xd8,
    0x64, 0x57, 0xae, 0xff, 0xa0, 0x00, 0x01, 0xdf, 0xe6, 0x00, 0x00, 0x00, 0x02, 0xaf, 0xf9, 0x00,
    0x0a, 0xfe, 0x40, 0x00, 0x00, 0x00, 0x00, 0x0a, 0xff, 0x40, 0x1e, 0xf9, 0x00, 0x00, 0x00, 0x00,
    0x00, 0x01, 0xef, 0xa0, 0x5f, 0xf3, 0x00, 0x00, 0x00, 0x00, 0x00, 0x00, 0xaf, 0xd0, 0x7f, 0xf1,
    0x00, 0x00, 0x00, 0x00, 0x00, 0x00, 0x8f, 0xe0, 0x01, 0x10, 0x00, 0x00, 0x00, 0x00, 0x00, 0x00,
    0xaf, 0xd0, 0x00, 0x00, 0x00, 0x00, 0x00, 0x00, 0x00, 0x01, 0xef, 0x90, 0x00, 0x00, 0x00, 0x00,
    0x00, 0x00, 0x00, 0x0a, 0xfe, 0x20, 0x00, 0x00, 0x00, 0x00, 0x00, 0x00, 0x02, 0xbf, 0xe5, 0x00,
    0x00, 0x00, 0x00, 0x02, 0x44, 0x57, 0xbe, 0xfd, 0x40, 0x00, 0x00, 0x00, 0x00, 0x07, 0xff, 0xff,
    0xfd, 0x60, 0x00, 0x00, 0x00, 0x00, 0x00, 0x07, 0xff, 0xff, 0xff, 0xd7, 0x00, 0x00, 0x00, 0x00,
    0x00, 0x00, 0x00, 0x13, 0x7c, 0xff, 0xd2, 0x00, 0x00, 0x00, 0x00, 0x00, 0x00, 0x00, 0x00, 0x6e,
    0xfe, 0x10, 0x00, 0x00, 0x00, 0x00, 0x00, 0x00, 0x00, 0x03, 0xef, 0xa0, 0x00, 0x00, 0x00, 0x00,
    0x00, 0x00, 0x00, 0x00, 0x8f, 0xf2, 0x00, 0x00, 0x00, 0x00, 0x00, 0x00, 0x00, 0x00, 0x2f, 0xf6,
    0xcc, 0x70, 0x00, 0x00, 0x00, 0x00, 0x00, 0x00, 0x0f, 0xf7, 0xdf, 0xa0, 0x00, 0x00, 0x00, 0x00,
    0x00, 0x00, 0x1f, 0xf7, 0xaf, 0xd0, 0x00, 0x00, 0x00, 0x00, 0x00, 0x00, 0x4f, 0xf4, 0x5f, 0xf6,
    0x00, 0x00, 0x00, 0x00, 0x00, 0x00, 0xbf, 0xe0, 0x0c, 0xfe, 0x20, 0x00, 0x00, 0x00, 0x00, 0x08,
    0xff, 0x80, 0x02, 0xef, 0xe5, 0x00, 0x00, 0x00, 0x01, 0xaf, 0xfb, 0x00, 0x00, 0x3d, 0xff, 0xd8,
    0x64, 0x57, 0xae, 0xff, 0xc1, 0x00, 0x00, 0x01, 0xaf, 0xff, 0xff, 0xff, 0xff, 0xe7, 0x00, 0x00,
    0x00, 0x00, 0x02, 0x8b, 0xde, 0xed, 0xa6, 0x10, 0x00, 0x00, 0x00, 0x00, 0x00, 0x00, 0x00, 0x00,
    0x02, 0xef, 0xf8, 0x00, 0x00, 0x00, 0x00, 0x00, 0x00, 0x00, 0x00, 0x0c, 0xff, 0xf8, 0x00, 0x00,
    0x00, 0x00, 0x00, 0x00, 0x00, 0x00, 0x8f, 0xff, 0xf8, 0x00, 0x00, 0x00, 0x00, 0x00, 0x00, 0x00,
    0x04, 0xff, 0x9f, 0xf8, 0x00, 0x00, 0x00, 0x00, 0x00, 0x00, 0x00, 0x1e, 0xfc, 0x0f, 0xf8, 0x00,
    0x00, 0x00, 0x00, 0x00, 0x00, 0x00, 0xbf, 0xe2, 0x0f, 0xf8, 0x00, 0x00, 0x00, 0x00, 0x00, 0x00,
    0x08, 0xff, 0x50, 0x0f, 0xf8, 0x00, 0x00, 0x00, 0x00, 0x00, 0x00, 0x4e, 0xf9, 0x00, 0x0f, 0xf8,
    0x00, 0x00, 0x00, 0x00, 0x00, 0x01, 0xdf, 0xc0, 0x00, 0x0f, 0xf8, 0x00, 0x00, 0x00, 0x00, 0x00,
    0x0b, 0xfe, 0x20, 0x00, 0x0f, 0xf8, 0x00, 0x00, 0x00, 0x00, 0x00, 0x7f, 0xf6, 0x00, 0x00, 0x0f,
    0xf8, 0x00, 0x00, 0x00, 0x00, 0x04, 0xef, 0x90, 0x00, 0x00, 0x0f, 0xf8, 0x00, 0x00, 0x00, 0x00,
    0x1d, 0xfc, 0x00, 0x00, 0x00, 0x0f, 0xf8, 0x00, 0x00, 0x00, 0x00, 0xbf, 0xe3, 0x00, 0x00, 0x00,
    0x0f, 0xf8, 0x00, 0x00, 0x00, 0x07, 0xff, 0x60, 0x00, 0x00, 0x00, 0x0f, 0xf8, 0x00, 0x00, 0x00,
    0x3e, 0xfa, 0x00, 0x00, 0x00, 0x00, 0x0f, 0xf8, 0x00, 0x00, 0x01, 0xdf, 0xd1, 0x00, 0x00, 0x00,
    0x00, 0x0f, 0xf8, 0x00, 0x00, 0x0a, 0xfe, 0x30, 0x00, 0x00, 0x00, 0x00, 0x0f, 0xf8, 0x00, 0x00,
    0x7f, 0xf7, 0x00, 0x00, 0x00, 0x00, 0x00, 0x0f, 0xf8, 0x00, 0x00, 0xef, 0xff, 0xff, 0xff, 0xff,
    0xff, 0xff, 0xff, 0xff, 0xff, 0xff, 0xff, 0xff, 0xff, 0xff, 0xff, 0xff, 0xff, 0xff, 0xff, 0xff,
    0xff, 0x44, 0x44, 0x44, 0x44, 0x44, 0x44, 0x44, 0x4f, 0xfc, 0x44, 0x44, 0x00, 0x00, 0x00, 0x00,
    0x00, 0x00, 0x00, 0x0f, 0xf8, 0x00, 0x00, 0x00, 0x00, 0x00, 0x00, 0x00, 0x00, 0x00, 0x0f, 0xf8,
    0x00, 0x00, 0x00, 0x00, 0x00, 0x00, 0x00, 0x00, 0x00, 0x0f, 0xf8, 0x00, 0x00, 0x00, 0x00, 0x00,
    0x00, 0x00, 0x00, 0x00, 0x0f, 0xf8, 0x00, 0x00, 0x00, 0x00, 0x00, 0x00, 0x00, 0x00, 0x00, 0x0f,
    0xf8, 0x00, 0x00, 0x00, 0x00, 0x00, 0x00, 0x00, 0x00, 0x00, 0x0f, 0xf8, 0x00, 0x00, 0x00, 0x00,
    0x00, 0x00, 0x00, 0x00, 0x00, 0x0f, 0xf8, 0x00, 0x00, 0x08, 0xff, 0xff, 0xff, 0xff, 0xff, 0xff,
    0xff, 0xfb, 0x00, 0x09, 0xff, 0xff, 0xff, 0xff, 0xff, 0xff, 0xff, 0xfb, 0x00, 0x0a, 0xfc, 0x44,
    0x44, 0x44, 0x44, 0x44, 0x44, 0x43, 0x00, 0x0b, 0xfa, 0x00, 0x00, 0x00, 0x00, 0x00, 0x00, 0x00,
    0x00, 0x0c, 0xf9, 0x00, 0x00, 0x00, 0x00, 0x00, 0x00, 0x00, 0x00, 0x0d, 0xf8, 0x00, 0x00, 0x00,
    0x00, 0x00, 0x00, 0x00, 0x00, 0x0e, 0xf6, 0x00, 0x00, 0x00, 0x00, 0x00, 0x00, 0x00, 0x00, 0x0f,
    0xf5, 0x00, 0x00, 0x00, 0x00, 0x00, 0x00, 0x00, 0x00, 0x1f, 0xf4, 0x00, 0x00, 0x00, 0x00, 0x00,
    0x00, 0x00, 0x00, 0x2f, 0xf3, 0x00, 0x00, 0x23, 0x32, 0x00, 0x00, 0x00, 0x00, 0x3f, 0xf1, 0x04,
    0xae, 0xff, 0xff, 0xd8, 0x10, 0x00, 0x00, 0x4f, 0xf1, 0xaf, 0xff, 0xff, 0xff, 0xff, 0xe6, 0x00,
    0x00, 0x6f, 0xec, 0xfd, 0x73, 0x10, 0x14, 0x9e, 0xff, 0x70, 0x00, 0x7f, 0xff, 0x90, 0x00, 0x00,
    0x00, 0x03, 0xdf, 0xf4, 0x00, 0x8f, 0xf9, 0x00, 0x00, 0x00, 0x00, 0x00, 0x2e, 0xfd, 0x00, 0x7c,
    0xc0, 0x00, 0x00, 0x00, 0x00, 0x00, 0x07, 0xff, 0x50, 0x00, 0x00, 0x00, 0x00, 0x00, 0x00, 0x00,
    0x01, 0xef, 0x90, 0x00, 0x00, 0x00, 0x00, 0x00, 0x00, 0x00, 0x00, 0xbf, 0xc0, 0x00, 0x00, 0x00,
    0x00, 0x00, 0x00, 0x00, 0x00, 0x9f, 0xe0, 0x00, 0x00, 0x00, 0x00, 0x00, 0x00, 0x00, 0x00, 0x8f,
    0xe0, 0x55, 0x30, 0x00, 0x00, 0x00, 0x00, 0x00, 0x00, 0xaf, 0xd0, 0xef, 0x90, 0x00, 0x00, 0x00,
    0x00, 0x00, 0x00, 0xcf, 0xb0, 0xbf, 0xd0, 0x00, 0x00, 0x00, 0x00, 0x00, 0x03, 0xff, 0x70, 0x7f,
    0xf4, 0x00, 0x00, 0x00, 0x00, 0x00, 0x0a, 0xfe, 0x20, 0x1e, 0xfd, 0x20, 0x00, 0x00, 0x00, 0x00,
    0x7f, 0xf9, 0x00, 0x04, 0xef, 0xd4, 0x00, 0x00, 0x00, 0x09, 0xff, 0xc0, 0x00, 0x00, 0x6e, 0xff,
    0xc7, 0x54, 0x69, 0xef, 0xfc, 0x20, 0x00, 0x00, 0x02, 0xcf, 0xff, 0xff, 0xff, 0xff, 0x90, 0x00,
    0x00, 0x00, 0x00, 0x04, 0x9c, 0xee, 0xeb, 0x82, 0x00, 0x00, 0x00, 0x00, 0x00, 0x00, 0x38, 0xce,
    0xed, 0xb7, 0x20, 0x00, 0x00, 0x00, 0x00, 0x0a, 0xff, 0xff, 0xff, 0xff, 0xf9, 0x10, 0x00, 0x00,
    0x01, 0xcf, 0xfd, 0x85, 0x45, 0x8d, 0xff, 0xd1, 0x00, 0x00, 0x0b, 0xfe, 0x70, 0x00, 0x00, 0x00,
    0x7f, 0xfc, 0x00, 0x00, 0x7f, 0xf6, 0x00, 0x00, 0x00, 0x00, 0x07, 0xff, 0x60, 0x00, 0xef, 0x90,
    0x00, 0x00, 0x00, 0x00, 0x00, 0xcf, 0xc0, 0x07, 0xfe, 0x10, 0x00, 0x00, 0x00, 0x00, 0x00, 0x6d,
    0xd0, 0x0c, 0xf9, 0x00, 0x00, 0x00, 0x00, 0x00, 0x00, 0x00, 0x00, 0x1f, 0xf4, 0x00, 0x00, 0x00,
    0x00, 0x00, 0x00, 0x00, 0x00, 0x5f, 0xe0, 0x00, 0x00, 0x00, 0x00, 0x00, 0x00, 0x00, 0x00, 0x8f,
    0xc0, 0x00, 0x38, 0xce, 0xed, 0xb6, 0x10, 0x00, 0x00, 0xaf, 0xa0, 0x1a, 0xff, 0xff, 0xff, 0xff,
    0xe5, 0x00, 0x00, 0xcf, 0x92, 0xdf, 0xfc, 0x75, 0x57, 0xbf, 0xff, 0x90, 0x00, 0xdf, 0x9c, 0xfd,
    0x50, 0x00, 0x00, 0x03, 0xdf, 0xf7, 0x00, 0xef, 0xef, 0xd2, 0x00, 0x00, 0x00, 0x00, 0x1c, 0xfe,
    0x30, 0xef, 0xff, 0x40, 0x00, 0x00, 0x00, 0x00, 0x02, 0xef, 0xb0, 0xef, 0xfb, 0x00, 0x00, 0x00,
    0x00, 0x00, 0x00, 0x9f, 0xe1, 0xdf, 0xf6, 0x00, 0x00, 0x00, 0x00, 0x00, 0x00, 0x4f, 0xf5, 0xcf,
    0xf4, 0x00, 0x00, 0x00, 0x00, 0x00, 0x00, 0x1f, 0xf7, 0xaf, 0xf3, 0x00, 0x00, 0x00, 0x00, 0x00,
    0x00, 0x0f, 0xf7, 0x7f, 0xf6, 0x00, 0x00, 0x00, 0x00, 0x00, 0x00, 0x1f, 0xf7, 0x3f, 0xf9, 0x00,
    0x00, 0x00, 0x00, 0x00, 0x00, 0x4f, 0xf5, 0x0d, 0xfe, 0x00, 0x00, 0x00, 0x00, 0x00, 0x00, 0xaf,
    0xe1, 0x07, 0xff, 0x70, 0x00, 0x00, 0x00, 0x00, 0x03, 0xef, 0xa0, 0x00, 0xdf, 0xe4, 0x00, 0x00,
    0x00, 0x00, 0x1d, 0xfe, 0x30, 0x00, 0x4e, 0xfe, 0x60, 0x00, 0x00, 0x03, 0xdf, 0xf6, 0x00, 0x00,
    0x06, 0xff, 0xfd, 0x75, 0x57, 0xbf, 0xff, 0x80, 0x00, 0x00, 0x00, 0x4d, 0xff, 0xff, 0xff, 0xff,
    0xd5, 0x00, 0x00, 0x00, 0x00, 0x00, 0x5a, 0xce, 0xed, 0xa6, 0x00, 0x00, 0x00, 0xff, 0xff, 0xff,
    0xff, 0xff, 0xff, 0xff, 0xff, 0xff, 0xf0, 0xff, 0xff, 0xff, 0xff, 0xff, 0xff, 0xff, 0xff, 0xff,
    0xf0, 0x44, 0x44, 0x44, 0x44, 0x44, 0x44, 0x44, 0x44, 0xef, 0xd0, 0x00, 0x00, 0x00, 0x00, 0x00,
    0x00, 0x00, 0x05, 0xff, 0x60, 0x00, 0x00, 0x00, 0x00, 0x00, 0x00, 0x00, 0x0d, 0xfd, 0x00, 0x00,
    0x00, 0x00, 0x00, 0x00, 0x00, 0x00, 0x6f, 0xf6, 0x00, 0x00, 0x00, 0x00, 0x00, 0x00, 0x00, 0x00,
    0xdf, 0xd0, 0x00, 0x00, 0x00, 0x00, 0x00, 0x00, 0x00, 0x06, 0xff, 0x50, 0x00, 0x00, 0x00, 0x00,
    0x00, 0x00, 0x00, 0x0d, 0xfc, 0x00, 0x00, 0x00, 0x00, 0x00, 0x00, 0x00, 0x00, 0x7f, 0xf5, 0x00,
    0x00, 0x00, 0x00, 0x00, 0x00, 0x00, 0x00, 0xef, 0xc0, 0x00, 0x00, 0x00, 0x00, 0x00, 0x00, 0x00,
    0x07, 0xff, 0x40, 0x00, 0x00, 0x00, 0x00, 0x00, 0x00, 0x00, 0x1e, 0xfc, 0x00, 0x00, 0x00, 0x00,
    0x00, 0x00, 0x00, 0x00, 0x8f, 0xf4, 0x00, 0x00, 0x00, 0x00, 0x00, 0x00, 0x00, 0x01, 0xef, 0xb0,
    0x00, 0x00, 0x00, 0x00, 0x00, 0x00, 0x00, 0x08, 0xff, 0x30, 0x00, 0x00, 0x00, 0x00, 0x00, 0x00,
    0x00, 0x1e, 0xfb, 0x00, 0x00, 0x00, 0x00, 0x00, 0x00, 0x00, 0x00, 0x9f, 0xf3, 0x00, 0x00, 0x00,
    0x00, 0x00, 0x00, 0x00, 0x02, 0xef, 0xa0, 0x00, 0x00, 0x00, 0x00, 0x00, 0x00, 0x00, 0x09, 0xff,
    0x30, 0x00, 0x00, 0x00, 0x00, 0x00, 0x00, 0x00, 0x2e, 0xfa, 0x00, 0x00, 0x00, 0x00, 0x00, 0x00,
    0x00, 0x00, 0xaf, 0xe2, 0x00, 0x00, 0x00, 0x00, 0x00, 0x00, 0x00, 0x02, 0xef, 0x90, 0x00, 0x00,
    0x00, 0x00, 0x00, 0x00, 0x00, 0x0a, 0xfe, 0x20, 0x00, 0x00, 0x00, 0x00, 0x00, 0x00, 0x00, 0x3f,
    0xf9, 0x00, 0x00, 0x00, 0x00, 0x00, 0x00, 0x00, 0x00, 0xbf, 0xe2, 0x00, 0x00, 0x00, 0x00, 0x00,
    0x00, 0x00, 0x03, 0xff, 0x90, 0x00, 0x00, 0x00, 0x00, 0x00, 0x00, 0x00, 0x0b, 0xfe, 0x10, 0x00,
    0x00, 0x00, 0x00, 0x00, 0x00, 0x00, 0x4f, 0xf8, 0x00, 0x00, 0x00, 0x00, 0x00, 0x00, 0x00, 0x00,
    0x00, 0x02, 0x7b, 0xde, 0xdb, 0x72, 0x00, 0x00, 0x00, 0x00, 0x00, 0x9f, 0xff, 0xff, 0xff, 0xff,
    0x90, 0x00, 0x00, 0x00, 0x1c, 0xff, 0xd8, 0x64, 0x68, 0xdf, 0xfc, 0x10, 0x00, 0x00, 0xbf, 0xf8,
    0x00, 0x00, 0x00, 0x08, 0xff, 0xb0, 0x00, 0x05, 0xff, 0x80, 0x00, 0x00, 0x00, 0x00, 0x8f, 0xf5,
    0x00, 0x0b, 0xfd, 0x00, 0x00, 0x00, 0x00, 0x00, 0x0e, 0xfb, 0x00, 0x0e, 0xfa, 0x00, 0x00, 0x00,
    0x00, 0x00, 0x0a, 0xfe, 0x00, 0x0e, 0xf8, 0x00, 0x00, 0x00, 0x00, 0x00, 0x08, 0xfe, 0x00, 0x0d,
    0xfa, 0x00, 0x00, 0x00, 0x00, 0x00, 0x0a, 0xfd, 0x00, 0x09, 0xfe, 0x00, 0x00, 0x00, 0x00, 0x00,
    0x0e, 0xf9, 0x00, 0x02, 0xef, 0x80, 0x00, 0x00, 0x00, 0x00, 0x9f, 0xe2, 0x00, 0x00, 0x7f, 0xf8,
    0x00, 0x00, 0x00, 0x09, 0xff, 0x70, 0x00, 0x00, 0x06, 0xef, 0xd8, 0x64, 0x68, 0xdf, 0xe6, 0x00,
    0x00, 0x00, 0x00, 0x18, 0xef, 0xff, 0xff, 0xe8, 0x10, 0x00, 0x00, 0x00, 0x02, 0xae, 0xff, 0xff,
    0xff, 0xfe, 0xb3, 0x00, 0x00, 0x00, 0x6e, 0xfe, 0x93, 0x10, 0x13, 0x8e, 0xfe, 0x60, 0x00, 0x05,
    0xff, 0xb1, 0x00, 0x00, 0x00, 0x01, 0xbf, 0xf5, 0x00, 0x1e, 0xfb, 0x00, 0x00, 0x00, 0x00, 0x00,
    0x0b, 0xfe, 0x10, 0x7f, 0xf2, 0x00, 0x00, 0x00, 0x00, 0x00, 0x02, 0xff, 0x70, 0xcf, 0xb0, 0x00,
    0x00, 0x00, 0x00, 0x00, 0x00, 0xbf, 0xc0, 0xef, 0x90, 0x00, 0x00, 0x00, 0x00, 0x00, 0x00, 0x9f,
    0xe0, 0xef, 0x90, 0x00, 0x00, 0x00, 0x00, 0x00, 0x00, 0x9f, 0xe0, 0xcf, 0xb0, 0x00, 0x00, 0x00,
    0x00, 0x00, 0x00, 0xbf, 0xc0, 0x8f, 0xf3, 0x00, 0x00, 0x00, 0x00, 0x00, 0x03, 0xff, 0x80, 0x2e,
    0xfc, 0x10, 0x00, 0x00, 0x00, 0x00, 0x1c, 0xfe, 0x20, 0x06, 0xff, 0xc3, 0x00, 0x00, 0x00, 0x03,
    0xcf, 0xf6, 0x00, 0x00, 0x7f, 0xff, 0xc7, 0x54, 0x57, 0xcf, 0xff, 0x70, 0x00, 0x00, 0x03, 0xcf,
    0xff, 0xff, 0xff, 0xff, 0xd4, 0x00, 0x00, 0x00, 0x00, 0x04, 0x9c, 0xee, 0xec, 0x94, 0x00, 0x00,
    0x00, 0x00, 0x00, 0x03, 0x8c, 0xee, 0xdc, 0x82, 0x00, 0x00, 0x00, 0x00, 0x01, 0xbf, 0xff, 0xff,
    0xff, 0xff, 0x91, 0x00, 0x00, 0x00, 0x4e, 0xff, 0xe8, 0x64, 0x69, 0xef, 0xfd, 0x10, 0x00, 0x02,
    0xef, 0xe8, 0x00, 0x00, 0x00, 0x1a, 0xff, 0xc0, 0x00, 0x0c, 0xff, 0x50, 0x00, 0x00, 0x00, 0x00,
    0x8f, 0xf8, 0x00, 0x4f, 0xf8, 0x00, 0x00, 0x00, 0x00, 0x00, 0x0c, 0xfe, 0x10, 0x9f, 0xe1, 0x00,
    0x00, 0x00, 0x00, 0x00, 0x04, 0xff, 0x60, 0xdf, 0xb0, 0x00, 0x00, 0x00, 0x00, 0x00, 0x00, 0xef,
    0xc0, 0xef, 0x90, 0x00, 0x00, 0x00, 0x00, 0x00, 0x00, 0xbf, 0xe0, 0xef, 0x90, 0x00, 0x00, 0x00,
    0x00, 0x00, 0x00, 0xaf, 0xf3, 0xdf, 0xb0, 0x00, 0x00, 0x00, 0x00, 0x00, 0x00, 0xcf, 0xf5, 0xaf,
    0xe1, 0x00, 0x00, 0x00, 0x00, 0x00, 0x01, 0xef, 0xf6, 0x5f, 0xf8, 0x00, 0x00, 0x00, 0x00, 0x00,
    0x09, 0xff, 0xf7, 0x0c, 0xfe, 0x40, 0x00, 0x00, 0x00, 0x00, 0x5f, 0xef, 0xf8, 0x02, 0xef, 0xe7,
    0x00, 0x00, 0x00, 0x08, 0xef, 0x8f, 0xf7, 0x00, 0x4e, 0xff, 0xd8, 0x64, 0x59, 0xdf, 0xfa, 0x1f,
    0xf6, 0x00, 0x01, 0xbf, 0xff, 0xff, 0xff, 0xfe, 0x70, 0x1f, 0xf5, 0x00, 0x00, 0x04, 0x9c, 0xee,
    0xdb, 0x71, 0x00, 0x3f, 0xf3, 0x00, 0x00, 0x00, 0x00, 0x00, 0x00, 0x00, 0x00, 0x6f, 0xf1, 0x00,
    0x00, 0x00, 0x00, 0x00, 0x00, 0x00, 0x00, 0x9f, 0xd0, 0x00, 0x00, 0x00, 0x00, 0x00, 0x00, 0x00,
    0x00, 0xdf, 0x90, 0x46, 0x50, 0x00, 0x00, 0x00, 0x00, 0x00, 0x03, 0xff, 0x50, 0x7f, 0xe1, 0x00,
    0x00, 0x00, 0x00, 0x00, 0x09, 0xfe, 0x00, 0x4f, 0xf6, 0x00, 0x00, 0x00, 0x00, 0x00, 0x3e, 0xf8,
    0x00, 0x0c, 0xfe, 0x20, 0x00, 0x00, 0x00, 0x01, 0xdf, 0xe1, 0x00, 0x03, 0xef, 0xd3, 0x00, 0x00,
    0x00, 0x3d, 0xff, 0x40, 0x00, 0x00, 0x5f, 0xff, 0xb6, 0x45, 0x7b, 0xff, 0xe7, 0x00, 0x00, 0x00,
    0x04, 0xdf, 0xff, 0xff, 0xff, 0xfd, 0x40, 0x00, 0x00, 0x00, 0x00, 0x05, 0xac, 0xee, 0xda, 0x60,
    0x00, 0x00, 0x00, 0x4d, 0xd4, 0xdf, 0xfd, 0xdf, 0xfd, 0x4d, 0xd4, 0x00, 0x00, 0x00, 0x00, 0x00,
    0x00, 0x00, 0x00, 0x00, 0x00, 0x00, 0x00, 0x00, 0x00, 0x00, 0x00, 0x00, 0x00, 0x00, 0x00, 0x00,
    0x00, 0x00, 0x00, 0x4d, 0xd4, 0xdf, 0xfd, 0xdf, 0xfd, 0x4d, 0xd4, 0x00, 0x00, 0x00, 0x00, 0x00,
    0x09, 0xff, 0xa0, 0x00, 0x00, 0x00, 0x00, 0x00, 0x00, 0x00, 0x00, 0x00, 0x00, 0x0e, 0xff, 0xe1,
    0x00, 0x00, 0x00, 0x00, 0x00, 0x00, 0x00, 0x00, 0x00, 0x00, 0x5f, 0xee, 0xf6, 0x00, 0x00, 0x00,
    0x00, 0x00, 0x00, 0x00, 0x00, 0x00, 0x00, 0xbf, 0xa9, 0xfc, 0x00, 0x00, 0x00, 0x00, 0x00, 0x00,
    0x00, 0x00, 0x00, 0x01, 0xef, 0x54, 0xff, 0x20, 0x00, 0x00, 0x00, 0x00, 0x00, 0x00, 0x00, 0x00,
    0x07, 0xfe, 0x00, 0xef, 0x80, 0x00, 0x00, 0x00, 0x00, 0x00, 0x00, 0x00, 0x00, 0x0c, 0xfa, 0x00,
    0x9f, 0xd0, 0x00, 0x00, 0x00, 0x00, 0x00, 0x00, 0x00, 0x00, 0x3f, 0xf5, 0x00, 0x4f, 0xf4, 0x00,
    0x00, 0x00, 0x00, 0x00, 0x00, 0x00, 0x00, 0x9f, 0xe0, 0x00, 0x0d, 0xf9, 0x00, 0x00, 0x00, 0x00,
    0x00, 0x00, 0x00, 0x00, 0xef, 0x90, 0x00, 0x09, 0xfe, 0x00, 0x00, 0x00, 0x00, 0x00, 0x00, 0x00,
    0x05, 0xff, 0x40, 0x00, 0x03, 0xff, 0x50, 0x00, 0x00, 0x00, 0x00, 0x00, 0x00, 0x0a, 0xfd, 0x00,
    0x00, 0x00, 0xdf, 0xb0, 0x00, 0x00, 0x00, 0x00, 0x00, 0x00, 0x1e, 0xf8, 0x00, 0x00, 0x00, 0x8f,
    0xe1, 0x00, 0x00, 0x00, 0x00, 0x00, 0x00, 0x6f, 0xf3, 0x00, 0x00, 0x00, 0x2f, 0xf7, 0x00, 0x00,
    0x00, 0x00, 0x00, 0x00, 0xcf, 0xc0, 0x00, 0x00, 0x00, 0x0c, 0xfc, 0x00, 0x00, 0x00, 0x00, 0x00,
    0x02, 0xff, 0x70, 0x00, 0x00, 0x00, 0x07, 0xff, 0x30, 0x00, 0x00, 0x00, 0x00, 0x08, 0xff, 0x20,
    0x00, 0x00, 0x00, 0x01, 0xef, 0x80, 0x00, 0x00, 0x00, 0x00, 0x0d, 0xfb, 0x00, 0x00, 0x00, 0x00,
    0x00, 0xbf, 0xd0, 0x00, 0x00, 0x00, 0x00, 0x4f, 0xff, 0xff, 0xff, 0xff, 0xff, 0xff, 0xff, 0xf4,
    0x00, 0x00, 0x00, 0x00, 0x9f, 0xff, 0xff, 0xff, 0xff, 0xff, 0xff, 0xff, 0xfa, 0x00, 0x00, 0x00,
    0x00, 0xef, 0xf5, 0x55, 0x55, 0x55, 0x55, 0x55, 0x5f, 0xfe, 0x00, 0x00, 0x00, 0x05, 0xff, 0x50,
    0x00, 0x00, 0x00, 0x00, 0x00, 0x05, 0xff, 0x50, 0x00, 0x00, 0x0b, 0xfe, 0x00, 0x00, 0x00, 0x00,
    0x00, 0x00, 0x00, 0xef, 0xb0, 0x00, 0x00, 0x1e, 0xf9, 0x00, 0x00, 0x00, 0x00, 0x00, 0x00, 0x00,
    0x9f, 0xe1, 0x00, 0x00, 0x7f, 0xf3, 0x00, 0x00, 0x00, 0x00, 0x00, 0x00, 0x00, 0x4f, 0xf7, 0x00,
    0x00, 0xcf, 0xd0, 0x00, 0x00, 0x00, 0x00, 0x00, 0x00, 0x00, 0x0d, 0xfc, 0x00, 0x03, 0xff, 0x80,
    0x00, 0x00, 0x00, 0x00, 0x00, 0x00, 0x00, 0x08, 0xff, 0x30, 0x08, 0xff, 0x20, 0x00, 0x00, 0x00,
    0x00, 0x00, 0x00, 0x00, 0x03, 0xff, 0x80, 0x0d, 0xfc, 0x00, 0x00, 0x00, 0x00, 0x00, 0x00, 0x00,
    0x00, 0x00, 0xcf, 0xe0, 0xff, 0xff, 0xff, 0xff, 0xff, 0xec, 0xb7, 0x20, 0x00, 0x00, 0x00, 0xff,
    0xff, 0xff, 0xff, 0xff, 0xff, 0xff, 0xe9, 0x10, 0x00, 0x00, 0xff, 0xa4, 0x44, 0x44, 0x44, 0x46,
    0x9e, 0xff, 0xd1, 0x00, 0x00, 0xff, 0x80, 0x00, 0x00, 0x00, 0x00, 0x00, 0x9f, 0xfc, 0x00, 0x00,
    0xff, 0x80, 0x00, 0x00, 0x00, 0x00, 0x00, 0x08, 0xff, 0x50, 0x00, 0xff, 0x80, 0x00, 0x00, 0x00,
    0x00, 0x00, 0x00, 0xef, 0xb0, 0x00, 0xff, 0x80, 0x00, 0x00, 0x00, 0x00, 0x00, 0x00, 0xaf, 0xd0,
    0x00, 0xff, 0x80, 0x00, 0x00, 0x00, 0x00, 0x00, 0x00, 0x8f, 0xe0, 0x00, 0xff, 0x80, 0x00, 0x00,
    0x00, 0x00, 0x00, 0x00, 0x9f, 0xd0, 0x00, 0xff, 0x80, 0x00, 0x00, 0x00, 0x00, 0x00, 0x00, 0xdf,
    0xa0, 0x00, 0xff, 0x80, 0x00, 0x00, 0x00, 0x00, 0x00, 0x06, 0xff, 0x50, 0x00, 0xff, 0x80, 0x00,
    0x00, 0x00, 0x00, 0x00, 0x4e, 0xfb, 0x00, 0x00, 0xff, 0x80, 0x00, 0x00, 0x00, 0x01, 0x4a, 0xff,
    0xb0, 0x00, 0x00, 0xff, 0xff, 0xff, 0xff, 0xff, 0xff, 0xff, 0xc5, 0x00, 0x00, 0x00, 0xff, 0xff,
    0xff, 0xff, 0xff, 0xff, 0xff, 0xda, 0x40, 0x00, 0x00, 0xff, 0xa4, 0x44, 0x44, 0x44, 0x45, 0x6a,
    0xef, 0xfb, 0x10, 0x00, 0xff, 0x80, 0x00, 0x00, 0x00, 0x00, 0x00, 0x08, 0xef, 0xc0, 0x00, 0xff,
    0x80, 0x00, 0x00, 0x00, 0x00, 0x00, 0x00, 0x5e, 0xf9, 0x00, 0xff, 0x80, 0x00, 0x00, 0x00, 0x00,
    0x00, 0x00, 0x0a, 0xfe, 0x10, 0xff, 0x80, 0x00, 0x00, 0x00, 0x00, 0x00, 0x00, 0x03, 0xff, 0x50,
    0xff, 0x80, 0x00, 0x00, 0x00, 0x00, 0x00, 0x00, 0x01, 0xff, 0x70, 0xff, 0x80, 0x00, 0x00, 0x00,
    0x00, 0x00, 0x00, 0x00, 0xff, 0x70, 0xff, 0x80, 0x00, 0x00, 0x00, 0x00, 0x00, 0x00, 0x02, 0xff,
    0x60, 0xff, 0x80, 0x00, 0x00, 0x00, 0x00, 0x00, 0x00, 0x08, 0xff, 0x20, 0xff, 0x80, 0x00, 0x00,
    0x00, 0x00, 0x00, 0x00, 0x3e, 0xfb, 0x00, 0xff, 0x80, 0x00, 0x00, 0x00, 0x00, 0x00, 0x06, 0xef,
    0xe3, 0x00, 0xff, 0xa4, 0x44, 0x44, 0x44, 0x45, 0x69, 0xdf, 0xfe, 0x50, 0x00, 0xff, 0xff, 0xff,
    0xff, 0xff, 0xff, 0xff, 0xff, 0xb2, 0x00, 0x00, 0xff, 0xff, 0xff, 0xff, 0xff, 0xfe, 0xdb, 0x73,
    0x00, 0x00, 0x00, 0x00, 0x00, 0x00, 0x00, 0x38, 0xbd, 0xee, 0xdb, 0x72, 0x00, 0x00, 0x00, 0x00,
    0x00, 0x00, 0x00, 0x4c, 0xff, 0xff, 0xff, 0xff, 0xff, 0xa2, 0x00, 0x00, 0x00, 0x00, 0x00, 0x09,
    0xff, 0xfd, 0x86, 0x45, 0x69, 0xdf, 0xfe, 0x70, 0x00, 0x00, 0x00, 0x01, 0xcf, 0xfc, 0x40, 0x00,
    0x00, 0x00, 0x06, 0xef, 0xf8, 0x00, 0x00, 0x00, 0x0b, 0xff, 0x80, 0x00, 0x00, 0x00, 0x00, 0x00,
    0x1c, 0xff, 0x60, 0x00, 0x00, 0x7f, 0xf8, 0x00, 0x00, 0x00, 0x00, 0x00, 0x00, 0x01, 0xdf, 0xe2,
    0x00, 0x02, 0xef, 0xb0, 0x00, 0x00, 0x00, 0x00, 0x00, 0x00, 0x00, 0x4f, 0xf9, 0x00, 0x09, 0xfe,
    0x20, 0x00, 0x00, 0x00, 0x00, 0x00, 0x00, 0x00, 0x0b, 0xfe, 0x10, 0x0e, 0xfa, 0x00, 0x00, 0x00,
    0x00, 0x00, 0x00, 0x00, 0x00, 0x05, 0xff, 0x50, 0x4f, 0xf4, 0x00, 0x00, 0x00, 0x00, 0x00, 0x00,
    0x00, 0x00, 0x00, 0x55, 0x30, 0x8f, 0xe0, 0x00, 0x00, 0x00, 0x00, 0x00, 0x00, 0x00, 0x00, 0x00,
    0x00, 0x00, 0xbf, 0xc0, 0x00, 0x00, 0x00, 0x00, 0x00, 0x00, 0x00, 0x00, 0x00, 0x00, 0x00, 0xdf,
    0x90, 0x00, 0x00, 0x00, 0x00, 0x00, 0x00, 0x00, 0x00, 0x00, 0x00, 0x00, 0xef, 0x80, 0x00, 0x00,
    0x00, 0x00, 0x00, 0x00, 0x00, 0x00, 0x00, 0x00, 0x00, 0xef, 0x80, 0x00, 0x00, 0x00, 0x00, 0x00,
    0x00, 0x00, 0x00, 0x00, 0x00, 0x00, 0xef, 0x80, 0x00, 0x00, 0x00, 0x00, 0x00, 0x00, 0x00, 0x00,
    0x00, 0x00, 0x00, 0xdf, 0x90, 0x00, 0x00, 0x00, 0x00, 0x00, 0x00, 0x00, 0x00, 0x00, 0x00, 0x00,
    0xbf, 0xc0, 0x00, 0x00, 0x00, 0x00, 0x00, 0x00, 0x00, 0x00, 0x00, 0x00, 0x00, 0x8f, 0xe0, 0x00,
    0x00, 0x00, 0x00, 0x00, 0x00, 0x00, 0x00, 0x00, 0x00, 0x00, 0x4f, 0xf4, 0x00, 0x00, 0x00, 0x00,
    0x00, 0x00, 0x00, 0x00, 0x00, 0x55, 0x20, 0x0e, 0xfa, 0x00, 0x00, 0x00, 0x00, 0x00, 0x00, 0x00,
    0x00, 0x05, 0xff, 0x50, 0x09, 0xfe, 0x20, 0x00, 0x00, 0x00, 0x00, 0x00, 0x00, 0x00, 0x0b, 0xfe,
    0x10, 0x02, 0xef, 0xb0, 0x00, 0x00, 0x00, 0x00, 0x00, 0x00, 0x00, 0x3f, 0xf9, 0x00, 0x00, 0x8f,
    0xf8, 0x00, 0x00, 0x00, 0x00, 0x00, 0x00, 0x01, 0xdf, 0xe2, 0x00, 0x00, 0x0b, 0xff, 0x80, 0x00,
    0x00, 0x00, 0x00, 0x00, 0x1c, 0xff, 0x60, 0x00, 0x00, 0x01, 0xcf, 0xfc, 0x30, 0x00, 0x00, 0x00,
    0x06, 0xef, 0xf8, 0x00, 0x00, 0x00, 0x00, 0x0a, 0xff, 0xfc, 0x85, 0x45, 0x69, 0xdf, 0xfe, 0x70,
    0x00, 0x00, 0x00, 0x00, 0x00, 0x5c, 0xff, 0xff, 0xff, 0xff, 0xff, 0xb3, 0x00, 0x00, 0x00, 0x00,
    0x00, 0x00, 0x00, 0x38, 0xbd, 0xee, 0xdb, 0x72, 0x00, 0x00, 0x00, 0x00, 0xff, 0xff, 0xff, 0xff,
    0xfe, 0xdc, 0x96, 0x10, 0x00, 0x00, 0x00, 0x00, 0xff, 0xff, 0xff, 0xff, 0xff, 0xff, 0xff, 0xea,
    0x20, 0x00, 0x00, 0x00, 0xff, 0xc4, 0x44, 0x44, 0x44, 0x57, 0xae, 0xff, 0xe7, 0x00, 0x00, 0x00,
    0xff, 0x80, 0x00, 0x00, 0x00, 0x00, 0x00, 0x7e, 0xff, 0x90, 0x00, 0x00, 0xff, 0x80, 0x00, 0x00,
    0x00, 0x00, 0x00, 0x01, 0xcf, 0xf7, 0x00, 0x00, 0xff, 0x80, 0x00, 0x00, 0x00, 0x00, 0x00, 0x00,
    0x0c, 0xfe, 0x30, 0x00, 0xff, 0x80, 0x00, 0x00, 0x00, 0x00, 0x00, 0x00, 0x02, 0xef, 0xc0, 0x00,
    0xff, 0x80, 0x00, 0x00, 0x00, 0x00, 0x00, 0x00, 0x00, 0x7f, 0xf4, 0x00, 0xff, 0x80, 0x00, 0x00,
    0x00, 0x00, 0x00, 0x00, 0x00, 0x1e, 0xf9, 0x00, 0xff, 0x80, 0x00, 0x00, 0x00, 0x00, 0x00, 0x00,
    0x00, 0x0a, 0xfd, 0x00, 0xff, 0x80, 0x00, 0x00, 0x00, 0x00, 0x00, 0x00, 0x00, 0x06, 0xff, 0x20,
    0xff, 0x80, 0x00, 0x00, 0x00, 0x00, 0x00, 0x00, 0x00, 0x03, 0xff, 0x40, 0xff, 0x80, 0x00, 0x00,
    0x00, 0x00, 0x00, 0x00, 0x00, 0x01, 0xff, 0x60, 0xff, 0x80, 0x00, 0x00, 0x00, 0x00, 0x00, 0x00,
    0x00, 0x00, 0xff, 0x70, 0xff, 0x80, 0x00, 0x00, 0x00, 0x00, 0x00, 0x00, 0x00, 0x00, 0xff, 0x80,
    0xff, 0x80, 0x00, 0x00, 0x00, 0x00, 0x00, 0x00, 0x00, 0x00, 0xff, 0x70, 0xff, 0x80, 0x00, 0x00,
    0x00, 0x00, 0x00, 0x00, 0x00, 0x01, 0xff, 0x60, 0xff, 0x80, 0x00, 0x00, 0x00, 0x00, 0x00, 0x00,
    0x00, 0x03, 0xff, 0x40, 0xff, 0x80, 0x00, 0x00, 0x00, 0x00, 0x00, 0x00, 0x00, 0x06, 0xff, 0x20,
    0xff, 0x80, 0x00, 0x00, 0x00, 0x00, 0x00, 0x00, 0x00, 0x0a, 0xfd, 0x00, 0xff, 0x80, 0x00, 0x00,
    0x00, 0x00, 0x00, 0x00, 0x00, 0x1e, 0xf9, 0x00, 0xff, 0x80, 0x00, 0x00, 0x00, 0x00, 0x00, 0x00,
    0x00, 0x8f, 0xf3, 0x00, 0xff, 0x80, 0x00, 0x00, 0x00, 0x00, 0x00, 0x00, 0x03, 0xef, 0xb0, 0x00,
    0xff, 0x80, 0x00, 0x00, 0x00, 0x00, 0x00, 0x00, 0x2d, 0xfe, 0x20, 0x00, 0xff, 0x80, 0x00, 0x00,
    0x00, 0x00, 0x00, 0x03, 0xdf, 0xf5, 0x00, 0x00, 0xff, 0x80, 0x00, 0x00, 0x00, 0x00, 0x02, 0x9e,
    0xff, 0x70, 0x00, 0x00, 0xff, 0xc4, 0x44, 0x44, 0x45, 0x68, 0xcf, 0xff, 0xd5, 0x00, 0x00, 0x00,
    0xff, 0xff, 0xff, 0xff, 0xff, 0xff, 0xff, 0xe8, 0x10, 0x00, 0x00, 0x00, 0xff, 0xff, 0xff, 0xff,
    0xee, 0xdb, 0x84, 0x00, 0x00, 0x00, 0x00, 0x00, 0xff, 0xff, 0xff, 0xff, 0xff, 0xff, 0xff, 0xff,
    0xff, 0x70, 0xff, 0xff, 0xff, 0xff, 0xff, 0xff, 0xff, 0xff, 0xff, 0x70, 0xff, 0xa4, 0x44, 0x44,
    0x44, 0x44, 0x44, 0x44, 0x44, 0x20, 0xff, 0x80, 0x00, 0x00, 0x00, 0x00, 0x00, 0x00, 0x00, 0x00,
    0xff, 0x80, 0x00, 0x00, 0x00, 0x00, 0x00, 0x00, 0x00, 0x00, 0xff, 0x80, 0x00, 0x00, 0x00, 0x00,
    0x00, 0x00, 0x00, 0x00, 0xff, 0x80, 0x00, 0x00, 0x00, 0x00, 0x00, 0x00, 0x00, 0x00, 0xff, 0x80,
    0x00, 0x00, 0x00, 0x00, 0x00, 0x00, 0x00, 0x00, 0xff, 0x80, 0x00, 0x00, 0x00, 0x00, 0x00, 0x00,
    0x00, 0x00, 0xff, 0x80, 0x00, 0x00, 0x00, 0x00, 0x00, 0x00, 0x00, 0x00, 0xff, 0x80, 0x00, 0x00,
    0x00, 0x00, 0x00, 0x00, 0x00, 0x00, 0xff, 0x80, 0x00, 0x00, 0x00, 0x00, 0x00, 0x00, 0x00, 0x00,
    0xff, 0x80, 0x00, 0x00, 0x00, 0x00, 0x00, 0x00, 0x00, 0x00, 0xff, 0xff, 0xff, 0xff, 0xff, 0xff,
    0xff, 0xff, 0xf0, 0x00, 0xff, 0xff, 0xff, 0xff, 0xff, 0xff, 0xff, 0xff, 0xf0, 0x00, 0xff, 0xa4,
    0x44, 0x44, 0x44, 0x44, 0x44, 0x44, 0x40, 0x00, 0xff, 0x80, 0x00, 0x00, 0x00, 0x00, 0x00, 0x00,
    0x00, 0x00, 0xff, 0x80, 0x00, 0x00, 0x00, 0x00, 0x00, 0x00, 0x00, 0x00, 0xff, 0x80, 0x00, 0x00,
    0x00, 0x00, 0x00, 0x00, 0x00, 0x00, 0xff, 0x80, 0x00, 0x00, 0x00, 0x00, 0x00, 0x00, 0x00, 0x00,
    0xff, 0x80, 0x00, 0x00, 0x00, 0x00, 0x00, 0x00, 0x00, 0x00, 0xff, 0x80, 0x00, 0x00, 0x00, 0x00,
    0x00, 0x00, 0x00, 0x00, 0xff, 0x80, 0x00, 0x00, 0x00, 0x00, 0x00, 0x00, 0x00, 0x00, 0xff, 0x80,
    0x00, 0x00, 0x00, 0x00, 0x00, 0x00, 0x00, 0x00, 0xff, 0x80, 0x00, 0x00, 0x00, 0x00, 0x00, 0x00,
    0x00, 0x00, 0xff, 0x80, 0x00, 0x00, 0x00, 0x00, 0x00, 0x00, 0x00, 0x00, 0xff, 0xa4, 0x44, 0x44,
    0x44, 0x44, 0x44, 0x44, 0x44, 0x20, 0xff, 0xff, 0xff, 0xff, 0xff, 0xff, 0xff, 0xff, 0xff, 0x70,
    0xff, 0xff, 0xff, 0xff, 0xff, 0xff, 0xff, 0xff, 0xff, 0x70, 0xff, 0xff, 0xff, 0xff, 0xff, 0xff,
    0xff, 0xff, 0xff, 0xff, 0xff, 0xff, 0xff, 0xff, 0xff, 0xff, 0xff, 0xff, 0xff, 0xa4, 0x44, 0x44,
    0x44, 0x44, 0x44, 0x44, 0x44, 0xff, 0x80, 0x00, 0x00, 0x00, 0x00, 0x00, 0x00, 0x00, 0xff, 0x80,
    0x00, 0x00, 0x00, 0x00, 0x00, 0x00, 0x00, 0xff, 0x80, 0x00, 0x00, 0x00, 0x00, 0x00, 0x00, 0x00,
    0xff, 0x80, 0x00, 0x00, 0x00, 0x00, 0x00, 0x00, 0x00, 0xff, 0x80, 0x00, 0x00, 0x00, 0x00, 0x00,
    0x00, 0x00, 0xff, 0x80, 0x00, 0x00, 0x00, 0x00, 0x00, 0x00, 0x00, 0xff, 0x80, 0x00, 0x00, 0x00,
    0x00, 0x00, 0x00, 0x00, 0xff, 0x80, 0x00, 0x00, 0x00, 0x00, 0x00, 0x00, 0x00, 0xff, 0x80, 0x00,
    0x00, 0x00, 0x00, 0x00, 0x00, 0x00, 0xff, 0x80, 0x00, 0x00, 0x00, 0x00, 0x00, 0x00, 0x00, 0xff,
    0xff, 0xff, 0xff, 0xff, 0xff, 0xff, 0xff, 0x70, 0xff, 0xff, 0xff, 0xff, 0xff, 0xff, 0xff, 0xff,
    0x70, 0xff, 0xa4, 0x44, 0x44, 0x44, 0x44, 0x44, 0x44, 0x20, 0xff, 0x80, 0x00, 0x00, 0x00, 0x00,
    0x00, 0x00, 0x00, 0xff, 0x80, 0x00, 0x00, 0x00, 0x00, 0x00, 0x00, 0x00, 0xff, 0x80, 0x00, 0x00,
    0x00, 0x00, 0x00, 0x00, 0x00, 0xff, 0x80, 0x00, 0x00, 0x00, 0x00, 0x00, 0x00, 0x00, 0xff, 0x80,
    0x00, 0x00, 0x00, 0x00, 0x00, 0x00, 0x00, 0xff, 0x80, 0x00, 0x00, 0x00, 0x00, 0x00, 0x00, 0x00,
    0xff, 0x80, 0x00, 0x00, 0x00, 0x00, 0x00, 0x00, 0x00, 0xff, 0x80, 0x00, 0x00, 0x00, 0x00, 0x00,
    0x00, 0x00, 0xff, 0x80, 0x00, 0x00, 0x00, 0x00, 0x00, 0x00, 0x00, 0xff, 0x80, 0x00, 0x00, 0x00,
    0x00, 0x00, 0x00, 0x00, 0xff, 0x80, 0x00, 0x00, 0x00, 0x00, 0x00, 0x00, 0x00, 0xff, 0x80, 0x00,
    0x00, 0x00, 0x00, 0x00, 0x00, 0x00, 0xff, 0x80, 0x00, 0x00, 0x00, 0x00, 0x00, 0x00, 0x00, 0x00,
    0x00, 0x00, 0x00, 0x38, 0xbd, 0xee, 0xdb, 0x73, 0x00, 0x00, 0x00, 0x00, 0x00, 0x00, 0x00, 0x4c,
    0xff, 0xff, 0xff, 0xff, 0xff, 0xb3, 0x00, 0x00, 0x00, 0x00, 0x00, 0x09, 0xff, 0xfd, 0x86, 0x45,
    0x69, 0xdf, 0xfe, 0x80, 0x00, 0x00, 0x00, 0x00, 0xbf, 0xfc, 0x40, 0x00, 0x00, 0x00, 0x05, 0xdf,
    0xfa, 0x00, 0x00, 0x00, 0x0b, 0xff, 0x90, 0x00, 0x00, 0x00, 0x00, 0x00, 0x0a, 0xff, 0x90, 0x00,
    0x00, 0x7f, 0xf9, 0x00, 0x00, 0x00, 0x00, 0x00, 0x00, 0x00, 0xaf, 0xf5, 0x00, 0x01, 0xef, 0xc0,
    0x00, 0x00, 0x00, 0x00, 0x00, 0x00, 0x00, 0x1d, 0xfc, 0x00, 0x08, 0xfe, 0x30, 0x00, 0x00, 0x00,
    0x00, 0x00, 0x00, 0x00, 0x06, 0xff, 0x40, 0x0e, 0xfa, 0x00, 0x00, 0x00, 0x00, 0x00, 0x00, 0x00,
    0x00, 0x00, 0xef, 0x90, 0x4f, 0xf4, 0x00, 0x00, 0x00, 0x00, 0x00, 0x00, 0x00, 0x00, 0x00, 0x33,
    0x20, 0x8f, 0xe0, 0x00, 0x00, 0x00, 0x00, 0x00, 0x00, 0x00, 0x00, 0x00, 0x00, 0x00, 0xbf, 0xc0,
    0x00, 0x00, 0x00, 0x00, 0x00, 0x00, 0x00, 0x00, 0x00, 0x00, 0x00, 0xdf, 0xa0, 0x00, 0x00, 0x00,
    0x00, 0x00, 0x00, 0x00, 0x00, 0x00, 0x00, 0x00, 0xef, 0x80, 0x00, 0x00, 0x00, 0x00, 0x00, 0x00,
    0x00, 0x00, 0x00, 0x00, 0x00, 0xef, 0x80, 0x00, 0x00, 0x00, 0x00, 0x00, 0x44, 0x44, 0x44, 0x44,
    0x44, 0x40, 0xef, 0x80, 0x00, 0x00, 0x00, 0x00, 0x01, 0xff, 0xff, 0xff, 0xff, 0xff, 0xf0, 0xdf,
    0xa0, 0x00, 0x00, 0x00, 0x00, 0x01, 0xff, 0xff, 0xff, 0xff, 0xff, 0xf0, 0xbf, 0xc0, 0x00, 0x00,
    0x00, 0x00, 0x00, 0x00, 0x00, 0x00, 0x00, 0x8f, 0xe0, 0x8f, 0xe0, 0x00, 0x00, 0x00, 0x00, 0x00,
    0x00, 0x00, 0x00, 0x00, 0x9f, 0xd0, 0x4f, 0xf4, 0x00, 0x00, 0x00, 0x00, 0x00, 0x00, 0x00, 0x00,
    0x00, 0xcf, 0xb0, 0x0e, 0xfa, 0x00, 0x00, 0x00, 0x00, 0x00, 0x00, 0x00, 0x00, 0x01, 0xff, 0x80,
    0x08, 0xfe, 0x30, 0x00, 0x00, 0x00, 0x00, 0x00, 0x00, 0x00, 0x07, 0xff, 0x30, 0x01, 0xef, 0xb0,
    0x00, 0x00, 0x00, 0x00, 0x00, 0x00, 0x00, 0x2e, 0xfc, 0x00, 0x00, 0x7f, 0xf9, 0x00, 0x00, 0x00,
    0x00, 0x00, 0x00, 0x00, 0xcf, 0xf4, 0x00, 0x00, 0x0b, 0xff, 0x90, 0x00, 0x00, 0x00, 0x00, 0x00,
    0x1b, 0xff, 0x80, 0x00, 0x00, 0x00, 0xbf, 0xfc, 0x40, 0x00, 0x00, 0x00, 0x05, 0xdf, 0xfa, 0x00,
    0x00, 0x00, 0x00, 0x09, 0xff, 0xfd, 0x86, 0x44, 0x69, 0xdf, 0xff, 0x80, 0x00, 0x00, 0x00, 0x00,
    0x00, 0x4c, 0xff, 0xff, 0xff, 0xff, 0xff, 0xb3, 0x00, 0x00, 0x00, 0x00, 0x00, 0x00, 0x00, 0x38,
    0xbd, 0xee, 0xdb, 0x83, 0x00, 0x00, 0x00, 0x00, 0xff, 0x80, 0x00, 0x00, 0x00, 0x00, 0x00, 0x00,
    0x00, 0x0f, 0xf8, 0xff, 0x80, 0x00, 0x00, 0x00, 0x00, 0x00, 0x00, 0x00, 0x0f, 0xf8, 0xff, 0x80,
    0x00, 0x00, 0x00, 0x00, 0x00, 0x00, 0x00, 0x0f, 0xf8, 0xff, 0x80, 0x00, 0x00, 0x00, 0x00, 0x00,
    0x00, 0x00, 0x0f, 0xf8, 0xff, 0x80, 0x00, 0x00, 0x00, 0x00, 0x00, 0x00, 0x00, 0x0f, 0xf8, 0xff,
    0x80, 0x00, 0x00, 0x00, 0x00, 0x00, 0x00, 0x00, 0x0f, 0xf8, 0xff, 0x80, 0x00, 0x00, 0x00, 0x00,
    0x00, 0x00, 0x00, 0x0f, 0xf8, 0xff, 0x80, 0x00, 0x00, 0x00, 0x00, 0x00, 0x00, 0x00, 0x0f, 0xf8,
    0xff, 0x80, 0x00, 0x00, 0x00, 0x00, 0x00, 0x00, 0x00, 0x0f, 0xf8, 0xff, 0x80, 0x00, 0x00, 0x00,
    0x00, 0x00, 0x00, 0x00, 0x0f, 0xf8, 0xff, 0x80, 0x00, 0x00, 0x00, 0x00, 0x00, 0x00, 0x00, 0x0f,
    0xf8, 0xff, 0x80, 0x00, 0x00, 0x00, 0x00, 0x00, 0x00, 0x00, 0x0f, 0xf8, 0xff, 0x80, 0x00, 0x00,
    0x00, 0x00, 0x00, 0x00, 0x00, 0x0f, 0xf8, 0xff, 0xff, 0xff, 0xff, 0xff, 0xff, 0xff, 0xff, 0xff,
    0xff, 0xf8, 0xff, 0xff, 0xff, 0xff, 0xff, 0xff, 0xff, 0xff, 0xff, 0xff, 0xf8, 0xff, 0xa4, 0x44,
    0x44, 0x44, 0x44, 0x44, 0x44, 0x44, 0x4f, 0xf8, 0xff, 0x80, 0x00, 0x00, 0x00, 0x00, 0x00, 0x00,
    0x00, 0x0f, 0xf8, 0xff, 0x80, 0x00, 0x00, 0x00, 0x00, 0x00, 0x00, 0x00, 0x0f, 0xf8, 0xff, 0x80,
    0x00, 0x00, 0x00, 0x00, 0x00, 0x00, 0x00, 0x0f, 0xf8, 0xff, 0x80, 0x00, 0x00, 0x00, 0x00, 0x00,
    0x00, 0x00, 0x0f, 0xf8, 0xff, 0x80, 0x00, 0x00, 0x00, 0x00, 0x00, 0x00, 0x00, 0x0f, 0xf8, 0xff,
    0x80, 0x00, 0x00, 0x00, 0x00, 0x00, 0x00, 0x00, 0x0f, 0xf8, 0xff, 0x80, 0x00, 0x00, 0x00, 0x00,
    0x00, 0x00, 0x00, 0x0f, 0xf8, 0xff, 0x80, 0x00, 0x00, 0x00, 0x00, 0x00, 0x00, 0x00, 0x0f, 0xf8,
    0xff, 0x80, 0x00, 0x00, 0x00, 0x00, 0x00, 0x00, 0x00, 0x0f, 0xf8, 0xff, 0x80, 0x00, 0x00, 0x00,
    0x00, 0x00, 0x00, 0x00, 0x0f, 0xf8, 0xff, 0x80, 0x00, 0x00, 0x00, 0x00, 0x00, 0x00, 0x00, 0x0f,
    0xf8, 0xff, 0x80, 0x00, 0x00, 0x00, 0x00, 0x00, 0x00, 0x00, 0x0f, 0xf8, 0xff, 0x80, 0x00, 0x00,
    0x00, 0x00, 0x00, 0x00, 0x00, 0x0f, 0xf8, 0xff, 0x80, 0xff, 0x80, 0xff, 0x80, 0xff, 0x80, 0xff,
    0x80, 0xff, 0x80, 0xff, 0x80, 0xff, 0x80, 0xff, 0x80, 0xff, 0x80, 0xff, 0x80, 0xff, 0x80, 0xff,
    0x80, 0xff, 0x80, 0xff, 0x80, 0xff, 0x80, 0xff, 0x80, 0xff, 0x80, 0xff, 0x80, 0xff, 0x80, 0xff,
    0x80, 0xff, 0x80, 0xff, 0x80, 0xff, 0x80, 0xff, 0x80, 0xff, 0x80, 0xff, 0x80, 0xff, 0x80, 0xff,
    0x80, 0x00, 0x00, 0x00, 0x00, 0x00, 0x00, 0x00, 0xff, 0x80, 0x00, 0x00, 0x00, 0x00, 0x00, 0x00,
    0x00, 0xff, 0x80, 0x00, 0x00, 0x00, 0x00, 0x00, 0x00, 0x00, 0xff, 0x80, 0x00, 0x00, 0x00, 0x00,
    0x00, 0x00, 0x00, 0xff, 0x80, 0x00, 0x00, 0x00, 0x00, 0x00, 0x00, 0x00, 0xff, 0x80, 0x00, 0x00,
    0x00, 0x00, 0x00, 0x00, 0x00, 0xff, 0x80, 0x00, 0x00, 0x00, 0x00, 0x00, 0x00, 0x00, 0xff, 0x80,
    0x00, 0x00, 0x00, 0x00, 0x00, 0x00, 0x00, 0xff, 0x80, 0x00, 0x00, 0x00, 0x00, 0x00, 0x00, 0x00,
    0xff, 0x80, 0x00, 0x00, 0x00, 0x00, 0x00, 0x00, 0x00, 0xff, 0x80, 0x00, 0x00, 0x00, 0x00, 0x00,
    0x00, 0x00, 0xff, 0x80, 0x00, 0x00, 0x00, 0x00, 0x00, 0x00, 0x00, 0xff, 0x80, 0x00, 0x00, 0x00,
    0x00, 0x00, 0x00, 0x00, 0xff, 0x80, 0x00, 0x00, 0x00, 0x00, 0x00, 0x00, 0x00, 0xff, 0x80, 0x00,
    0x00, 0x00, 0x00, 0x00, 0x00, 0x00, 0xff, 0x80, 0x00, 0x00, 0x00, 0x00, 0x00, 0x00, 0x00, 0xff,
    0x80, 0x00, 0x00, 0x00, 0x00, 0x00, 0x00, 0x00, 0xff, 0x80, 0x00, 0x00, 0x00, 0x00, 0x00, 0x00,
    0x00, 0xff, 0x80, 0x00, 0x00, 0x00, 0x00, 0x00, 0x00, 0x00, 0xff, 0x80, 0xbb, 0x60, 0x00, 0x00,
    0x00, 0x00, 0x00, 0xff, 0x80, 0xff, 0x80, 0x00, 0x00, 0x00, 0x00, 0x00, 0xff, 0x80, 0xef, 0x90,
    0x00, 0x00, 0x00, 0x00, 0x00, 0xff, 0x70, 0xcf, 0xb0, 0x00, 0x00, 0x00, 0x00, 0x03, 0xff, 0x50,
    0x9f, 0xe1, 0x00, 0x00, 0x00, 0x00, 0x07, 0xff, 0x20, 0x4f, 0xf9, 0x00, 0x00, 0x00, 0x00, 0x1e,
    0xfc, 0x00, 0x0b, 0xff, 0x80, 0x00, 0x00, 0x02, 0xcf, 0xf4, 0x00, 0x01, 0xdf, 0xfd, 0x85, 0x46,
    0xae, 0xff, 0x70, 0x00, 0x00, 0x1a, 0xff, 0xff, 0xff, 0xff, 0xe5, 0x00, 0x00, 0x00, 0x00, 0x39,
    0xce, 0xed, 0xb6, 0x10, 0x00, 0x00, 0xff, 0x80, 0x00, 0x00, 0x00, 0x00, 0x00, 0x00, 0x5e, 0xfe,
    0x20, 0xff, 0x80, 0x00, 0x00, 0x00, 0x00, 0x00, 0x04, 0xef, 0xe3, 0x00, 0xff, 0x80, 0x00, 0x00,
    0x00, 0x00, 0x00, 0x3e, 0xfe, 0x40, 0x00, 0xff, 0x80, 0x00, 0x00, 0x00, 0x00, 0x03, 0xef, 0xe4,
    0x00, 0x00, 0xff, 0x80, 0x00, 0x00, 0x00, 0x00, 0x2d, 0xfe, 0x50, 0x00, 0x00, 0xff, 0x80, 0x00,
    0x00, 0x00, 0x01, 0xdf, 0xf6, 0x00, 0x00, 0x00, 0xff, 0x80, 0x00, 0x00, 0x00, 0x1c, 0xff, 0x70,
    0x00, 0x00, 0x00, 0xff, 0x80, 0x00, 0x00, 0x00, 0xcf, 0xf8, 0x00, 0x00, 0x00, 0x00, 0xff, 0x80,
    0x00, 0x00, 0x0b, 0xff, 0x90, 0x00, 0x00, 0x00, 0x00, 0xff, 0x80, 0x00, 0x00, 0xaf, 0xfa, 0x00,
    0x00, 0x00, 0x00, 0x00, 0xff, 0x80, 0x00, 0x09, 0xff, 0xa0, 0x00, 0x00, 0x00, 0x00, 0x00, 0xff,
    0x80, 0x00, 0x8f, 0xfb, 0x00, 0x00, 0x00, 0x00, 0x00, 0x00, 0xff, 0x80, 0x07, 0xff, 0xf1, 0x00,
    0x00, 0x00, 0x00, 0x00, 0x00, 0xff, 0x80, 0x6f, 0xff, 0xf7, 0x00, 0x00, 0x00, 0x00, 0x00, 0x00,
    0xff, 0x85, 0xef, 0xde, 0xfe, 0x30, 0x00, 0x00, 0x00, 0x00, 0x00, 0xff, 0xce, 0xfc, 0x13, 0xef,
    0xc0, 0x00, 0x00, 0x00, 0x00, 0x00, 0xff, 0xff, 0xd1, 0x00, 0x8f, 0xf9, 0x00, 0x00, 0x00, 0x00,
    0x00, 0xff, 0xfd, 0x20, 0x00, 0x0b, 0xff, 0x50, 0x00, 0x00, 0x00, 0x00, 0xff, 0xf2, 0x00, 0x00,
    0x02, 0xef, 0xe1, 0x00, 0x00, 0x00, 0x00, 0xff, 0xb0, 0x00, 0x00, 0x00, 0x5f, 0xfb, 0x00, 0x00,
    0x00, 0x00, 0xff, 0x80, 0x00, 0x00, 0x00, 0x09, 0xff, 0x70, 0x00, 0x00, 0x00, 0xff, 0x80, 0x00,
    0x00, 0x00, 0x00, 0xdf, 0xe3, 0x00, 0x00, 0x00, 0xff, 0x80, 0x00, 0x00, 0x00, 0x00, 0x3e, 0xfc,
    0x00, 0x00, 0x00, 0xff, 0x80, 0x00, 0x00, 0x00, 0x00, 0x07, 0xff, 0x90, 0x00, 0x00, 0xff, 0x80,
    0x00, 0x00, 0x00, 0x00, 0x00, 0xbf, 0xf5, 0x00, 0x00, 0xff, 0x80, 0x00, 0x00, 0x00, 0x00, 0x00,
    0x1e, 0xfe, 0x10, 0x00, 0xff, 0x80, 0x00, 0x00, 0x00, 0x00, 0x00, 0x05, 0xff, 0xb0, 0x00, 0xff,
    0x80, 0x00, 0x00, 0x00, 0x00, 0x00, 0x00, 0x9f, 0xf7, 0x00, 0xff, 0x80, 0x00, 0x00, 0x00, 0x00,
    0x00, 0x00, 0x0d, 0xfe, 0x30, 0xff, 0x80, 0x00, 0x00, 0x00, 0x00, 0x00, 0x00, 0x00, 0xff, 0x80,
    0x00, 0x00, 0x00, 0x00, 0x00, 0x00, 0x00, 0xff, 0x80, 0x00, 0x00, 0x00, 0x00, 0x00, 0x00, 0x00,
    0xff, 0x80, 0x00, 0x00, 0x00, 0x00, 0x00, 0x00, 0x00, 0xff, 0x80, 0x00, 0x00, 0x00, 0x00, 0x00,
    0x00, 0x00, 0xff, 0x80, 0x00, 0x00, 0x00, 0x00, 0x00, 0x00, 0x00, 0xff, 0x80, 0x00, 0x00, 0x00,
    0x00, 0x00, 0x00, 0x00, 0xff, 0x80, 0x00, 0x00, 0x00, 0x00, 0x00, 0x00, 0x00, 0xff, 0x80, 0x00,
    0x00, 0x00, 0x00, 0x00, 0x00, 0x00, 0xff, 0x80, 0x00, 0x00, 0x00, 0x00, 0x00, 0x00, 0x00, 0xff,
    0x80, 0x00, 0x00, 0x00, 0x00, 0x00, 0x00, 0x00, 0xff, 0x80, 0x00, 0x00, 0x00, 0x00, 0x00, 0x00,
    0x00, 0xff, 0x80, 0x00, 0x00, 0x00, 0x00, 0x00, 0x00, 0x00, 0xff, 0x80, 0x00, 0x00, 0x00, 0x00,
    0x00, 0x00, 0x00, 0xff, 0x80, 0x00, 0x00, 0x00, 0x00, 0x00, 0x00, 0x00, 0xff, 0x80, 0x00, 0x00,
    0x00, 0x00, 0x00, 0x00, 0x00, 0xff, 0x80, 0x00, 0x00, 0x00, 0x00, 0x00, 0x00, 0x00, 0xff, 0x80,
    0x00, 0x00, 0x00, 0x00, 0x00, 0x00, 0x00, 0xff, 0x80, 0x00, 0x00, 0x00, 0x00, 0x00, 0x00, 0x00,
    0xff, 0x80, 0x00, 0x00, 0x00, 0x00, 0x00, 0x00, 0x00, 0xff, 0x80, 0x00, 0x00, 0x00, 0x00, 0x00,
    0x00, 0x00, 0xff, 0x80, 0x00, 0x00, 0x00, 0x00, 0x00, 0x00, 0x00, 0xff, 0x80, 0x00, 0x00, 0x00,
    0x00, 0x00, 0x00, 0x00, 0xff, 0x80, 0x00, 0x00, 0x00, 0x00, 0x00, 0x00, 0x00, 0xff, 0x80, 0x00,
    0x00, 0x00, 0x00, 0x00, 0x00, 0x00, 0xff, 0x80, 0x00, 0x00, 0x00, 0x00, 0x00, 0x00, 0x00, 0xff,
    0xa4, 0x44, 0x44, 0x44, 0x44, 0x44, 0x44, 0x40, 0xff, 0xff, 0xff, 0xff, 0xff, 0xff, 0xff, 0xff,
    0xf0, 0xff, 0xff, 0xff, 0xff, 0xff, 0xff, 0xff, 0xff, 0xf0, 0xff, 0xfc, 0x00, 0x00, 0x00, 0x00,
    0x00, 0x00, 0x00, 0x00, 0x00, 0x00, 0xcf, 0xff, 0xff, 0xff, 0x30, 0x00, 0x00, 0x00, 0x00, 0x00,
    0x00, 0x00, 0x00, 0x03, 0xff, 0xff, 0xff, 0xff, 0x90, 0x00, 0x00, 0x00, 0x00, 0x00, 0x00, 0x00,
    0x00, 0x09, 0xff, 0xff, 0xff, 0xff, 0xe1, 0x00, 0x00, 0x00, 0x00, 0x00, 0x00, 0x00, 0x00, 0x1e,
    0xff, 0xff, 0xff, 0xcf, 0xf6, 0x00, 0x00, 0x00, 0x00, 0x00, 0x00, 0x00, 0x00, 0x6f, 0xfb, 0xff,
    0xff, 0x8d, 0xfc, 0x00, 0x00, 0x00, 0x00, 0x00, 0x00, 0x00, 0x00, 0xcf, 0xc8, 0xff, 0xff, 0x87,
    0xff, 0x40, 0x00, 0x00, 0x00, 0x00, 0x00, 0x00, 0x03, 0xff, 0x68, 0xff, 0xff, 0x81, 0xef, 0xa0,
    0x00, 0x00, 0x00, 0x00, 0x00, 0x00, 0x0a, 0xfe, 0x08, 0xff, 0xff, 0x80, 0xaf, 0xe1, 0x00, 0x00,
    0x00, 0x00, 0x00, 0x00, 0x1e, 0xf9, 0x08, 0xff, 0xff, 0x80, 0x4f, 0xf7, 0x00, 0x00, 0x00, 0x00,
    0x00, 0x00, 0x7f, 0xf3, 0x08, 0xff, 0xff, 0x80, 0x0c, 0xfd, 0x00, 0x00, 0x00, 0x00, 0x00, 0x00,
    0xdf, 0xc0, 0x08, 0xff, 0xff, 0x80, 0x06, 0xff, 0x40, 0x00, 0x00, 0x00, 0x00, 0x04, 0xff, 0x50,
    0x08, 0xff, 0xff, 0x80, 0x00, 0xef, 0xb0, 0x00, 0x00, 0x00, 0x00, 0x0a, 0xfe, 0x00, 0x08, 0xff,
    0xff, 0x80, 0x00, 0x9f, 0xf2, 0x00, 0x00, 0x00, 0x00, 0x1e, 0xf8, 0x00, 0x08, 0xff, 0xff, 0x80,
    0x00, 0x2f, 0xf8, 0x00, 0x00, 0x00, 0x00, 0x7f, 0xe2, 0x00, 0x08, 0xff, 0xff, 0x80, 0x00, 0x0b,
    0xfe, 0x00, 0x00, 0x00, 0x00, 0xdf, 0xa0, 0x00, 0x08, 0xff, 0xff, 0x80, 0x00, 0x05, 0xff, 0x50,
    0x00, 0x00, 0x05, 0xff, 0x40, 0x00, 0x08, 0xff, 0xff, 0x80, 0x00, 0x00, 0xdf, 0xc0, 0x00, 0x00,
    0x0b, 0xfd, 0x00, 0x00, 0x08, 0xff, 0xff, 0x80, 0x00, 0x00, 0x7f, 0xf3, 0x00, 0x00, 0x2f, 0xf7,
    0x00, 0x00, 0x08, 0xff, 0xff, 0x80, 0x00, 0x00, 0x1e, 0xf9, 0x00, 0x00, 0x8f, 0xe1, 0x00, 0x00,
    0x08, 0xff, 0xff, 0x80, 0x00, 0x00, 0x0a, 0xfe, 0x10, 0x00, 0xef, 0x90, 0x00, 0x00, 0x08, 0xff,
    0xff, 0x80, 0x00, 0x00, 0x03, 0xff, 0x60, 0x05, 0xff, 0x30, 0x00, 0x00, 0x08, 0xff, 0xff, 0x80,
    0x00, 0x00, 0x00, 0xcf, 0xc0, 0x0b, 0xfc, 0x00, 0x00, 0x00, 0x08, 0xff, 0xff, 0x80, 0x00, 0x00,
    0x00, 0x6f, 0xf3, 0x2f, 0xf5, 0x00, 0x00, 0x00, 0x08, 0xff, 0xff, 0x80, 0x00, 0x00, 0x00, 0x0e,
    0xf9, 0x8f, 0xe0, 0x00, 0x00, 0x00, 0x08, 0xff, 0xff, 0x80, 0x00, 0x00, 0x00, 0x08, 0xfe, 0xef,
    0x80, 0x00, 0x00, 0x00, 0x08, 0xff, 0xff, 0x80, 0x00, 0x00, 0x00, 0x02, 0xff, 0xfe, 0x20, 0x00,
    0x00, 0x00, 0x08, 0xff, 0xff, 0x80, 0x00, 0x00, 0x00, 0x00, 0xbf, 0xfb, 0x00, 0x00, 0x00, 0x00,
    0x08, 0xff, 0xff, 0x80, 0x00, 0x00, 0x00, 0x00, 0x5f, 0xf4, 0x00, 0x00, 0x00, 0x00, 0x08, 0xff,
    0xff, 0xf4, 0x00, 0x00, 0x00, 0x00, 0x00, 0x00, 0x00, 0x00, 0xff, 0x80, 0xff, 0xfd, 0x10, 0x00,
    0x00, 0x00, 0x00, 0x00, 0x00, 0x00, 0xff, 0x80, 0xff, 0xff, 0xa0, 0x00, 0x00, 0x00, 0x00, 0x00,
    0x00, 0x00, 0xff, 0x80, 0xff, 0xff, 0xf5, 0x00, 0x00, 0x00, 0x00, 0x00, 0x00, 0x00, 0xff, 0x80,
    0xff, 0x8c, 0xfd, 0x10, 0x00, 0x00, 0x00, 0x00, 0x00, 0x00, 0xff, 0x80, 0xff, 0x83, 0xef, 0xa0,
    0x00, 0x00, 0x00, 0x00, 0x00, 0x00, 0xff, 0x80, 0xff, 0x80, 0x9f, 0xf5, 0x00, 0x00, 0x00, 0x00,
    0x00, 0x00, 0xff, 0x80, 0xff, 0x80, 0x0d, 0xfe, 0x10, 0x00, 0x00, 0x00, 0x00, 0x00, 0xff, 0x80,
    0xff, 0x80, 0x04, 0xff, 0xa0, 0x00, 0x00, 0x00, 0x00, 0x00, 0xff, 0x80, 0xff, 0x80, 0x00, 0x9f,
    0xf6, 0x00, 0x00, 0x00, 0x00, 0x00, 0xff, 0x80, 0xff, 0x80, 0x00, 0x1d, 0xfe, 0x10, 0x00, 0x00,
    0x00, 0x00, 0xff, 0x80, 0xff, 0x80, 0x00, 0x04, 0xff, 0xb0, 0x00, 0x00, 0x00, 0x00, 0xff, 0x80,
    0xff, 0x80, 0x00, 0x00, 0x9f, 0xf6, 0x00, 0x00, 0x00, 0x00, 0xff, 0x80, 0xff, 0x80, 0x00, 0x00,
    0x0d, 0xfe, 0x20, 0x00, 0x00, 0x00, 0xff, 0x80, 0xff, 0x80, 0x00, 0x00, 0x04, 0xef, 0xb0, 0x00,
    0x00, 0x00, 0xff, 0x80, 0xff, 0x80, 0x00, 0x00, 0x00, 0x8f, 0xf7, 0x00, 0x00, 0x00, 0xff, 0x80,
    0xff, 0x80, 0x00, 0x00, 0x00, 0x0c, 0xfe, 0x20, 0x00, 0x00, 0xff, 0x80, 0xff, 0x80, 0x00, 0x00,
    0x00, 0x03, 0xef, 0xc0, 0x00, 0x00, 0xff, 0x80, 0xff, 0x80, 0x00, 0x00, 0x00, 0x00, 0x8f, 0xf7,
    0x00, 0x00, 0xff, 0x80, 0xff, 0x80, 0x00, 0x00, 0x00, 0x00, 0x0c, 0xfe, 0x20, 0x00, 0xff, 0x80,
    0xff, 0x80, 0x00, 0x00, 0x00, 0x00, 0x03, 0xef, 0xc0, 0x00, 0xff, 0x80, 0xff, 0x80, 0x00, 0x00,
    0x00, 0x00, 0x00, 0x7f, 0xf7, 0x00, 0xff, 0x80, 0xff, 0x80, 0x00, 0x00, 0x00, 0x00, 0x00, 0x0c,
    0xfe, 0x20, 0xff, 0x80, 0xff, 0x80, 0x00, 0x00, 0x00, 0x00, 0x00, 0x02, 0xef, 0xb0, 0xff, 0x80,
    0xff, 0x80, 0x00, 0x00, 0x00, 0x00, 0x00, 0x00, 0x7f, 0xf6, 0xff, 0x80, 0xff, 0x80, 0x00, 0x00,
    0x00, 0x00, 0x00, 0x00, 0x0b, 0xfe, 0xff, 0x80, 0xff, 0x80, 0x00, 0x00, 0x00, 0x00, 0x00, 0x00,
    0x02, 0xef, 0xff, 0x80, 0xff, 0x80, 0x00, 0x00, 0x00, 0x00, 0x00, 0x00, 0x00, 0x6f, 0xff, 0x80,
    0xff, 0x80, 0x00, 0x00, 0x00, 0x00, 0x00, 0x00, 0x00, 0x0b, 0xff, 0x80, 0x00, 0x00, 0x00, 0x00,
    0x48, 0xbd, 0xee, 0xda, 0x61, 0x00, 0x00, 0x00, 0x00, 0x00, 0x00, 0x00, 0x5d, 0xff, 0xff, 0xff,
    0xff, 0xfe, 0x91, 0x00, 0x00, 0x00, 0x00, 0x00, 0x0a, 0xff, 0xfc, 0x85, 0x45, 0x6a, 0xef, 0xfe,
    0x50, 0x00, 0x00, 0x00, 0x01, 0xcf, 0xfc, 0x40, 0x00, 0x00, 0x00, 0x07, 0xef, 0xe6, 0x00, 0x00,
    0x00, 0x0b, 0xff, 0x80, 0x00, 0x00, 0x00, 0x00, 0x00, 0x2d, 0xff, 0x40, 0x00, 0x00, 0x7f, 0xf8,
    0x00, 0x00, 0x00, 0x00, 0x00, 0x00, 0x02, 0xdf, 0xe1, 0x00, 0x02, 0xef, 0xb0, 0x00, 0x00, 0x00,
    0x00, 0x00, 0x00, 0x00, 0x3e, 0xf9, 0x00, 0x09, 0xfe, 0x20, 0x00, 0x00, 0x00, 0x00, 0x00, 0x00,
    0x00, 0x09, 0xfe, 0x20, 0x0e, 0xfa, 0x00, 0x00, 0x00, 0x00, 0x00, 0x00, 0x00, 0x00, 0x02, 0xef,
    0x80, 0x4f, 0xf4, 0x00, 0x00, 0x00, 0x00, 0x00, 0x00, 0x00, 0x00, 0x00, 0xbf, 0xc0, 0x8f, 0xe0,
    0x00, 0x00, 0x00, 0x00, 0x00, 0x00, 0x00, 0x00, 0x00, 0x7f, 0xf1, 0xbf, 0xc0, 0x00, 0x00, 0x00,
    0x00, 0x00, 0x00, 0x00, 0x00, 0x00, 0x3f, 0xf4, 0xdf, 0x90, 0x00, 0x00, 0x00, 0x00, 0x00, 0x00,
    0x00, 0x00, 0x00, 0x1f, 0xf6, 0xef, 0x80, 0x00, 0x00, 0x00, 0x00, 0x00, 0x00, 0x00, 0x00, 0x00,
    0x0f, 0xf7, 0xef, 0x80, 0x00, 0x00, 0x00, 0x00, 0x00, 0x00, 0x00, 0x00, 0x00, 0x0f, 0xf8, 0xef,
    0x80, 0x00, 0x00, 0x00, 0x00, 0x00, 0x00, 0x00, 0x00, 0x00, 0x0f, 0xf7, 0xdf, 0x90, 0x00, 0x00,
    0x00, 0x00, 0x00, 0x00, 0x00, 0x00, 0x00, 0x1f, 0xf6, 0xbf, 0xc0, 0x00, 0x00, 0x00, 0x00, 0x00,
    0x00, 0x00, 0x00, 0x00, 0x3f, 0xf4, 0x8f, 0xe0, 0x00, 0x00, 0x00, 0x00, 0x00, 0x00, 0x00, 0x00,
    0x00, 0x7f, 0xf1, 0x4f, 0xf4, 0x00, 0x00, 0x00, 0x00, 0x00, 0x00, 0x00, 0x00, 0x00, 0xbf, 0xc0,
    0x0e, 0xfa, 0x00, 0x00, 0x00, 0x00, 0x00, 0x00, 0x00, 0x00, 0x02, 0xef, 0x80, 0x09, 0xfe, 0x20,
    0x00, 0x00, 0x00, 0x00, 0x00, 0x00, 0x00, 0x09, 0xfe, 0x20, 0x02, 0xef, 0xb0, 0x00, 0x00, 0x00,
    0x00, 0x00, 0x00, 0x00, 0x3e, 0xf9, 0x00, 0x00, 0x7f, 0xf8, 0x00, 0x00, 0x00, 0x00, 0x00, 0x00,
    0x01, 0xdf, 0xe1, 0x00, 0x00, 0x0b, 0xff, 0x80, 0x00, 0x00, 0x00, 0x00, 0x00, 0x2d, 0xff, 0x40,
    0x00, 0x00, 0x01, 0xcf, 0xfc, 0x30, 0x00, 0x00, 0x00, 0x07, 0xef, 0xf6, 0x00, 0x00, 0x00, 0x00,
    0x0a, 0xff, 0xfc, 0x85, 0x45, 0x6a, 0xef, 0xfe, 0x50, 0x00, 0x00, 0x00, 0x00, 0x00, 0x5d, 0xff,
    0xff, 0xff, 0xff, 0xfe, 0x91, 0x00, 0x00, 0x00, 0x00, 0x00, 0x00, 0x00, 0x48, 0xbd, 0xee, 0xda,
    0x61, 0x00, 0x00, 0x00, 0x00, 0xff, 0xff, 0xff, 0xff, 0xff, 0xed, 0xb8, 0x20, 0x00, 0x00, 0xff,
    0xff, 0xff, 0xff, 0xff, 0xff, 0xff, 0xf9, 0x10, 0x00, 0xff, 0xa4, 0x44, 0x44, 0x44, 0x56, 0x9e,
    0xff, 0xd2, 0x00, 0xff, 0x80, 0x00, 0x00, 0x00, 0x00, 0x00, 0x9f, 0xfc, 0x00, 0xff, 0x80, 0x00,
    0x00, 0x00, 0x00, 0x00, 0x07, 0xff, 0x80, 0xff, 0x80, 0x00, 0x00, 0x00, 0x00, 0x00, 0x00, 0xbf,
    0xe0, 0xff, 0x80, 0x00, 0x00, 0x00, 0x00, 0x00, 0x00, 0x5f, 0xf4, 0xff, 0x80, 0x00, 0x00, 0x00,
    0x00, 0x00, 0x00, 0x2f, 0xf7, 0xff, 0x80, 0x00, 0x00, 0x00, 0x00, 0x00, 0x00, 0x0f, 0xf7, 0xff,
    0x80, 0x00, 0x00, 0x00, 0x00, 0x00, 0x00, 0x1f, 0xf7, 0xff, 0x80, 0x00, 0x00, 0x00, 0x00, 0x00,
    0x00, 0x3f, 0xf5, 0xff, 0x80, 0x00, 0x00, 0x00, 0x00, 0x00, 0x00, 0x9f, 0xf1, 0xff, 0x80, 0x00,
    0x00, 0x00, 0x00, 0x00, 0x04, 0xef, 0xb0, 0xff, 0x80, 0x00, 0x00, 0x00, 0x00, 0x00, 0x4e, 0xfe,
    0x20, 0xff, 0x80, 0x00, 0x00, 0x00, 0x02, 0x5a, 0xff, 0xe4, 0x00, 0xff, 0xff, 0xff, 0xff, 0xff,
    0xff, 0xff, 0xfd, 0x30, 0x00, 0xff, 0xff, 0xff, 0xff, 0xff, 0xff, 0xec, 0x60, 0x00, 0x00, 0xff,
    0xc4, 0x44, 0x44, 0x44, 0x43, 0x00, 0x00, 0x00, 0x00, 0xff, 0x80, 0x00, 0x00, 0x00, 0x00, 0x00,
    0x00, 0x00, 0x00, 0xff, 0x80, 0x00, 0x00, 0x00, 0x00, 0x00, 0x00, 0x00, 0x00, 0xff, 0x80, 0x00,
    0x00, 0x00, 0x00, 0x00, 0x00, 0x00, 0x00, 0xff, 0x80, 0x00, 0x00, 0x00, 0x00, 0x00, 0x00, 0x00,
    0x00, 0xff, 0x80, 0x00, 0x00, 0x00, 0x00, 0x00, 0x00, 0x00, 0x00, 0xff, 0x80, 0x00, 0x00, 0x00,
    0x00, 0x00, 0x00, 0x00, 0x00, 0xff, 0x80, 0x00, 0x00, 0x00, 0x00, 0x00, 0x00, 0x00, 0x00, 0xff,
    0x80, 0x00, 0x00, 0x00, 0x00, 0x00, 0x00, 0x00, 0x00, 0xff, 0x80, 0x00, 0x00, 0x00, 0x00, 0x00,
    0x00, 0x00, 0x00, 0xff, 0x80, 0x00, 0x00, 0x00, 0x00, 0x00, 0x00, 0x00, 0x00, 0xff, 0x80, 0x00,
    0x00, 0x00, 0x00, 0x00, 0x00, 0x00, 0x00, 0x00, 0x00, 0x00, 0x00, 0x48, 0xbd, 0xee, 0xda, 0x61,
    0x00, 0x00, 0x00, 0x00, 0x00, 0x00, 0x00, 0x5d, 0xff, 0xff, 0xff, 0xff, 0xfe, 0x91, 0x00, 0x00,
    0x00, 0x00, 0x00, 0x0a, 0xff, 0xfc, 0x85, 0x45, 0x6a, 0xef, 0xfe, 0x50, 0x00, 0x00, 0x00, 0x01,
    0xcf, 0xfc, 0x30, 0x00, 0x00, 0x00, 0x07, 0xef, 0xe6, 0x00, 0x00, 0x00, 0x0b, 0xff, 0x80, 0x00,
    0x00, 0x00, 0x00, 0x00, 0x2d, 0xff, 0x40, 0x00, 0x00, 0x7f, 0xf8, 0x00, 0x00, 0x00, 0x00, 0x00,
    0x00, 0x01, 0xdf, 0xe1, 0x00, 0x02, 0xef, 0xb0, 0x00, 0x00, 0x00, 0x00, 0x00, 0x00, 0x00, 0x3e,
    0xf9, 0x00, 0x09, 0xfe, 0x20, 0x00, 0x00, 0x00, 0x00, 0x00, 0x00, 0x00, 0x09, 0xfe, 0x20, 0x0e,
    0xf9, 0x00, 0x00, 0x00, 0x00, 0x00, 0x00, 0x00, 0x00, 0x02, 0xef, 0x80, 0x4f, 0xf4, 0x00, 0x00,
    0x00, 0x00, 0x00, 0x00, 0x00, 0x00, 0x00, 0xbf, 0xc0, 0x8f, 0xe0, 0x00, 0x00, 0x00, 0x00, 0x00,
    0x00, 0x00, 0x00, 0x00, 0x6f, 0xf1, 0xbf, 0xb0, 0x00, 0x00, 0x00, 0x00, 0x00, 0x00, 0x00, 0x00,
    0x00, 0x3f, 0xf4, 0xdf, 0x90, 0x00, 0x00, 0x00, 0x00, 0x00, 0x00, 0x00, 0x00, 0x00, 0x1f, 0xf6,
    0xef, 0x80, 0x00, 0x00, 0x00, 0x00, 0x00, 0x00, 0x00, 0x00, 0x00, 0x0f, 0xf7, 0xef, 0x80, 0x00,
    0x00, 0x00, 0x00, 0x00, 0x00, 0x00, 0x00, 0x00, 0x0f, 0xf8, 0xef, 0x80, 0x00, 0x00, 0x00, 0x00,
    0x00, 0x00, 0x00, 0x00, 0x00, 0x0f, 0xf7, 0xdf, 0xa0, 0x00, 0x00, 0x00, 0x00, 0x00, 0x00, 0x00,
    0x00, 0x00, 0x1f, 0xf6, 0xbf, 0xc0, 0x00, 0x00, 0x00, 0x00, 0x00, 0x00, 0x00, 0x00, 0x00, 0x4f,
    0xf4, 0x8f, 0xe0, 0x00, 0x00, 0x00, 0x00, 0x00, 0x00, 0x00, 0x00, 0x00, 0x7f, 0xf1, 0x4f, 0xf4,
    0x00, 0x00, 0x00, 0x00, 0x34, 0x41, 0x00, 0x00, 0x00, 0xbf, 0xc0, 0x0e, 0xfa, 0x00, 0x00, 0x00,
    0x00, 0x3e, 0xfa, 0x00, 0x00, 0x02, 0xff, 0x80, 0x09, 0xff, 0x30, 0x00, 0x00, 0x00, 0x07, 0xff,
    0x70, 0x00, 0x0a, 0xfe, 0x20, 0x02, 0xef, 0xc0, 0x00, 0x00, 0x00, 0x00, 0xaf, 0xe3, 0x00, 0x5f,
    0xf9, 0x00, 0x00, 0x7f, 0xfa, 0x00, 0x00, 0x00, 0x00, 0x1d, 0xfd, 0x13, 0xef, 0xe1, 0x00, 0x00,
    0x0b, 0xff, 0xa1, 0x00, 0x00, 0x00, 0x03, 0xef, 0xfe, 0xff, 0x40, 0x00, 0x00, 0x01, 0xcf, 0xfd,
    0x60, 0x00, 0x00, 0x00, 0x9f, 0xff, 0xf6, 0x00, 0x00, 0x00, 0x00, 0x0a, 0xff, 0xfe, 0xb8, 0x77,
    0x9c, 0xff, 0xff, 0x90, 0x00, 0x00, 0x00, 0x00, 0x00, 0x5d, 0xff, 0xff, 0xff, 0xff, 0xff, 0xff,
    0xd1, 0x00, 0x00, 0x00, 0x00, 0x00, 0x00, 0x48, 0xbd, 0xee, 0xda, 0x61, 0x2e, 0xfb, 0x00, 0x00,
    0x00, 0x00, 0x00, 0x00, 0x00, 0x00, 0x00, 0x00, 0x00, 0x06, 0xff, 0x70, 0x00, 0x00, 0x00, 0x00,
    0x00, 0x00, 0x00, 0x00, 0x00, 0x00, 0x00, 0xaf, 0xe4, 0x00, 0x00, 0x00, 0x00, 0x00, 0x00, 0x00,
    0x00, 0x00, 0x00, 0x00, 0x07, 0x76, 0x00, 0xff, 0xff, 0xff, 0xff, 0xff, 0xee, 0xb8, 0x30, 0x00,
    0x00, 0xff, 0xff, 0xff, 0xff, 0xff, 0xff, 0xff, 0xfa, 0x10, 0x00, 0xff, 0xa4, 0x44, 0x44, 0x44,
    0x56, 0x9e, 0xff, 0xd2, 0x00, 0xff, 0x80, 0x00, 0x00, 0x00, 0x00, 0x00, 0x8e, 0xfc, 0x10, 0xff,
    0x80, 0x00, 0x00, 0x00, 0x00, 0x00, 0x07, 0xff, 0x90, 0xff, 0x80, 0x00, 0x00, 0x00, 0x00, 0x00,
    0x00, 0xbf, 0xe0, 0xff, 0x80, 0x00, 0x00, 0x00, 0x00, 0x00, 0x00, 0x5f, 0xf4, 0xff, 0x80, 0x00,
    0x00, 0x00, 0x00, 0x00, 0x00, 0x2f, 0xf7, 0xff, 0x80, 0x00, 0x00, 0x00, 0x00, 0x00, 0x00, 0x0f,
    0xf7, 0xff, 0x80, 0x00, 0x00, 0x00, 0x00, 0x00, 0x00, 0x1f, 0xf7, 0xff, 0x80, 0x00, 0x00, 0x00,
    0x00, 0x00, 0x00, 0x3f, 0xf5, 0xff, 0x80, 0x00, 0x00, 0x00, 0x00, 0x00, 0x00, 0x9f, 0xe1, 0xff,
    0x80, 0x00, 0x00, 0x00, 0x00, 0x00, 0x03, 0xef, 0xa0, 0xff, 0x80, 0x00, 0x00, 0x00, 0x00, 0x00,
    0x4d, 0xfe, 0x20, 0xff, 0x80, 0x00, 0x00, 0x00, 0x01, 0x4a, 0xef, 0xe4, 0x00, 0xff, 0xff, 0xff,
    0xff, 0xff, 0xff, 0xff, 0xfc, 0x30, 0x00, 0xff, 0xff, 0xff, 0xff, 0xff, 0xff, 0xfe, 0x60, 0x00,
    0x00, 0xff, 0xc4, 0x44, 0x44, 0x44, 0x9f, 0xf9, 0x00, 0x00, 0x00, 0xff, 0x80, 0x00, 0x00, 0x00,
    0x0c, 0xfe, 0x20, 0x00, 0x00, 0xff, 0x80, 0x00, 0x00, 0x00, 0x04, 0xff, 0xa0, 0x00, 0x00, 0xff,
    0x80, 0x00, 0x00, 0x00, 0x00, 0xbf, 0xf3, 0x00, 0x00, 0xff, 0x80, 0x00, 0x00, 0x00, 0x00, 0x2e,
    0xfb, 0x00, 0x00, 0xff, 0x80, 0x00, 0x00, 0x00, 0x00, 0x09, 0xff, 0x50, 0x00, 0xff, 0x80, 0x00,
    0x00, 0x00, 0x00, 0x02, 0xef, 0xc0, 0x00, 0xff, 0x80, 0x00, 0x00, 0x00, 0x00, 0x00, 0x8f, 0xf6,
    0x00, 0xff, 0x80, 0x00, 0x00, 0x00, 0x00, 0x00, 0x1e, 0xfd, 0x00, 0xff, 0x80, 0x00, 0x00, 0x00,
    0x00, 0x00, 0x07, 0xff, 0x70, 0xff, 0x80, 0x00, 0x00, 0x00, 0x00, 0x00, 0x00, 0xdf, 0xe1, 0xff,
    0x80, 0x00, 0x00, 0x00, 0x00, 0x00, 0x00, 0x6f, 0xf8, 0x00, 0x00, 0x02, 0x7b, 0xce, 0xed, 0xb7,
    0x20, 0x00, 0x00, 0x00, 0x00, 0x01, 0xaf, 0xff, 0xff, 0xff, 0xff, 0xf9, 0x10, 0x00, 0x00, 0x00,
    0x3e, 0xff, 0xd9, 0x65, 0x56, 0x9e, 0xff, 0xd2, 0x00, 0x00, 0x02, 0xef, 0xe7, 0x00, 0x00, 0x00,
    0x00, 0x7e, 0xfd, 0x10, 0x00, 0x0b, 0xfe, 0x40, 0x00, 0x00, 0x00, 0x00, 0x05, 0xff, 0x90, 0x00,
    0x2f, 0xf8, 0x00, 0x00, 0x00, 0x00, 0x00, 0x00, 0xaf, 0xe1, 0x00, 0x6f, 0xf2, 0x00, 0x00, 0x00,
    0x00, 0x00, 0x00, 0x4f, 0xf5, 0x00, 0x7f, 0xf0, 0x00, 0x00, 0x00, 0x00, 0x00, 0x00, 0x1f, 0xf7,
    0x00, 0x7f, 0xf2, 0x00, 0x00, 0x00, 0x00, 0x00, 0x00, 0x04, 0x42, 0x00, 0x4f, 0xf7, 0x00, 0x00,
    0x00, 0x00, 0x00, 0x00, 0x00, 0x00, 0x00, 0x0d, 0xfe, 0x50, 0x00, 0x00, 0x00, 0x00, 0x00, 0x00,
    0x00, 0x00, 0x04, 0xef, 0xfa, 0x30, 0x00, 0x00, 0x00, 0x00, 0x00, 0x00, 0x00, 0x00, 0x5e, 0xff,
    0xfc, 0x84, 0x00, 0x00, 0x00, 0x00, 0x00, 0x00, 0x00, 0x02, 0x9e, 0xff, 0xff, 0xeb, 0x73, 0x00,
    0x00, 0x00, 0x00, 0x00, 0x00, 0x01, 0x7b, 0xef, 0xff, 0xff, 0xd7, 0x10, 0x00, 0x00, 0x00, 0x00,
    0x00, 0x00, 0x14, 0x8c, 0xff, 0xff, 0xe6, 0x00, 0x00, 0x00, 0x00, 0x00, 0x00, 0x00, 0x00, 0x16,
    0xcf, 0xff, 0x90, 0x00, 0x00, 0x00, 0x00, 0x00, 0x00, 0x00, 0x00, 0x04, 0xdf, 0xf7, 0x00, 0x00,
    0x00, 0x00, 0x00, 0x00, 0x00, 0x00, 0x00, 0x1d, 0xfe, 0x10, 0x00, 0x00, 0x00, 0x00, 0x00, 0x00,
    0x00, 0x00, 0x05, 0xff, 0x50, 0x9a, 0x50, 0x00, 0x00, 0x00, 0x00, 0x00, 0x00, 0x01, 0xff, 0x70,
    0xdf, 0xa0, 0x00, 0x00, 0x00, 0x00, 0x00, 0x00, 0x00, 0xff, 0x70, 0xbf, 0xd0, 0x00, 0x00, 0x00,
    0x00, 0x00, 0x00, 0x03, 0xff, 0x50, 0x6f, 0xf6, 0x00, 0x00, 0x00, 0x00, 0x00, 0x00, 0x09, 0xfe,
    0x10, 0x0d, 0xfe, 0x30, 0x00, 0x00, 0x00, 0x00, 0x00, 0x5e, 0xf9, 0x00, 0x04, 0xef, 0xe7, 0x00,
    0x00, 0x00, 0x00, 0x19, 0xef, 0xd1, 0x00, 0x00, 0x5e, 0xff, 0xea, 0x65, 0x45, 0x7b, 0xef, 0xfd,
    0x20, 0x00, 0x00, 0x02, 0xbf, 0xff, 0xff, 0xff, 0xff, 0xfe, 0x80, 0x00, 0x00, 0x00, 0x00, 0x02,
    0x7b, 0xde, 0xee, 0xca, 0x61, 0x00, 0x00, 0x00, 0xff, 0xff, 0xff, 0xff, 0xff, 0xff, 0xff, 0xff,
    0xff, 0xff, 0xff, 0xff, 0xff, 0xff, 0xff, 0xff, 0xff, 0xff, 0xff, 0xff, 0xff, 0xff, 0x44, 0x44,
    0x44, 0x44, 0x44, 0xff, 0xa4, 0x44, 0x44, 0x44, 0x44, 0x00, 0x00, 0x00, 0x00, 0x00, 0xff, 0x80,
    0x00, 0x00, 0x00, 0x00, 0x00, 0x00, 0x00, 0x00, 0x00, 0xff, 0x80, 0x00, 0x00, 0x00, 0x00, 0x00,
    0x00, 0x00, 0x00, 0x00, 0xff, 0x80, 0x00, 0x00, 0x00, 0x00, 0x00, 0x00, 0x00, 0x00, 0x00, 0xff,
    0x80, 0x00, 0x00, 0x00, 0x00, 0x00, 0x00, 0x00, 0x00, 0x00, 0xff, 0x80, 0x00, 0x00, 0x00, 0x00,
    0x00, 0x00, 0x00, 0x00, 0x00, 0xff, 0x80, 0x00, 0x00, 0x00, 0x00, 0x00, 0x00, 0x00, 0x00, 0x00,
    0xff, 0x80, 0x00, 0x00, 0x00, 0x00, 0x00, 0x00, 0x00, 0x00, 0x00, 0xff, 0x80, 0x00, 0x00, 0x00,
    0x00, 0x00, 0x00, 0x00, 0x00, 0x00, 0xff, 0x80, 0x00, 0x00, 0x00, 0x00, 0x00, 0x00, 0x00, 0x00,
    0x00, 0xff, 0x80, 0x00, 0x00, 0x00, 0x00, 0x00, 0x00, 0x00, 0x00, 0x00, 0xff, 0x80, 0x00, 0x00,
    0x00, 0x00, 0x00, 0x00, 0x00, 0x00, 0x00, 0xff, 0x80, 0x00, 0x00, 0x00, 0x00, 0x00, 0x00, 0x00,
    0x00, 0x00, 0xff, 0x80, 0x00, 0x00, 0x00, 0x00, 0x00, 0x00, 0x00, 0x00, 0x00, 0xff, 0x80, 0x00,
    0x00, 0x00, 0x00, 0x00, 0x00, 0x00, 0x00, 0x00, 0xff, 0x80, 0x00, 0x00, 0x00, 0x00, 0x00, 0x00,
    0x00, 0x00, 0x00, 0xff, 0x80, 0x00, 0x00, 0x00, 0x00, 0x00, 0x00, 0x00, 0x00, 0x00, 0xff, 0x80,
    0x00, 0x00, 0x00, 0x00, 0x00, 0x00, 0x00, 0x00, 0x00, 0xff, 0x80, 0x00, 0x00, 0x00, 0x00, 0x00,
    0x00, 0x00, 0x00, 0x00, 0xff, 0x80, 0x00, 0x00, 0x00, 0x00, 0x00, 0x00, 0x00, 0x00, 0x00, 0xff,
    0x80, 0x00, 0x00, 0x00, 0x00, 0x00, 0x00, 0x00, 0x00, 0x00, 0xff, 0x80, 0x00, 0x00, 0x00, 0x00,
    0x00, 0x00, 0x00, 0x00, 0x00, 0xff, 0x80, 0x00, 0x00, 0x00, 0x00, 0x00, 0x00, 0x00, 0x00, 0x00,
    0xff, 0x80, 0x00, 0x00, 0x00, 0x00, 0x00, 0x00, 0x00, 0x00, 0x00, 0xff, 0x80, 0x00, 0x00, 0x00,
    0x00, 0x00, 0x00, 0x00, 0x00, 0x00, 0xff, 0x80, 0x00, 0x00, 0x00, 0x00, 0x00, 0x00, 0x00, 0x00,
    0x00, 0xff, 0x80, 0x00, 0x00, 0x00, 0x00, 0xff, 0x80, 0x00, 0x00, 0x00, 0x00, 0x00, 0x00, 0x00,
    0x08, 0xff, 0xff, 0x80, 0x00, 0x00, 0x00, 0x00, 0x00, 0x00, 0x00, 0x08, 0xff, 0xff, 0x80, 0x00,
    0x00, 0x00, 0x00, 0x00, 0x00, 0x00, 0x08, 0xff, 0xff, 0x80, 0x00, 0x00, 0x00, 0x00, 0x00, 0x00,
    0x00, 0x08, 0xff, 0xff, 0x80, 0x00, 0x00, 0x00, 0x00, 0x00, 0x00, 0x00, 0x08, 0xff, 0xff, 0x80,
    0x00, 0x00, 0x00, 0x00, 0x00, 0x00, 0x00, 0x08, 0xff, 0xff, 0x80, 0x00, 0x00, 0x00, 0x00, 0x00,
    0x00, 0x00, 0x08, 0xff, 0xff, 0x80, 0x00, 0x00, 0x00, 0x00, 0x00, 0x00, 0x00, 0x08, 0xff, 0xff,
    0x80, 0x00, 0x00, 0x00, 0x00, 0x00, 0x00, 0x00, 0x08, 0xff, 0xff, 0x80, 0x00, 0x00, 0x00, 0x00,
    0x00, 0x00, 0x00, 0x08, 0xff, 0xff, 0x80, 0x00, 0x00, 0x00, 0x00, 0x00, 0x00, 0x00, 0x08, 0xff,
    0xff, 0x80, 0x00, 0x00, 0x00, 0x00, 0x00, 0x00, 0x00, 0x08, 0xff, 0xff, 0x80, 0x00, 0x00, 0x00,
    0x00, 0x00, 0x00, 0x00, 0x08, 0xff, 0xff, 0x80, 0x00, 0x00, 0x00, 0x00, 0x00, 0x00, 0x00, 0x08,
    0xff, 0xff, 0x80, 0x00, 0x00, 0x00, 0x00, 0x00, 0x00, 0x00, 0x08, 0xff, 0xff, 0x80, 0x00, 0x00,
    0x00, 0x00, 0x00, 0x00, 0x00, 0x08, 0xff, 0xff, 0x80, 0x00, 0x00, 0x00, 0x00, 0x00, 0x00, 0x00,
    0x08, 0xff, 0xff, 0x80, 0x00, 0x00, 0x00, 0x00, 0x00, 0x00, 0x00, 0x08, 0xff, 0xff, 0x80, 0x00,
    0x00, 0x00, 0x00, 0x00, 0x00, 0x00, 0x08, 0xff, 0xef, 0x80, 0x00, 0x00, 0x00, 0x00, 0x00, 0x00,
    0x00, 0x08, 0xfe, 0xdf, 0xa0, 0x00, 0x00, 0x00, 0x00, 0x00, 0x00, 0x00, 0x0a, 0xfc, 0xaf, 0xe0,
    0x00, 0x00, 0x00, 0x00, 0x00, 0x00, 0x00, 0x0e, 0xfa, 0x5f, 0xf6, 0x00, 0x00, 0x00, 0x00, 0x00,
    0x00, 0x00, 0x6f, 0xf5, 0x0d, 0xfe, 0x20, 0x00, 0x00, 0x00, 0x00, 0x00, 0x02, 0xef, 0xd0, 0x04,
    0xff, 0xc2, 0x00, 0x00, 0x00, 0x00, 0x00, 0x2c, 0xff, 0x40, 0x00, 0x8f, 0xfe, 0x50, 0x00, 0x00,
    0x00, 0x05, 0xef, 0xf7, 0x00, 0x00, 0x07, 0xef, 0xfd, 0x96, 0x44, 0x68, 0xdf, 0xfe, 0x70, 0x00,
    0x00, 0x00, 0x3b, 0xff, 0xff, 0xff, 0xff, 0xff, 0xb3, 0x00, 0x00, 0x00, 0x00, 0x00, 0x38, 0xbd,
    0xee, 0xdb, 0x83, 0x00, 0x00, 0x00, 0x6f, 0xf5, 0x00, 0x00, 0x00, 0x00, 0x00, 0x00, 0x00, 0x00,
    0x00, 0xef, 0xb0, 0x1e, 0xfb, 0x00, 0x00, 0x00, 0x00, 0x00, 0x00, 0x00, 0x00, 0x05, 0xff, 0x60,
    0x0a, 0xfe, 0x10, 0x00, 0x00, 0x00, 0x00, 0x00, 0x00, 0x00, 0x0a, 0xfe, 0x10, 0x04, 0xff, 0x70,
    0x00, 0x00, 0x00, 0x00, 0x00, 0x00, 0x00, 0x1e, 0xfa, 0x00, 0x00, 0xdf, 0xc0, 0x00, 0x00, 0x00,
    0x00, 0x00, 0x00, 0x00, 0x6f, 0xf4, 0x00, 0x00, 0x8f, 0xf3, 0x00, 0x00, 0x00, 0x00, 0x00, 0x00,
    0x00, 0xbf, 0xd0, 0x00, 0x00, 0x2f, 0xf8, 0x00, 0x00, 0x00, 0x00, 0x00, 0x00, 0x02, 0xff, 0x80,
    0x00, 0x00, 0x0c, 0xfd, 0x00, 0x00, 0x00, 0x00, 0x00, 0x00, 0x07, 0xff, 0x30, 0x00, 0x00, 0x06,
    0xff, 0x40, 0x00, 0x00, 0x00, 0x00, 0x00, 0x0d, 0xfc, 0x00, 0x00, 0x00, 0x01, 0xef, 0xa0, 0x00,
    0x00, 0x00, 0x00, 0x00, 0x3f, 0xf6, 0x00, 0x00, 0x00, 0x00, 0xaf, 0xe0, 0x00, 0x00, 0x00, 0x00,
    0x00, 0x8f, 0xe1, 0x00, 0x00, 0x00, 0x00, 0x4f, 0xf6, 0x00, 0x00, 0x00, 0x00, 0x00, 0xdf, 0xa0,
    0x00, 0x00, 0x00, 0x00, 0x0d, 0xfb, 0x00, 0x00, 0x00, 0x00, 0x04, 0xff, 0x50, 0x00, 0x00, 0x00,
    0x00, 0x08, 0xff, 0x20, 0x00, 0x00, 0x00, 0x0a, 0xfe, 0x00, 0x00, 0x00, 0x00, 0x00, 0x03, 0xff,
    0x70, 0x00, 0x00, 0x00, 0x0e, 0xf9, 0x00, 0x00, 0x00, 0x00, 0x00, 0x00, 0xcf, 0xd0, 0x00, 0x00,
    0x00, 0x5f, 0xf3, 0x00, 0x00, 0x00, 0x00, 0x00, 0x00, 0x7f, 0xf3, 0x00, 0x00, 0x00, 0xbf, 0xd0,
    0x00, 0x00, 0x00, 0x00, 0x00, 0x00, 0x1e, 0xf9, 0x00, 0x00, 0x01, 0xef, 0x70, 0x00, 0x00, 0x00,
    0x00, 0x00, 0x00, 0x0a, 0xfe, 0x00, 0x00, 0x07, 0xff, 0x20, 0x00, 0x00, 0x00, 0x00, 0x00, 0x00,
    0x05, 0xff, 0x40, 0x00, 0x0c, 0xfb, 0x00, 0x00, 0x00, 0x00, 0x00, 0x00, 0x00, 0x00, 0xef, 0xa0,
    0x00, 0x2f, 0xf6, 0x00, 0x00, 0x00, 0x00, 0x00, 0x00, 0x00, 0x00, 0x9f, 0xe0, 0x00, 0x7f, 0xe0,
    0x00, 0x00, 0x00, 0x00, 0x00, 0x00, 0x00, 0x00, 0x3f, 0xf5, 0x00, 0xcf, 0x90, 0x00, 0x00, 0x00,
    0x00, 0x00, 0x00, 0x00, 0x00, 0x0c, 0xfa, 0x03, 0xff, 0x40, 0x00, 0x00, 0x00, 0x00, 0x00, 0x00,
    0x00, 0x00, 0x07, 0xfe, 0x18, 0xfd, 0x00, 0x00, 0x00, 0x00, 0x00, 0x00, 0x00, 0x00, 0x00, 0x01,
    0xef, 0x5d, 0xf8, 0x00, 0x00, 0x00, 0x00, 0x00, 0x00, 0x00, 0x00, 0x00, 0x00, 0xbf, 0xdf, 0xf2,
    0x00, 0x00, 0x00, 0x00, 0x00, 0x00, 0x00, 0x00, 0x00, 0x00, 0x5f, 0xff, 0xc0, 0x00, 0x00, 0x00,
    0x00, 0x00, 0x00, 0x00, 0x00, 0x00, 0x00, 0x0e, 0xff, 0x60, 0x00, 0x00, 0x00, 0x00, 0x00, 0x7f,
    0xf2, 0x00, 0x00, 0x00, 0x00, 0x00, 0x00, 0x2f, 0xff, 0x30, 0x00, 0x00, 0x00, 0x00, 0x00, 0x02,
    0xff, 0x80, 0x3f, 0xf6, 0x00, 0x00, 0x00, 0x00, 0x00, 0x00, 0x6f, 0xff, 0x70, 0x00, 0x00, 0x00,
    0x00, 0x00, 0x06, 0xff, 0x40, 0x0d, 0xfa, 0x00, 0x00, 0x00, 0x00, 0x00, 0x00, 0xbf, 0xff, 0xb0,
    0x00, 0x00, 0x00, 0x00, 0x00, 0x0a, 0xfe, 0x00, 0x09, 0xfe, 0x00, 0x00, 0x00, 0x00, 0x00, 0x00,
    0xef, 0xcf, 0xe1, 0x00, 0x00, 0x00, 0x00, 0x00, 0x0e, 0xfa, 0x00, 0x05, 0xff, 0x30, 0x00, 0x00,
    0x00, 0x00, 0x04, 0xff, 0x5f, 0xf4, 0x00, 0x00, 0x00, 0x00, 0x00, 0x3f, 0xf6, 0x00, 0x01, 0xff,
    0x70, 0x00, 0x00, 0x00, 0x00, 0x08, 0xfe, 0x0d, 0xf8, 0x00, 0x00, 0x00, 0x00, 0x00, 0x7f, 0xf2,
    0x00, 0x00, 0xcf, 0xb0, 0x00, 0x00, 0x00, 0x00, 0x0c, 0xfa, 0x0a, 0xfc, 0x00, 0x00, 0x00, 0x00,
    0x00, 0xbf, 0xd0, 0x00, 0x00, 0x8f, 0xe0, 0x00, 0x00, 0x00, 0x00, 0x1f, 0xf6, 0x06, 0xff, 0x10,
    0x00, 0x00, 0x00, 0x00, 0xef, 0x90, 0x00, 0x00, 0x4f, 0xf4, 0x00, 0x00, 0x00, 0x00, 0x5f, 0xf3,
    0x02, 0xff, 0x50, 0x00, 0x00, 0x00, 0x04, 0xff, 0x40, 0x00, 0x00, 0x0e, 0xf7, 0x00, 0x00, 0x00,
    0x00, 0x9f, 0xe0, 0x00, 0xdf, 0x90, 0x00, 0x00, 0x00, 0x08, 0xfe, 0x00, 0x00, 0x00, 0x0a, 0xfb,
    0x00, 0x00, 0x00, 0x00, 0xdf, 0xa0, 0x00, 0x9f, 0xd0, 0x00, 0x00, 0x00, 0x0c, 0xfb, 0x00, 0x00,
    0x00, 0x06, 0xfe, 0x00, 0x00, 0x00, 0x03, 0xff, 0x60, 0x00, 0x5f, 0xf2, 0x00, 0x00, 0x00, 0x1f,
    0xf7, 0x00, 0x00, 0x00, 0x02, 0xff, 0x40, 0x00, 0x00, 0x07, 0xff, 0x20, 0x00, 0x1e, 0xf6, 0x00,
    0x00, 0x00, 0x5f, 0xf3, 0x00, 0x00, 0x00, 0x00, 0xdf, 0x80, 0x00, 0x00, 0x0b, 0xfc, 0x00, 0x00,
    0x0c, 0xfa, 0x00, 0x00, 0x00, 0x9f, 0xd0, 0x00, 0x00, 0x00, 0x00, 0x9f, 0xc0, 0x00, 0x00, 0x0e,
    0xf8, 0x00, 0x00, 0x07, 0xfe, 0x00, 0x00, 0x00, 0xdf, 0x90, 0x00, 0x00, 0x00, 0x00, 0x5f, 0xf1,
    0x00, 0x00, 0x4f, 0xf4, 0x00, 0x00, 0x03, 0xff, 0x30, 0x00, 0x02, 0xff, 0x50, 0x00, 0x00, 0x00,
    0x00, 0x1e, 0xf5, 0x00, 0x00, 0x8f, 0xe0, 0x00, 0x00, 0x00, 0xef, 0x70, 0x00, 0x06, 0xff, 0x10,
    0x00, 0x00, 0x00, 0x00, 0x0b, 0xf9, 0x00, 0x00, 0xcf, 0xb0, 0x00, 0x00, 0x00, 0xaf, 0xb0, 0x00,
    0x0a, 0xfc, 0x00, 0x00, 0x00, 0x00, 0x00, 0x07, 0xfd, 0x00, 0x01, 0xff, 0x70, 0x00, 0x00, 0x00,
    0x6f, 0xe1, 0x00, 0x0e, 0xf8, 0x00, 0x00, 0x00, 0x00, 0x00, 0x03, 0xff, 0x20, 0x05, 0xff, 0x30,
    0x00, 0x00, 0x00, 0x2f, 0xf4, 0x00, 0x3f, 0xf4, 0x00, 0x00, 0x00, 0x00, 0x00, 0x00, 0xef, 0x50,
    0x09, 0xfe, 0x00, 0x00, 0x00, 0x00, 0x0d, 0xf8, 0x00, 0x7f, 0xe0, 0x00, 0x00, 0x00, 0x00, 0x00,
    0x00, 0xaf, 0x90, 0x0d, 0xfa, 0x00, 0x00, 0x00, 0x00, 0x09, 0xfc, 0x00, 0xbf, 0xa0, 0x00, 0x00,
    0x00, 0x00, 0x00, 0x00, 0x5f, 0xd0, 0x2f, 0xf6, 0x00, 0x00, 0x00, 0x00, 0x05, 0xff, 0x10, 0xef,
    0x60, 0x00, 0x00, 0x00, 0x00, 0x00, 0x00, 0x1f, 0xf2, 0x6f, 0xf1, 0x00, 0x00, 0x00, 0x00, 0x01,
    0xef, 0x54, 0xff, 0x20, 0x00, 0x00, 0x00, 0x00, 0x00, 0x00, 0x0c, 0xf5, 0x9f, 0xc0, 0x00, 0x00,
    0x00, 0x00, 0x00, 0xbf, 0x87, 0xfd, 0x00, 0x00, 0x00, 0x00, 0x00, 0x00, 0x00, 0x08, 0xf9, 0xcf,
    0x80, 0x00, 0x00, 0x00, 0x00, 0x00, 0x7f, 0xcb, 0xf9, 0x00, 0x00, 0x00, 0x00, 0x00, 0x00, 0x00,
    0x04, 0xfc, 0xef, 0x40, 0x00, 0x00, 0x00, 0x00, 0x00, 0x3f, 0xff, 0xf5, 0x00, 0x00, 0x00, 0x00,
    0x00, 0x00, 0x00, 0x00, 0xee, 0xfe, 0x00, 0x00, 0x00, 0x00, 0x00, 0x00, 0x0e, 0xff, 0xe1, 0x00,
    0x00, 0x00, 0x00, 0x00, 0x00, 0x00, 0x00, 0xbf, 0xfb, 0x00, 0x00, 0x00, 0x00, 0x00, 0x00, 0x0a,
    0xff, 0xb0, 0x00, 0x00, 0x00, 0x00, 0x04, 0xef, 0xb0, 0x00, 0x00, 0x00, 0x00, 0x00, 0x00, 0x00,
    0x3e, 0xfb, 0x00, 0x00, 0x8f, 0xf7, 0x00, 0x00, 0x00, 0x00, 0x00, 0x00, 0x00, 0xdf, 0xe1, 0x00,
    0x00, 0x0c, 0xfe, 0x20, 0x00, 0x00, 0x00, 0x00, 0x00, 0x09, 0xff, 0x50, 0x00, 0x00, 0x02, 0xef,
    0xc0, 0x00, 0x00, 0x00, 0x00, 0x00, 0x4f, 0xf9, 0x00, 0x00, 0x00, 0x00, 0x7f, 0xf8, 0x00, 0x00,
    0x00, 0x00, 0x01, 0xdf, 0xd1, 0x00, 0x00, 0x00, 0x00, 0x0b, 0xfe, 0x30, 0x00, 0x00, 0x00, 0x0a,
    0xfe, 0x30, 0x00, 0x00, 0x00, 0x00, 0x01, 0xef, 0xc0, 0x00, 0x00, 0x00, 0x6f, 0xf8, 0x00, 0x00,
    0x00, 0x00, 0x00, 0x00, 0x5f, 0xf8, 0x00, 0x00, 0x02, 0xef, 0xc0, 0x00, 0x00, 0x00, 0x00, 0x00,
    0x00, 0x0a, 0xfe, 0x40, 0x00, 0x0b, 0xfe, 0x20, 0x00, 0x00, 0x00, 0x00, 0x00, 0x00, 0x01, 0xdf,
    0xd0, 0x00, 0x6f, 0xf6, 0x00, 0x00, 0x00, 0x00, 0x00, 0x00, 0x00, 0x00, 0x4f, 0xf9, 0x02, 0xef,
    0xa0, 0x00, 0x00, 0x00, 0x00, 0x00, 0x00, 0x00, 0x00, 0x08, 0xff, 0x4b, 0xfd, 0x10, 0x00, 0x00,
    0x00, 0x00, 0x00, 0x00, 0x00, 0x00, 0x00, 0xcf, 0xff, 0xf4, 0x00, 0x00, 0x00, 0x00, 0x00, 0x00,
    0x00, 0x00, 0x00, 0x00, 0x3f, 0xff, 0x90, 0x00, 0x00, 0x00, 0x00, 0x00, 0x00, 0x00, 0x00, 0x00,
    0x00, 0x0f, 0xff, 0x70, 0x00, 0x00, 0x00, 0x00, 0x00, 0x00, 0x00, 0x00, 0x00, 0x00, 0x9f, 0xff,
    0xe2, 0x00, 0x00, 0x00, 0x00, 0x00, 0x00, 0x00, 0x00, 0x00, 0x04, 0xff, 0x9e, 0xfc, 0x00, 0x00,
    0x00, 0x00, 0x00, 0x00, 0x00, 0x00, 0x00, 0x1d, 0xfc, 0x05, 0xff, 0x80, 0x00, 0x00, 0x00, 0x00,
    0x00, 0x00, 0x00, 0x00, 0xaf, 0xe2, 0x00, 0xaf, 0xe3, 0x00, 0x00, 0x00, 0x00, 0x00, 0x00, 0x00,
    0x06, 0xff, 0x60, 0x00, 0x1d, 0xfd, 0x00, 0x00, 0x00, 0x00, 0x00, 0x00, 0x00, 0x2e, 0xfb, 0x00,
    0x00, 0x05, 0xff, 0x90, 0x00, 0x00, 0x00, 0x00, 0x00, 0x00, 0xcf, 0xe2, 0x00, 0x00, 0x00, 0xaf,
    0xf5, 0x00, 0x00, 0x00, 0x00, 0x00, 0x08, 0xff, 0x50, 0x00, 0x00, 0x00, 0x1d, 0xfe, 0x10, 0x00,
    0x00, 0x00, 0x00, 0x4e, 0xfa, 0x00, 0x00, 0x00, 0x00, 0x04, 0xff, 0xb0, 0x00, 0x00, 0x00, 0x01,
    0xdf, 0xd1, 0x00, 0x00, 0x00, 0x00, 0x00, 0x8f, 0xf6, 0x00, 0x00, 0x00, 0x0a, 0xff, 0x40, 0x00,
    0x00, 0x00, 0x00, 0x00, 0x0c, 0xfe, 0x20, 0x00, 0x00, 0x5f, 0xf9, 0x00, 0x00, 0x00, 0x00, 0x00,
    0x00, 0x03, 0xef, 0xc0, 0x00, 0x02, 0xef, 0xd0, 0x00, 0x00, 0x00, 0x00, 0x00, 0x00, 0x00, 0x7f,
    0xf7, 0x00, 0x0b, 0xfe, 0x30, 0x00, 0x00, 0x00, 0x00, 0x00, 0x00, 0x00, 0x0b, 0xfe, 0x30, 0x7f,
    0xf8, 0x00, 0x00, 0x00, 0x00, 0x00, 0x00, 0x00, 0x00, 0x1e, 0xfe, 0x10, 0x0c, 0xfe, 0x30, 0x00,
    0x00, 0x00, 0x00, 0x00, 0x00, 0x00, 0xaf, 0xf5, 0x00, 0x03, 0xef, 0xc0, 0x00, 0x00, 0x00, 0x00,
    0x00, 0x00, 0x05, 0xff, 0xa0, 0x00, 0x00, 0x8f, 0xf7, 0x00, 0x00, 0x00, 0x00, 0x00, 0x00, 0x1d,
    0xfe, 0x10, 0x00, 0x00, 0x0c, 0xfe, 0x20, 0x00, 0x00, 0x00, 0x00, 0x00, 0x9f, 0xf6, 0x00, 0x00,
    0x00, 0x03, 0xef, 0xc0, 0x00, 0x00, 0x00, 0x00, 0x04, 0xff, 0xb0, 0x00, 0x00, 0x00, 0x00, 0x8f,
    0xf7, 0x00, 0x00, 0x00, 0x00, 0x0d, 0xfe, 0x10, 0x00, 0x00, 0x00, 0x00, 0x0c, 0xfe, 0x20, 0x00,
    0x00, 0x00, 0x8f, 0xf6, 0x00, 0x00, 0x00, 0x00, 0x00, 0x03, 0xef, 0xb0, 0x00, 0x00, 0x03, 0xef,
    0xb0, 0x00, 0x00, 0x00, 0x00, 0x00, 0x00, 0x8f, 0xf6, 0x00, 0x00, 0x0c, 0xfe, 0x20, 0x00, 0x00,
    0x00, 0x00, 0x00, 0x00, 0x0d, 0xfe, 0x10, 0x00, 0x7f, 0xf6, 0x00, 0x00, 0x00, 0x00, 0x00, 0x00,
    0x00, 0x04, 0xff, 0xa0, 0x02, 0xef, 0xb0, 0x00, 0x00, 0x00, 0x00, 0x00, 0x00, 0x00, 0x00, 0x9f,
    0xf5, 0x0b, 0xfe, 0x20, 0x00, 0x00, 0x00, 0x00, 0x00, 0x00, 0x00, 0x00, 0x0d, 0xfd, 0x6f, 0xf7,
    0x00, 0x00, 0x00, 0x00, 0x00, 0x00, 0x00, 0x00, 0x00, 0x04, 0xff, 0xff, 0xc0, 0x00, 0x00, 0x00,
    0x00, 0x00, 0x00, 0x00, 0x00, 0x00, 0x00, 0x9f, 0xfe, 0x20, 0x00, 0x00, 0x00, 0x00, 0x00, 0x00,
    0x00, 0x00, 0x00, 0x00, 0x1f, 0xf9, 0x00, 0x00, 0x00, 0x00, 0x00, 0x00, 0x00, 0x00, 0x00, 0x00,
    0x00, 0x0f, 0xf8, 0x00, 0x00, 0x00, 0x00, 0x00, 0x00, 0x00, 0x00, 0x00, 0x00, 0x00, 0x0f, 0xf8,
    0x00, 0x00, 0x00, 0x00, 0x00, 0x00, 0x00, 0x00, 0x00, 0x00, 0x00, 0x0f, 0xf8, 0x00, 0x00, 0x00,
    0x00, 0x00, 0x00, 0x00, 0x00, 0x00, 0x00, 0x00, 0x0f, 0xf8, 0x00, 0x00, 0x00, 0x00, 0x00, 0x00,
    0x00, 0x00, 0x00, 0x00, 0x00, 0x0f, 0xf8, 0x00, 0x00, 0x00, 0x00, 0x00, 0x00, 0x00, 0x00, 0x00,
    0x00, 0x00, 0x0f, 0xf8, 0x00, 0x00, 0x00, 0x00, 0x00, 0x00, 0x00, 0x00, 0x00, 0x00, 0x00, 0x0f,
    0xf8, 0x00, 0x00, 0x00, 0x00, 0x00, 0x00, 0x00, 0x00, 0x00, 0x00, 0x00, 0x0f, 0xf8, 0x00, 0x00,
    0x00, 0x00, 0x00, 0x00, 0x00, 0x00, 0x00, 0x00, 0x00, 0x0f, 0xf8, 0x00, 0x00, 0x00, 0x00, 0x00,
    0x00, 0x00, 0x00, 0x00, 0x00, 0x00, 0x0f, 0xf8, 0x00, 0x00, 0x00, 0x00, 0x00, 0x00, 0x00, 0x00,
    0x00, 0x00, 0x00, 0x0f, 0xf8, 0x00, 0x00, 0x00, 0x00, 0x00, 0x00, 0x00, 0x00, 0x00, 0x00, 0x00,
    0x0f, 0xf8, 0x00, 0x00, 0x00, 0x00, 0x00, 0x00, 0x0f, 0xff, 0xff, 0xff, 0xff, 0xff, 0xff, 0xff,
    0xff, 0xff, 0xff, 0x0f, 0xff, 0xff, 0xff, 0xff, 0xff, 0xff, 0xff, 0xff, 0xff, 0xff, 0x04, 0x44,
    0x44, 0x44, 0x44, 0x44, 0x44, 0x44, 0x44, 0x8f, 0xfb, 0x00, 0x00, 0x00, 0x00, 0x00, 0x00, 0x00,
    0x00, 0x02, 0xef, 0xd1, 0x00, 0x00, 0x00, 0x00, 0x00, 0x00, 0x00, 0x00, 0x0c, 0xfe, 0x40, 0x00,
    0x00, 0x00, 0x00, 0x00, 0x00, 0x00, 0x00, 0x9f, 0xf7, 0x00, 0x00, 0x00, 0x00, 0x00, 0x00, 0x00,
    0x00, 0x06, 0xff, 0xb0, 0x00, 0x00, 0x00, 0x00, 0x00, 0x00, 0x00, 0x00, 0x3e, 0xfd, 0x10, 0x00,
    0x00, 0x00, 0x00, 0x00, 0x00, 0x00, 0x01, 0xdf, 0xe3, 0x00, 0x00, 0x00, 0x00, 0x00, 0x00, 0x00,
    0x00, 0x0a, 0xff, 0x70, 0x00, 0x00, 0x00, 0x00, 0x00, 0x00, 0x00, 0x00, 0x7f, 0xfa, 0x00, 0x00,
    0x00, 0x00, 0x00, 0x00, 0x00, 0x00, 0x04, 0xef, 0xd1, 0x00, 0x00, 0x00, 0x00, 0x00, 0x00, 0x00,
    0x00, 0x1d, 0xfe, 0x30, 0x00, 0x00, 0x00, 0x00, 0x00, 0x00, 0x00, 0x00, 0xbf, 0xf7, 0x00, 0x00,
    0x00, 0x00, 0x00, 0x00, 0x00, 0x00, 0x08, 0xff, 0xa0, 0x00, 0x00, 0x00, 0x00, 0x00, 0x00, 0x00,
    0x00, 0x5f, 0xfd, 0x10, 0x00, 0x00, 0x00, 0x00, 0x00, 0x00, 0x00, 0x02, 0xef, 0xe3, 0x00, 0x00,
    0x00, 0x00, 0x00, 0x00, 0x00, 0x00, 0x0c, 0xff, 0x60, 0x00, 0x00, 0x00, 0x00, 0x00, 0x00, 0x00,
    0x00, 0x9f, 0xfa, 0x00, 0x00, 0x00, 0x00, 0x00, 0x00, 0x00, 0x00, 0x06, 0xff, 0xc0, 0x00, 0x00,
    0x00, 0x00, 0x00, 0x00, 0x00, 0x00, 0x3e, 0xfe, 0x20, 0x00, 0x00, 0x00, 0x00, 0x00, 0x00, 0x00,
    0x01, 0xdf, 0xf6, 0x00, 0x00, 0x00, 0x00, 0x00, 0x00, 0x00, 0x00, 0x0a, 0xff, 0x90, 0x00, 0x00,
    0x00, 0x00, 0x00, 0x00, 0x00, 0x00, 0x7f, 0xfc, 0x00, 0x00, 0x00, 0x00, 0x00, 0x00, 0x00, 0x00,
    0x04, 0xef, 0xe2, 0x00, 0x00, 0x00, 0x00, 0x00, 0x00, 0x00, 0x00, 0x1d, 0xff, 0x50, 0x00, 0x00,
    0x00, 0x00, 0x00, 0x00, 0x00, 0x00, 0xbf, 0xfc, 0x44, 0x44, 0x44, 0x44, 0x44, 0x44, 0x44, 0x44,
    0x44, 0xff, 0xff, 0xff, 0xff, 0xff, 0xff, 0xff, 0xff, 0xff, 0xff, 0xff, 0xff, 0xff, 0xff, 0xff,
    0xff, 0xff, 0xff, 0xff, 0xff, 0xff, 0xff, 0x00, 0x00, 0x27, 0xbd, 0xee, 0xc8, 0x30, 0x00, 0x00,
    0x00, 0x08, 0xef, 0xff, 0xff, 0xff, 0xfa, 0x10, 0x00, 0x00, 0xbf, 0xfe, 0x96, 0x45, 0x8d, 0xff,
    0xd1, 0x00, 0x0a, 0xff, 0x90, 0x00, 0x00, 0x00, 0x8f, 0xfa, 0x00, 0x2f, 0xfa, 0x00, 0x00, 0x00,
    0x00, 0x09, 0xff, 0x20, 0x6f, 0xf2, 0x00, 0x00, 0x00, 0x00, 0x02, 0xff, 0x60, 0x37, 0x70, 0x00,
    0x00, 0x00, 0x00, 0x00, 0xff, 0x70, 0x00, 0x00, 0x00, 0x00, 0x00, 0x00, 0x02, 0xff, 0x80, 0x00,
    0x00, 0x00, 0x00, 0x00, 0x24, 0x7d, 0xff, 0x80, 0x00, 0x00, 0x15, 0x8b, 0xde, 0xff, 0xfe, 0xff,
    0x80, 0x00, 0x4b, 0xff, 0xff, 0xff, 0xeb, 0x72, 0xff, 0x80, 0x08, 0xff, 0xfc, 0x85, 0x31, 0x00,
    0x00, 0xff, 0x80, 0x5f, 0xfc, 0x30, 0x00, 0x00, 0x00, 0x00, 0xff, 0x80, 0xbf, 0xe1, 0x00, 0x00,
    0x00, 0x00, 0x01, 0xff, 0x80, 0xef, 0x90, 0x00, 0x00, 0x00, 0x00, 0x03, 0xff, 0x80, 0xef, 0x90,
    0x00, 0x00, 0x00, 0x00, 0x09, 0xff, 0x80, 0xcf, 0xc0, 0x00, 0x00, 0x00, 0x00, 0x4e, 0xff, 0x80,
    0x6f, 0xf9, 0x00, 0x00, 0x00, 0x05, 0xec, 0xff, 0x80, 0x0c, 0xff, 0xd8, 0x54, 0x58, 0xdf, 0xe3,
    0xff, 0x80, 0x01, 0xaf, 0xff, 0xff, 0xff, 0xfd, 0x30, 0xff, 0x80, 0x00, 0x04, 0x9c, 0xee, 0xda,
    0x60, 0x00, 0xff, 0x80, 0xff, 0x80, 0x00, 0x00, 0x00, 0x00, 0x00, 0x00, 0x00, 0x00, 0xff, 0x80,
    0x00, 0x00, 0x00, 0x00, 0x00, 0x00, 0x00, 0x00, 0xff, 0x80, 0x00, 0x00, 0x00, 0x00, 0x00, 0x00,
    0x00, 0x00, 0xff, 0x80, 0x00, 0x00, 0x00, 0x00, 0x00, 0x00, 0x00, 0x00, 0xff, 0x80, 0x00, 0x00,
    0x00, 0x00, 0x00, 0x00, 0x00, 0x00, 0xff, 0x80, 0x00, 0x00, 0x00, 0x00, 0x00, 0x00, 0x00, 0x00,
    0xff, 0x80, 0x00, 0x00, 0x00, 0x00, 0x00, 0x00, 0x00, 0x00, 0xff, 0x80, 0x00, 0x00, 0x00, 0x00,
    0x00, 0x00, 0x00, 0x00, 0xff, 0x80, 0x00, 0x6a, 0xde, 0xeb, 0x71, 0x00, 0x00, 0x00, 0xff, 0x80,
    0x3d, 0xff, 0xff, 0xff, 0xfe, 0x70, 0x00, 0x00, 0xff, 0x84, 0xef, 0xd8, 0x55, 0x6a, 0xef, 0xf9,
    0x00, 0x00, 0xff, 0x9d, 0xf8, 0x00, 0x00, 0x00, 0x2c, 0xff, 0x70, 0x00, 0xff, 0xef, 0x70, 0x00,
    0x00, 0x00, 0x00, 0xcf, 0xe2, 0x00, 0xff, 0xfb, 0x00, 0x00, 0x00, 0x00, 0x00, 0x3e, 0xf9, 0x00,
    0xff, 0xf4, 0x00, 0x00, 0x00, 0x00, 0x00, 0x0b, 0xfe, 0x00, 0xff, 0xe0, 0x00, 0x00, 0x00, 0x00,
    0x00, 0x06, 0xff, 0x30, 0xff, 0xa0, 0x00, 0x00, 0x00, 0x00, 0x00, 0x02, 0xff, 0x60, 0xff, 0x90,
    0x00, 0x00, 0x00, 0x00, 0x00, 0x01, 0xff, 0x70, 0xff, 0x80, 0x00, 0x00, 0x00, 0x00, 0x00, 0x00,
    0xff, 0x80, 0xff, 0x90, 0x00, 0x00, 0x00, 0x00, 0x00, 0x01, 0xff, 0x70, 0xff, 0xa0, 0x00, 0x00,
    0x00, 0x00, 0x00, 0x02, 0xff, 0x60, 0xff, 0xe0, 0x00, 0x00, 0x00, 0x00, 0x00, 0x06, 0xff, 0x30,
    0xff, 0xf4, 0x00, 0x00, 0x00, 0x00, 0x00, 0x0a, 0xfe, 0x00, 0xff, 0xfb, 0x00, 0x00, 0x00, 0x00,
    0x00, 0x3e, 0xf9, 0x00, 0xff, 0xef, 0x60, 0x00, 0x00, 0x00, 0x00, 0xcf, 0xe2, 0x00, 0xff, 0x9e,
    0xf7, 0x00, 0x00, 0x00, 0x2c, 0xff, 0x70, 0x00, 0xff, 0x84, 0xef, 0xd8, 0x65, 0x6a, 0xef, 0xf9,
    0x00, 0x00, 0xff, 0x80, 0x3d, 0xff, 0xff, 0xff, 0xfe, 0x70, 0x00, 0x00, 0xff, 0x80, 0x00, 0x6a,
    0xde, 0xeb, 0x71, 0x00, 0x00, 0x00, 0x00, 0x00, 0x02, 0x8c, 0xee, 0xdb, 0x71, 0x00, 0x00, 0x00,
    0x00, 0x9e, 0xff, 0xff, 0xff, 0xfe, 0x70, 0x00, 0x00, 0x1c, 0xff, 0xd8, 0x54, 0x59, 0xef, 0xfa,
    0x00, 0x00, 0xbf, 0xf8, 0x00, 0x00, 0x00, 0x1a, 0xff, 0x70, 0x07, 0xff, 0x70, 0x00, 0x00, 0x00,
    0x00, 0xbf, 0xe2, 0x0e, 0xfc, 0x00, 0x00, 0x00, 0x00, 0x00, 0x2e, 0xf8, 0x5f, 0xf4, 0x00, 0x00,
    0x00, 0x00, 0x00, 0x0a, 0xec, 0x9f, 0xe0, 0x00, 0x00, 0x00, 0x00, 0x00, 0x00, 0x00, 0xcf, 0xb0,
    0x00, 0x00, 0x00, 0x00, 0x00, 0x00, 0x00, 0xef, 0x90, 0x00, 0x00, 0x00, 0x00, 0x00, 0x00, 0x00,
    0xef, 0x80, 0x00, 0x00, 0x00, 0x00, 0x00, 0x00, 0x00, 0xef, 0x90, 0x00, 0x00, 0x00, 0x00, 0x00,
    0x00, 0x00, 0xcf, 0xb0, 0x00, 0x00, 0x00, 0x00, 0x00, 0x00, 0x00, 0xaf, 0xe0, 0x00, 0x00, 0x00,
    0x00, 0x00, 0x00, 0x00, 0x5f, 0xf4, 0x00, 0x00, 0x00, 0x00, 0x00, 0x0c, 0xfc, 0x0e, 0xfc, 0x00,
    0x00, 0x00, 0x00, 0x00, 0x2f, 0xf8, 0x06, 0xff, 0x70, 0x00, 0x00, 0x00, 0x00, 0xcf, 0xe1, 0x00,
    0xbf, 0xf8, 0x00, 0x00, 0x00, 0x1b, 0xff, 0x70, 0x00, 0x1b, 0xff, 0xd8, 0x54, 0x59, 0xef, 0xf9,
    0x00, 0x00, 0x00, 0x9e, 0xff, 0xff, 0xff, 0xfe, 0x60, 0x00, 0x00, 0x00, 0x02, 0x8c, 0xee, 0xdb,
    0x71, 0x00, 0x00, 0x00, 0x00, 0x00, 0x00, 0x00, 0x00, 0x00, 0x00, 0xff, 0x80, 0x00, 0x00, 0x00,
    0x00, 0x00, 0x00, 0x00, 0x00, 0xff, 0x80, 0x00, 0x00, 0x00, 0x00, 0x00, 0x00, 0x00, 0x00, 0xff,
    0x80, 0x00, 0x00, 0x00, 0x00, 0x00, 0x00, 0x00, 0x00, 0xff, 0x80, 0x00, 0x00, 0x00, 0x00, 0x00,
    0x00, 0x00, 0x00, 0xff, 0x80, 0x00, 0x00, 0x00, 0x00, 0x00, 0x00, 0x00, 0x00, 0xff, 0x80, 0x00,
    0x00, 0x00, 0x00, 0x00, 0x00, 0x00, 0x00, 0xff, 0x80, 0x00, 0x00, 0x00, 0x00, 0x00, 0x00, 0x00,
    0x00, 0xff, 0x80, 0x00, 0x00, 0x04, 0x9d, 0xee, 0xc9, 0x30, 0x00, 0xff, 0x80, 0x00, 0x01, 0xbf,
    0xff, 0xff, 0xff, 0xf9, 0x00, 0xff, 0x80, 0x00, 0x2d, 0xff, 0xd8, 0x54, 0x6a, 0xef, 0xb0, 0xff,
    0x80, 0x00, 0xdf, 0xf7, 0x00, 0x00, 0x00, 0x2c, 0xf8, 0xff, 0x80, 0x08, 0xff, 0x60, 0x00, 0x00,
    0x00, 0x01, 0xce, 0xff, 0x80, 0x1e, 0xfb, 0x00, 0x00, 0x00, 0x00, 0x00, 0x3f, 0xff, 0x80, 0x6f,
    0xf4, 0x00, 0x00, 0x00, 0x00, 0x00, 0x0b, 0xff, 0x80, 0xaf, 0xe0, 0x00, 0x00, 0x00, 0x00, 0x00,
    0x06, 0xff, 0x80, 0xcf, 0xa0, 0x00, 0x00, 0x00, 0x00, 0x00, 0x02, 0xff, 0x80, 0xef, 0x90, 0x00,
    0x00, 0x00, 0x00, 0x00, 0x01, 0xff, 0x80, 0xef, 0x80, 0x00, 0x00, 0x00, 0x00, 0x00, 0x00, 0xff,
    0x80, 0xef, 0x90, 0x00, 0x00, 0x00, 0x00, 0x00, 0x01, 0xff, 0x80, 0xcf, 0xa0, 0x00, 0x00, 0x00,
    0x00, 0x00, 0x02, 0xff, 0x80, 0xaf, 0xd0, 0x00, 0x00, 0x00, 0x00, 0x00, 0x06, 0xff, 0x80, 0x6f,
    0xf4, 0x00, 0x00, 0x00, 0x00, 0x00, 0x0a, 0xff, 0x80, 0x1e, 0xfb, 0x00, 0x00, 0x00, 0x00, 0x00,
    0x3e, 0xff, 0x80, 0x08, 0xff, 0x60, 0x00, 0x00, 0x00, 0x01, 0xce, 0xff, 0x80, 0x00, 0xdf, 0xf7,
    0x00, 0x00, 0x00, 0x2c, 0xf7, 0xff, 0x80, 0x00, 0x2d, 0xff, 0xd8, 0x55, 0x6a, 0xef, 0xb0, 0xff,
    0x80, 0x00, 0x01, 0xbf, 0xff, 0xff, 0xff, 0xf9, 0x00, 0xff, 0x80, 0x00, 0x00, 0x04, 0x9d, 0xee,
    0xc9, 0x30, 0x00, 0xff, 0x80, 0x00, 0x00, 0x02, 0x8c, 0xee, 0xdb, 0x61, 0x00, 0x00, 0x00, 0x00,
    0x00, 0x9e, 0xff, 0xff, 0xff, 0xfe, 0x60, 0x00, 0x00, 0x00, 0x1c, 0xff, 0xd8, 0x65, 0x6a, 0xef,
    0xf8, 0x00, 0x00, 0x00, 0xbf, 0xe7, 0x00, 0x00, 0x00, 0x1b, 0xff, 0x70, 0x00, 0x07, 0xff, 0x50,
    0x00, 0x00, 0x00, 0x00, 0xaf, 0xe2, 0x00, 0x0e, 0xfa, 0x00, 0x00, 0x00, 0x00, 0x00, 0x1d, 0xf9,
    0x00, 0x5f, 0xf2, 0x00, 0x00, 0x00, 0x00, 0x00, 0x08, 0xfe, 0x00, 0x9f, 0xc0, 0x00, 0x00, 0x00,
    0x00, 0x00, 0x03, 0xff, 0x30, 0xcf, 0xe4, 0x44, 0x44, 0x44, 0x44, 0x44, 0x46, 0xff, 0x60, 0xef,
    0xff, 0xff, 0xff, 0xff, 0xff, 0xff, 0xff, 0xff, 0x70, 0xef, 0xff, 0xff, 0xff, 0xff, 0xff, 0xff,
    0xff, 0xff, 0x80, 0xef, 0x90, 0x00, 0x00, 0x00, 0x00, 0x00, 0x00, 0x00, 0x00, 0xcf, 0xa0, 0x00,
    0x00, 0x00, 0x00, 0x00, 0x00, 0x00, 0x00, 0xaf, 0xd0, 0x00, 0x00, 0x00, 0x00, 0x00, 0x00, 0x00,
    0x00, 0x6f, 0xf3, 0x00, 0x00, 0x00, 0x00, 0x00, 0x03, 0x88, 0x00, 0x1e, 0xfb, 0x00, 0x00, 0x00,
    0x00, 0x00, 0x0c, 0xfc, 0x00, 0x07, 0xff, 0x70, 0x00, 0x00, 0x00, 0x00, 0x7f, 0xf6, 0x00, 0x00,
    0xcf, 0xf8, 0x00, 0x00, 0x00, 0x08, 0xff, 0xb0, 0x00, 0x00, 0x1c, 0xff, 0xe8, 0x64, 0x58, 0xdf,
    0xfc, 0x10, 0x00, 0x00, 0x00, 0xaf, 0xff, 0xff, 0xff, 0xfe, 0x80, 0x00, 0x00, 0x00, 0x00, 0x03,
    0x8c, 0xee, 0xdb, 0x72, 0x00, 0x00, 0x00, 0x00, 0x00, 0x00, 0x7c, 0xef, 0xf0, 0x00, 0x00, 0x0c,
    0xff, 0xff, 0xf0, 0x00, 0x00, 0x8f, 0xfb, 0x54, 0x40, 0x00, 0x00, 0xdf, 0xc0, 0x00, 0x00, 0x00,
    0x00, 0xef, 0x90, 0x00, 0x00, 0x00, 0x00, 0xff, 0x80, 0x00, 0x00, 0x00, 0x00, 0xff, 0x80, 0x00,
    0x00, 0x00, 0x00, 0xff, 0x80, 0x00, 0x00, 0x7f, 0xff, 0xff, 0xff, 0xff, 0xf0, 0x7f, 0xff, 0xff,
    0xff, 0xff, 0xf0, 0x24, 0x44, 0xff, 0xc4, 0x44, 0x40, 0x00, 0x00, 0xff, 0x80, 0x00, 0x00, 0x00,
    0x00, 0xff, 0x80, 0x00, 0x00, 0x00, 0x00, 0xff, 0x80, 0x00, 0x00, 0x00, 0x00, 0xff, 0x80, 0x00,
    0x00, 0x00, 0x00, 0xff, 0x80, 0x00, 0x00, 0x00, 0x00, 0xff, 0x80, 0x00, 0x00, 0x00, 0x00, 0xff,
    0x80, 0x00, 0x00, 0x00, 0x00, 0xff, 0x80, 0x00, 0x00, 0x00, 0x00, 0xff, 0x80, 0x00, 0x00, 0x00,
    0x00, 0xff, 0x80, 0x00, 0x00, 0x00, 0x00, 0xff, 0x80, 0x00, 0x00, 0x00, 0x00, 0xff, 0x80, 0x00,
    0x00, 0x00, 0x00, 0xff, 0x80, 0x00, 0x00, 0x00, 0x00, 0xff, 0x80, 0x00, 0x00, 0x00, 0x00, 0xff,
    0x80, 0x00, 0x00, 0x00, 0x00, 0xff, 0x80, 0x00, 0x00, 0x00, 0x00, 0xff, 0x80, 0x00, 0x00, 0x00,
    0x00, 0xff, 0x80, 0x00, 0x00, 0x00, 0x00, 0x04, 0x9d, 0xee, 0xc9, 0x30, 0x00, 0xff, 0x80, 0x00,
    0x02, 0xbf, 0xff, 0xff, 0xff, 0xf9, 0x00, 0xff, 0x80, 0x00, 0x2d, 0xff, 0xd8, 0x54, 0x6a, 0xef,
    0xb0, 0xff, 0x80, 0x01, 0xdf, 0xf7, 0x00, 0x00, 0x00, 0x2c, 0xf8, 0xff, 0x80, 0x08, 0xff, 0x60,
    0x00, 0x00, 0x00, 0x01, 0xce, 0xff, 0x80, 0x1e, 0xfb, 0x00, 0x00, 0x00, 0x00, 0x00, 0x3f, 0xff,
    0x80, 0x6f, 0xf4, 0x00, 0x00, 0x00, 0x00, 0x00, 0x0b, 0xff, 0x80, 0xaf, 0xe0, 0x00, 0x00, 0x00,
    0x00, 0x00, 0x06, 0xff, 0x80, 0xcf, 0xa0, 0x00, 0x00, 0x00, 0x00, 0x00, 0x02, 0xff, 0x80, 0xef,
    0x90, 0x00, 0x00, 0x00, 0x00, 0x00, 0x01, 0xff, 0x80, 0xef, 0x80, 0x00, 0x00, 0x00, 0x00, 0x00,
    0x00, 0xff, 0x80, 0xef, 0x90, 0x00, 0x00, 0x00, 0x00, 0x00, 0x01, 0xff, 0x80, 0xcf, 0xa0, 0x00,
    0x00, 0x00, 0x00, 0x00, 0x02, 0xff, 0x80, 0xaf, 0xd0, 0x00, 0x00, 0x00, 0x00, 0x00, 0x06, 0xff,
    0x80, 0x6f, 0xf4, 0x00, 0x00, 0x00, 0x00, 0x00, 0x0a, 0xff, 0x80, 0x1e, 0xfb, 0x00, 0x00, 0x00,
    0x00, 0x00, 0x3e, 0xff, 0x80, 0x08, 0xff, 0x60, 0x00, 0x00, 0x00, 0x01, 0xce, 0xff, 0x80, 0x00,
    0xdf, 0xf7, 0x00, 0x00, 0x00, 0x2c, 0xf8, 0xff, 0x80, 0x00, 0x2d, 0xff, 0xd8, 0x55, 0x6a, 0xef,
    0xb0, 0xff, 0x80, 0x00, 0x01, 0xbf, 0xff, 0xff, 0xff, 0xf9, 0x00, 0xff, 0x80, 0x00, 0x00, 0x04,
    0x9d, 0xee, 0xc9, 0x30, 0x00, 0xff, 0x80, 0x00, 0x00, 0x00, 0x00, 0x00, 0x00, 0x00, 0x01, 0xff,
    0x70, 0x02, 0x31, 0x00, 0x00, 0x00, 0x00, 0x00, 0x03, 0xff, 0x50, 0x0b, 0xfc, 0x00, 0x00, 0x00,
    0x00, 0x00, 0x08, 0xff, 0x20, 0x07, 0xff, 0x60, 0x00, 0x00, 0x00, 0x00, 0x3e, 0xfb, 0x00, 0x00,
    0xdf, 0xe6, 0x00, 0x00, 0x00, 0x04, 0xdf, 0xe3, 0x00, 0x00, 0x3e, 0xff, 0xc8, 0x54, 0x57, 0xcf,
    0xff, 0x50, 0x00, 0x00, 0x02, 0xbf, 0xff, 0xff, 0xff, 0xff, 0xc3, 0x00, 0x00, 0x00, 0x00, 0x04,
    0x8c, 0xde, 0xdc, 0x94, 0x00, 0x00, 0x00, 0xff, 0x80, 0x00, 0x00, 0x00, 0x00, 0x00, 0x00, 0x00,
    0xff, 0x80, 0x00, 0x00, 0x00, 0x00, 0x00, 0x00, 0x00, 0xff, 0x80, 0x00, 0x00, 0x00, 0x00, 0x00,
    0x00, 0x00, 0xff, 0x80, 0x00, 0x00, 0x00, 0x00, 0x00, 0x00, 0x00, 0xff, 0x80, 0x00, 0x00, 0x00,
    0x00, 0x00, 0x00, 0x00, 0xff, 0x80, 0x00, 0x00, 0x00, 0x00, 0x00, 0x00, 0x00, 0xff, 0x80, 0x00,
    0x00, 0x00, 0x00, 0x00, 0x00, 0x00, 0xff, 0x80, 0x00, 0x00, 0x00, 0x00, 0x00, 0x00, 0x00, 0xff,
    0x80, 0x03, 0x9d, 0xee, 0xc8, 0x20, 0x00, 0x00, 0xff, 0x80, 0xaf, 0xff, 0xff, 0xff, 0xe8, 0x00,
    0x00, 0xff, 0x8b, 0xfe, 0x96, 0x45, 0x9e, 0xff, 0xa0, 0x00, 0xff, 0xff, 0xa1, 0x00, 0x00, 0x01,
    0xbf, 0xf6, 0x00, 0xff, 0xfb, 0x00, 0x00, 0x00, 0x00, 0x1d, 0xfd, 0x00, 0xff, 0xf2, 0x00, 0x00,
    0x00, 0x00, 0x06, 0xff, 0x30, 0xff, 0xc0, 0x00, 0x00, 0x00, 0x00, 0x02, 0xff, 0x60, 0xff, 0x90,
    0x00, 0x00, 0x00, 0x00, 0x00, 0xff, 0x70, 0xff, 0x80, 0x00, 0x00, 0x00, 0x00, 0x00, 0xff, 0x80,
    0xff, 0x80, 0x00, 0x00, 0x00, 0x00, 0x00, 0xff, 0x80, 0xff, 0x80, 0x00, 0x00, 0x00, 0x00, 0x00,
    0xff, 0x80, 0xff, 0x80, 0x00, 0x00, 0x00, 0x00, 0x00, 0xff, 0x80, 0xff, 0x80, 0x00, 0x00, 0x00,
    0x00, 0x00, 0xff, 0x80, 0xff, 0x80, 0x00, 0x00, 0x00, 0x00, 0x00, 0xff, 0x80, 0xff, 0x80, 0x00,
    0x00, 0x00, 0x00, 0x00, 0xff, 0x80, 0xff, 0x80, 0x00, 0x00, 0x00, 0x00, 0x00, 0xff, 0x80, 0xff,
    0x80, 0x00, 0x00, 0x00, 0x00, 0x00, 0xff, 0x80, 0xff, 0x80, 0x00, 0x00, 0x00, 0x00, 0x00, 0xff,
    0x80, 0xff, 0x80, 0x00, 0x00, 0x00, 0x00, 0x00, 0xff, 0x80, 0xff, 0x80, 0x00, 0x00, 0x00, 0x00,
    0x00, 0xff, 0x80, 0xff, 0x80, 0x00, 0x00, 0x00, 0x00, 0x00, 0xff, 0x80, 0x4d, 0xd4, 0xdf, 0xfd,
    0xdf, 0xfd, 0x4d, 0xd4, 0x00, 0x00, 0x00, 0x00, 0x00, 0x00, 0x00, 0x00, 0x8f, 0xf0, 0x8f, 0xf0,
    0x8f, 0xf0, 0x8f, 0xf0, 0x8f, 0xf0, 0x8f, 0xf0, 0x8f, 0xf0, 0x8f, 0xf0, 0x8f, 0xf0, 0x8f, 0xf0,
    0x8f, 0xf0, 0x8f, 0xf0, 0x8f, 0xf0, 0x8f, 0xf0, 0x8f, 0xf0, 0x8f, 0xf0, 0x8f, 0xf0, 0x8f, 0xf0,
    0x8f, 0xf0, 0x8f, 0xf0, 0x8f, 0xf0, 0x00, 0x00, 0x4d, 0xd4, 0x00, 0x00, 0xdf, 0xfd, 0x00, 0x00,
    0xdf, 0xfd, 0x00, 0x00, 0x4d, 0xd4, 0x00, 0x00, 0x00, 0x00, 0x00, 0x00, 0x00, 0x00, 0x00, 0x00,
    0x00, 0x00, 0x00, 0x00, 0x00, 0x00, 0x00, 0x00, 0x8f, 0xf0, 0x00, 0x00, 0x8f, 0xf0, 0x00, 0x00,
    0x8f, 0xf0, 0x00, 0x00, 0x8f, 0xf0, 0x00, 0x00, 0x8f, 0xf0, 0x00, 0x00, 0x8f, 0xf0, 0x00, 0x00,
    0x8f, 0xf0, 0x00, 0x00, 0x8f, 0xf0, 0x00, 0x00, 0x8f, 0xf0, 0x00, 0x00, 0x8f, 0xf0, 0x00, 0x00,
    0x8f, 0xf0, 0x00, 0x00, 0x8f, 0xf0, 0x00, 0x00, 0x8f, 0xf0, 0x00, 0x00, 0x8f, 0xf0, 0x00, 0x00,
    0x8f, 0xf0, 0x00, 0x00, 0x8f, 0xf0, 0x00, 0x00, 0x8f, 0xf0, 0x00, 0x00, 0x8f, 0xf0, 0x00, 0x00,
    0x8f, 0xf0, 0x00, 0x00, 0x8f, 0xf0, 0x00, 0x00, 0x8f, 0xf0, 0x00, 0x00, 0x8f, 0xf0, 0x00, 0x00,
    0x8f, 0xf0, 0x00, 0x00, 0x8f, 0xf0, 0x00, 0x00, 0xaf, 0xd0, 0x00, 0x02, 0xef, 0xa0, 0x24, 0x7e,
    0xff, 0x40, 0x7f, 0xff, 0xe7, 0x00, 0x7e, 0xda, 0x30, 0x00, 0xff, 0x80, 0x00, 0x00, 0x00, 0x00,
    0x00, 0x00, 0x00, 0xff, 0x80, 0x00, 0x00, 0x00, 0x00, 0x00, 0x00, 0x00, 0xff, 0x80, 0x00, 0x00,
    0x00, 0x00, 0x00, 0x00, 0x00, 0xff, 0x80, 0x00, 0x00, 0x00, 0x00, 0x00, 0x00, 0x00, 0xff, 0x80,
    0x00, 0x00, 0x00, 0x00, 0x00, 0x00, 0x00, 0xff, 0x80, 0x00, 0x00, 0x00, 0x00, 0x00, 0x00, 0x00,
    0xff, 0x80, 0x00, 0x00, 0x00, 0x00, 0x00, 0x00, 0x00, 0xff, 0x80, 0x00, 0x00, 0x00, 0x00, 0x00,
    0x00, 0x00, 0xff, 0x80, 0x00, 0x00, 0x00, 0x02, 0xdf, 0xe4, 0x00, 0xff, 0x80, 0x00, 0x00, 0x00,
    0x2d, 0xfe, 0x40, 0x00, 0xff, 0x80, 0x00, 0x00, 0x02, 0xdf, 0xe4, 0x00, 0x00, 0xff, 0x80, 0x00,
    0x00, 0x2d, 0xfe, 0x40, 0x00, 0x00, 0xff, 0x80, 0x00, 0x02, 0xdf, 0xe4, 0x00, 0x00, 0x00, 0xff,
    0x80, 0x00, 0x2d, 0xfe, 0x40, 0x00, 0x00, 0x00, 0xff, 0x80, 0x02, 0xdf, 0xe4, 0x00, 0x00, 0x00,
    0x00, 0xff, 0x80, 0x2d, 0xfe, 0x40, 0x00, 0x00, 0x00, 0x00, 0xff, 0x82, 0xdf, 0xf4, 0x00, 0x00,
    0x00, 0x00, 0x00, 0xff, 0xbd, 0xff, 0xf5, 0x00, 0x00, 0x00, 0x00, 0x00, 0xff, 0xff, 0xef, 0xfe,
    0x20, 0x00, 0x00, 0x00, 0x00, 0xff, 0xfc, 0x14, 0xef, 0xd1, 0x00, 0x00, 0x00, 0x00, 0xff, 0xe1,
    0x00, 0x6f, 0xfb, 0x00, 0x00, 0x00, 0x00, 0xff, 0x80, 0x00, 0x09, 0xff, 0x80, 0x00, 0x00, 0x00,
    0xff, 0x80, 0x00, 0x00, 0xcf, 0xf5, 0x00, 0x00, 0x00, 0xff, 0x80, 0x00, 0x00, 0x1d, 0xfe, 0x20,
    0x00, 0x00, 0xff, 0x80, 0x00, 0x00, 0x03, 0xef, 0xd1, 0x00, 0x00, 0xff, 0x80, 0x00, 0x00, 0x00,
    0x6f, 0xfb, 0x00, 0x00, 0xff, 0x80, 0x00, 0x00, 0x00, 0x09, 0xff, 0x80, 0x00, 0xff, 0x80, 0x00,
    0x00, 0x00, 0x00, 0xbf, 0xf5, 0x00, 0xff, 0x80, 0x00, 0x00, 0x00, 0x00, 0x1d, 0xfe, 0x30, 0xff,
    0x80, 0xff, 0x80, 0xff, 0x80, 0xff, 0x80, 0xff, 0x80, 0xff, 0x80, 0xff, 0x80, 0xff, 0x80, 0xff,
    0x80, 0xff, 0x80, 0xff, 0x80, 0xff, 0x80, 0xff, 0x80, 0xff, 0x80, 0xff, 0x80, 0xff, 0x80, 0xff,
    0x80, 0xff, 0x80, 0xff, 0x80, 0xff, 0x80, 0xff, 0x80, 0xff, 0x80, 0xff, 0x80, 0xff, 0x80, 0xff,
    0x80, 0xff, 0x80, 0xff, 0x80, 0xff, 0x80, 0xff, 0x80, 0xff, 0x80, 0x04, 0x9d, 0xee, 0xc8, 0x20,
    0x00, 0x01, 0x6b, 0xde, 0xdb, 0x60, 0x00, 0x00, 0xff, 0x81, 0xbf, 0xff, 0xff, 0xff, 0xe7, 0x00,
    0x6e, 0xff, 0xff, 0xff, 0xfc, 0x20, 0x00, 0xff, 0x9c, 0xfd, 0x85, 0x47, 0xcf, 0xff, 0x67, 0xff,
    0xc7, 0x55, 0x7c, 0xff, 0xd1, 0x00, 0xff, 0xff, 0x90, 0x00, 0x00, 0x08, 0xff, 0xff, 0xe6, 0x00,
    0x00, 0x00, 0x8f, 0xf9, 0x00, 0xff, 0xfa, 0x00, 0x00, 0x00, 0x00, 0xaf, 0xff, 0x70, 0x00, 0x00,
    0x00, 0x0a, 0xfe, 0x10, 0xff, 0xe1, 0x00, 0x00, 0x00, 0x00, 0x3f, 0xfe, 0x00, 0x00, 0x00, 0x00,
    0x04, 0xff, 0x50, 0xff, 0xb0, 0x00, 0x00, 0x00, 0x00, 0x0f, 0xfa, 0x00, 0x00, 0x00, 0x00, 0x01,
    0xff, 0x60, 0xff, 0x90, 0x00, 0x00, 0x00, 0x00, 0x0f, 0xf8, 0x00, 0x00, 0x00, 0x00, 0x00, 0xff,
    0x80, 0xff, 0x80, 0x00, 0x00, 0x00, 0x00, 0x0f, 0xf8, 0x00, 0x00, 0x00, 0x00, 0x00, 0xff, 0x80,
    0xff, 0x80, 0x00, 0x00, 0x00, 0x00, 0x0f, 0xf8, 0x00, 0x00, 0x00, 0x00, 0x00, 0xff, 0x80, 0xff,
    0x80, 0x00, 0x00, 0x00, 0x00, 0x0f, 0xf8, 0x00, 0x00, 0x00, 0x00, 0x00, 0xff, 0x80, 0xff, 0x80,
    0x00, 0x00, 0x00, 0x00, 0x0f, 0xf8, 0x00, 0x00, 0x00, 0x00, 0x00, 0xff, 0x80, 0xff, 0x80, 0x00,
    0x00, 0x00, 0x00, 0x0f, 0xf8, 0x00, 0x00, 0x00, 0x00, 0x00, 0xff, 0x80, 0xff, 0x80, 0x00, 0x00,
    0x00, 0x00, 0x0f, 0xf8, 0x00, 0x00, 0x00, 0x00, 0x00, 0xff, 0x80, 0xff, 0x80, 0x00, 0x00, 0x00,
    0x00, 0x0f, 0xf8, 0x00, 0x00, 0x00, 0x00, 0x00, 0xff, 0x80, 0xff, 0x80, 0x00, 0x00, 0x00, 0x00,
    0x0f, 0xf8, 0x00, 0x00, 0x00, 0x00, 0x00, 0xff, 0x80, 0xff, 0x80, 0x00, 0x00, 0x00, 0x00, 0x0f,
    0xf8, 0x00, 0x00, 0x00, 0x00, 0x00, 0xff, 0x80, 0xff, 0x80, 0x00, 0x00, 0x00, 0x00, 0x0f, 0xf8,
    0x00, 0x00, 0x00, 0x00, 0x00, 0xff, 0x80, 0xff, 0x80, 0x00, 0x00, 0x00, 0x00, 0x0f, 0xf8, 0x00,
    0x00, 0x00, 0x00, 0x00, 0xff, 0x80, 0xff, 0x80, 0x00, 0x00, 0x00, 0x00, 0x0f, 0xf8, 0x00, 0x00,
    0x00, 0x00, 0x00, 0xff, 0x80, 0xff, 0x80, 0x00, 0x00, 0x00, 0x00, 0x0f, 0xf8, 0x00, 0x00, 0x00,
    0x00, 0x00, 0xff, 0x80, 0xff, 0x80, 0x03, 0x9d, 0xee, 0xc8, 0x20, 0x00, 0x00, 0xff, 0x80, 0xaf,
    0xff, 0xff, 0xff, 0xe8, 0x00, 0x00, 0xff, 0x8b, 0xfe, 0x96, 0x45, 0x9e, 0xff, 0xa0, 0x00, 0xff,
    0xff, 0xa1, 0x00, 0x00, 0x01, 0xbf, 0xf6, 0x00, 0xff, 0xfb, 0x00, 0x00, 0x00, 0x00, 0x1d, 0xfd,
    0x00, 0xff, 0xf2, 0x00, 0x00, 0x00, 0x00, 0x06, 0xff, 0x30, 0xff, 0xc0, 0x00, 0x00, 0x00, 0x00,
    0x02, 0xff, 0x60, 0xff, 0x90, 0x00, 0x00, 0x00, 0x00, 0x00, 0xff, 0x70, 0xff, 0x80, 0x00, 0x00,
    0x00, 0x00, 0x00, 0xff, 0x80, 0xff, 0x80, 0x00, 0x00, 0x00, 0x00, 0x00, 0xff, 0x80, 0xff, 0x80,
    0x00, 0x00, 0x00, 0x00, 0x00, 0xff, 0x80, 0xff, 0x80, 0x00, 0x00, 0x00, 0x00, 0x00, 0xff, 0x80,
    0xff, 0x80, 0x00, 0x00, 0x00, 0x00, 0x00, 0xff, 0x80, 0xff, 0x80, 0x00, 0x00, 0x00, 0x00, 0x00,
    0xff, 0x80, 0xff, 0x80, 0x00, 0x00, 0x00, 0x00, 0x00, 0xff, 0x80, 0xff, 0x80, 0x00, 0x00, 0x00,
    0x00, 0x00, 0xff, 0x80, 0xff, 0x80, 0x00, 0x00, 0x00, 0x00, 0x00, 0xff, 0x80, 0xff, 0x80, 0x00,
    0x00, 0x00, 0x00, 0x00, 0xff, 0x80, 0xff, 0x80, 0x00, 0x00, 0x00, 0x00, 0x00, 0xff, 0x80, 0xff,
    0x80, 0x00, 0x00, 0x00, 0x00, 0x00, 0xff, 0x80, 0xff, 0x80, 0x00, 0x00, 0x00, 0x00, 0x00, 0xff,
    0x80, 0x00, 0x00, 0x02, 0x8b, 0xee, 0xeb, 0x82, 0x00, 0x00, 0x00, 0x00, 0x00, 0x8e, 0xff, 0xff,
    0xff, 0xfe, 0x80, 0x00, 0x00, 0x00, 0x1c, 0xff, 0xd8, 0x54, 0x58, 0xdf, 0xfc, 0x10, 0x00, 0x00,
    0xbf, 0xf9, 0x00, 0x00, 0x00, 0x09, 0xff, 0xb0, 0x00, 0x07, 0xff, 0x80, 0x00, 0x00, 0x00, 0x00,
    0x8f, 0xf6, 0x00, 0x0e, 0xfc, 0x00, 0x00, 0x00, 0x00, 0x00, 0x0c, 0xfd, 0x00, 0x5f, 0xf4, 0x00,
    0x00, 0x00, 0x00, 0x00, 0x04, 0xff, 0x50, 0x9f, 0xe0, 0x00, 0x00, 0x00, 0x00, 0x00, 0x00, 0xef,
    0x90, 0xcf, 0xb0, 0x00, 0x00, 0x00, 0x00, 0x00, 0x00, 0xbf, 0xc0, 0xef, 0x90, 0x00, 0x00, 0x00,
    0x00, 0x00, 0x00, 0x9f, 0xe0, 0xef, 0x80, 0x00, 0x00, 0x00, 0x00, 0x00, 0x00, 0x8f, 0xe0, 0xef,
    0x90, 0x00, 0x00, 0x00, 0x00, 0x00, 0x00, 0x9f, 0xe0, 0xcf, 0xb0, 0x00, 0x00, 0x00, 0x00, 0x00,
    0x00, 0xbf, 0xc0, 0xaf, 0xe0, 0x00, 0x00, 0x00, 0x00, 0x00, 0x00, 0xef, 0x90, 0x5f, 0xf4, 0x00,
    0x00, 0x00, 0x00, 0x00, 0x04, 0xff, 0x50, 0x0e, 0xfc, 0x00, 0x00, 0x00, 0x00, 0x00, 0x0c, 0xfe,
    0x00, 0x06, 0xff, 0x70, 0x00, 0x00, 0x00, 0x00, 0x8f, 0xf6, 0x00, 0x00, 0xbf, 0xf8, 0x00, 0x00,
    0x00, 0x08, 0xff, 0xb0, 0x00, 0x00, 0x1b, 0xff, 0xd8, 0x54, 0x58, 0xdf, 0xfb, 0x10, 0x00, 0x00,
    0x00, 0x8e, 0xff, 0xff, 0xff, 0xfe, 0x80, 0x00, 0x00, 0x00, 0x00, 0x02, 0x8b, 0xee, 0xec, 0x82,
    0x00, 0x00, 0x00, 0xff, 0x80, 0x00, 0x6a, 0xde, 0xeb, 0x71, 0x00, 0x00, 0x00, 0xff, 0x80, 0x3d,
    0xff, 0xff, 0xff, 0xfe, 0x70, 0x00, 0x00, 0xff, 0x84, 0xef, 0xd8, 0x55, 0x6a, 0xef, 0xf9, 0x00,
    0x00, 0xff, 0x9e, 0xf8, 0x00, 0x00, 0x00, 0x2c, 0xff, 0x70, 0x00, 0xff, 0xef, 0x70, 0x00, 0x00,
    0x00, 0x00, 0xcf, 0xe2, 0x00, 0xff, 0xfb, 0x00, 0x00, 0x00, 0x00, 0x00, 0x3e, 0xf9, 0x00, 0xff,
    0xf4, 0x00, 0x00, 0x00, 0x00, 0x00, 0x0b, 0xfe, 0x00, 0xff, 0xe0, 0x00, 0x00, 0x00, 0x00, 0x00,
    0x06, 0xff, 0x30, 0xff, 0xa0, 0x00, 0x00, 0x00, 0x00, 0x00, 0x02, 0xff, 0x60, 0xff, 0x90, 0x00,
    0x00, 0x00, 0x00, 0x00, 0x01, 0xff, 0x70, 0xff, 0x80, 0x00, 0x00, 0x00, 0x00, 0x00, 0x00, 0xff,
    0x80, 0xff, 0x90, 0x00, 0x00, 0x00, 0x00, 0x00, 0x01, 0xff, 0x70, 0xff, 0xa0, 0x00, 0x00, 0x00,
    0x00, 0x00, 0x02, 0xff, 0x50, 0xff, 0xe0, 0x00, 0x00, 0x00, 0x00, 0x00, 0x06, 0xff, 0x30, 0xff,
    0xf4, 0x00, 0x00, 0x00, 0x00, 0x00, 0x0a, 0xfe, 0x00, 0xff, 0xfb, 0x00, 0x00, 0x00, 0x00, 0x00,
    0x3e, 0xf8, 0x00, 0xff, 0xef, 0x60, 0x00, 0x00, 0x00, 0x00, 0xcf, 0xe1, 0x00, 0xff, 0x9e, 0xf7,
    0x00, 0x00, 0x00, 0x2c, 0xff, 0x60, 0x00, 0xff, 0x84, 0xef, 0xd8, 0x65, 0x6a, 0xef, 0xf9, 0x00,
    0x00, 0xff, 0x80, 0x3d, 0xff, 0xff, 0xff, 0xfe, 0x60, 0x00, 0x00, 0xff, 0x80, 0x00, 0x6b, 0xde,
    0xeb, 0x71, 0x00, 0x00, 0x00, 0xff, 0x80, 0x00, 0x00, 0x00, 0x00, 0x00, 0x00, 0x00, 0x00, 0xff,
    0x80, 0x00, 0x00, 0x00, 0x00, 0x00, 0x00, 0x00, 0x00, 0xff, 0x80, 0x00, 0x00, 0x00, 0x00, 0x00,
    0x00, 0x00, 0x00, 0xff, 0x80, 0x00, 0x00, 0x00, 0x00, 0x00, 0x00, 0x00, 0x00, 0xff, 0x80, 0x00,
    0x00, 0x00, 0x00, 0x00, 0x00, 0x00, 0x00, 0xff, 0x80, 0x00, 0x00, 0x00, 0x00, 0x00, 0x00, 0x00,
    0x00, 0xff, 0x80, 0x00, 0x00, 0x00, 0x00, 0x00, 0x00, 0x00, 0x00, 0xff, 0x80, 0x00, 0x00, 0x00,
    0x00, 0x00, 0x00, 0x00, 0x00, 0x00, 0x00, 0x04, 0x9d, 0xee, 0xc9, 0x30, 0x00, 0xff, 0x80, 0x00,
    0x02, 0xbf, 0xff, 0xff, 0xff, 0xf9, 0x00, 0xff, 0x80, 0x00, 0x2d, 0xff, 0xd8, 0x54, 0x6a, 0xef,
    0xb0, 0xff, 0x80, 0x01, 0xdf, 0xf7, 0x00, 0x00, 0x00, 0x2c, 0xf8, 0xff, 0x80, 0x08, 0xff, 0x60,
    0x00, 0x00, 0x00, 0x01, 0xce, 0xff, 0x80, 0x1e, 0xfb, 0x00, 0x00, 0x00, 0x00, 0x00, 0x3f, 0xff,
    0x80, 0x6f, 0xf4, 0x00, 0x00, 0x00, 0x00, 0x00, 0x0b, 0xff, 0x80, 0xaf, 0xe0, 0x00, 0x00, 0x00,
    0x00, 0x00, 0x06, 0xff, 0x80, 0xcf, 0xa0, 0x00, 0x00, 0x00, 0x00, 0x00, 0x02, 0xff, 0x80, 0xef,
    0x90, 0x00, 0x00, 0x00, 0x00, 0x00, 0x01, 0xff, 0x80, 0xef, 0x80, 0x00, 0x00, 0x00, 0x00, 0x00,
    0x00, 0xff, 0x80, 0xef, 0x90, 0x00, 0x00, 0x00, 0x00, 0x00, 0x01, 0xff, 0x80, 0xcf, 0xa0, 0x00,
    0x00, 0x00, 0x00, 0x00, 0x02, 0xff, 0x80, 0xaf, 0xd0, 0x00, 0x00, 0x00, 0x00, 0x00, 0x06, 0xff,
    0x80, 0x6f, 0xf4, 0x00, 0x00, 0x00, 0x00, 0x00, 0x0a, 0xff, 0x80, 0x1e, 0xfb, 0x00, 0x00, 0x00,
    0x00, 0x00, 0x3e, 0xff, 0x80, 0x08, 0xff, 0x60, 0x00, 0x00, 0x00, 0x01, 0xce, 0xff, 0x80, 0x00,
    0xdf, 0xf7, 0x00, 0x00, 0x00, 0x2c, 0xf8, 0xff, 0x80, 0x00, 0x2d, 0xff, 0xd8, 0x55, 0x6a, 0xef,
    0xb0, 0xff, 0x80, 0x00, 0x01, 0xbf, 0xff, 0xff, 0xff, 0xf9, 0x00, 0xff, 0x80, 0x00, 0x00, 0x04,
    0x9d, 0xee, 0xc9, 0x30, 0x00, 0xff, 0x80, 0x00, 0x00, 0x00, 0x00, 0x00, 0x00, 0x00, 0x00, 0xff,
    0x80, 0x00, 0x00, 0x00, 0x00, 0x00, 0x00, 0x00, 0x00, 0xff, 0x80, 0x00, 0x00, 0x00, 0x00, 0x00,
    0x00, 0x00, 0x00, 0xff, 0x80, 0x00, 0x00, 0x00, 0x00, 0x00, 0x00, 0x00, 0x00, 0xff, 0x80, 0x00,
    0x00, 0x00, 0x00, 0x00, 0x00, 0x00, 0x00, 0xff, 0x80, 0x00, 0x00, 0x00, 0x00, 0x00, 0x00, 0x00,
    0x00, 0xff, 0x80, 0x00, 0x00, 0x00, 0x00, 0x00, 0x00, 0x00, 0x00, 0xff, 0x80, 0x00, 0x00, 0x00,
    0x00, 0x00, 0x00, 0x00, 0x00, 0xff, 0x80, 0xff, 0x80, 0x06, 0xbd, 0xf0, 0xff, 0x81, 0xcf, 0xff,
    0xf0, 0xff, 0x8b, 0xfb, 0x64, 0x50, 0xff, 0xde, 0x50, 0x00, 0x00, 0xff, 0xf6, 0x00, 0x00, 0x00,
    0xff, 0xe0, 0x00, 0x00, 0x00, 0xff, 0xa0, 0x00, 0x00, 0x00, 0xff, 0x80, 0x00, 0x00, 0x00, 0xff,
    0x80, 0x00, 0x00, 0x00, 0xff, 0x80, 0x00, 0x00, 0x00, 0xff, 0x80, 0x00, 0x00, 0x00, 0xff, 0x80,
    0x00, 0x00, 0x00, 0xff, 0x80, 0x00, 0x00, 0x00, 0xff, 0x80, 0x00, 0x00, 0x00, 0xff, 0x80, 0x00,
    0x00, 0x00, 0xff, 0x80, 0x00, 0x00, 0x00, 0xff, 0x80, 0x00, 0x00, 0x00, 0xff, 0x80, 0x00, 0x00,
    0x00, 0xff, 0x80, 0x00, 0x00, 0x00, 0xff, 0x80, 0x00, 0x00, 0x00, 0xff, 0x80, 0x00, 0x00, 0x00,
    0x00, 0x00, 0x38, 0xcd, 0xed, 0xa5, 0x00, 0x00, 0x00, 0x0a, 0xff, 0xff, 0xff, 0xff, 0xc3, 0x00,
    0x00, 0xbf, 0xfd, 0x85, 0x46, 0xae, 0xfe, 0x20, 0x06, 0xff, 0x90, 0x00, 0x00, 0x04, 0xef, 0xb0,
    0x0c, 0xfd, 0x00, 0x00, 0x00, 0x00, 0x7f, 0xf3, 0x0e, 0xf8, 0x00, 0x00, 0x00, 0x00, 0x1f, 0xf6,
    0x0e, 0xfa, 0x00, 0x00, 0x00, 0x00, 0x07, 0x73, 0x0a, 0xfe, 0x20, 0x00, 0x00, 0x00, 0x00, 0x00,
    0x02, 0xef, 0xe7, 0x10, 0x00, 0x00, 0x00, 0x00, 0x00, 0x3d, 0xff, 0xec, 0x85, 0x10, 0x00, 0x00,
    0x00, 0x00, 0x6c, 0xff, 0xff, 0xfc, 0x71, 0x00, 0x00, 0x00, 0x00, 0x15, 0x8c, 0xff, 0xfe, 0x40,
    0x00, 0x00, 0x00, 0x00, 0x00, 0x16, 0xdf, 0xe3, 0x00, 0x00, 0x00, 0x00, 0x00, 0x00, 0x2e, 0xfb,
    0x37, 0x70, 0x00, 0x00, 0x00, 0x00, 0x09, 0xfe, 0x6f, 0xf4, 0x00, 0x00, 0x00, 0x00, 0x09, 0xfe,
    0x3f, 0xfa, 0x00, 0x00, 0x00, 0x00, 0x0d, 0xfb, 0x0b, 0xff, 0x70, 0x00, 0x00, 0x00, 0xaf, 0xf5,
    0x02, 0xdf, 0xfc, 0x75, 0x45, 0x8d, 0xff, 0xb0, 0x00, 0x2b, 0xff, 0xff, 0xff, 0xff, 0xe9, 0x00,
    0x00, 0x00, 0x49, 0xce, 0xed, 0xb7, 0x20, 0x00, 0x00, 0x00, 0xff, 0x80, 0x00, 0x00, 0x00, 0x00,
    0xff, 0x80, 0x00, 0x00, 0x00, 0x00, 0xff, 0x80, 0x00, 0x00, 0x00, 0x00, 0xff, 0x80, 0x00, 0x00,
    0x00, 0x00, 0xff, 0x80, 0x00, 0x00, 0x7f, 0xff, 0xff, 0xff, 0xff, 0xf0, 0x7f, 0xff, 0xff, 0xff,
    0xff, 0xf0, 0x24, 0x44, 0xff, 0xc4, 0x44, 0x40, 0x00, 0x00, 0xff, 0x80, 0x00, 0x00, 0x00, 0x00,
    0xff, 0x80, 0x00, 0x00, 0x00, 0x00, 0xff, 0x80, 0x00, 0x00, 0x00, 0x00, 0xff, 0x80, 0x00, 0x00,
    0x00, 0x00, 0xff, 0x80, 0x00, 0x00, 0x00, 0x00, 0xff, 0x80, 0x00, 0x00, 0x00, 0x00, 0xff, 0x80,
    0x00, 0x00, 0x00, 0x00, 0xff, 0x80, 0x00, 0x00, 0x00, 0x00, 0xff, 0x80, 0x00, 0x00, 0x00, 0x00,
    0xff, 0x80, 0x00, 0x00, 0x00, 0x00, 0xff, 0x80, 0x00, 0x00, 0x00, 0x00, 0xff, 0x80, 0x00, 0x00,
    0x00, 0x00, 0xff, 0x80, 0x00, 0x00, 0x00, 0x00, 0xef, 0x80, 0x00, 0x00, 0x00, 0x00, 0xdf, 0xb0,
    0x00, 0x00, 0x00, 0x00, 0xaf, 0xfa, 0x54, 0x40, 0x00, 0x00, 0x2e, 0xff, 0xff, 0xf0, 0x00, 0x00,
    0x02, 0x9d, 0xef, 0xf0, 0xff, 0x80, 0x00, 0x00, 0x00, 0x00, 0x00, 0xff, 0x80, 0xff, 0x80, 0x00,
    0x00, 0x00, 0x00, 0x00, 0xff, 0x80, 0xff, 0x80, 0x00, 0x00, 0x00, 0x00, 0x00, 0xff, 0x80, 0xff,
    0x80, 0x00, 0x00, 0x00, 0x00, 0x00, 0xff, 0x80, 0xff, 0x80, 0x00, 0x00, 0x00, 0x00, 0x00, 0xff,
    0x80, 0xff, 0x80, 0x00, 0x00, 0x00, 0x00, 0x00, 0xff, 0x80, 0xff, 0x80, 0x00, 0x00, 0x00, 0x00,
    0x00, 0xff, 0x80, 0xff, 0x80, 0x00, 0x00, 0x00, 0x00, 0x00, 0xff, 0x80, 0xff, 0x80, 0x00, 0x00,
    0x00, 0x00, 0x00, 0xff, 0x80, 0xff, 0x80, 0x00, 0x00, 0x00, 0x00, 0x00, 0xff, 0x80, 0xff, 0x80,
    0x00, 0x00, 0x00, 0x00, 0x00, 0xff, 0x80, 0xff, 0x80, 0x00, 0x00, 0x00, 0x00, 0x00, 0xff, 0x80,
    0xff, 0x80, 0x00, 0x00, 0x00, 0x00, 0x00, 0xff, 0x80, 0xef, 0x80, 0x00, 0x00, 0x00, 0x00, 0x01,
    0xff, 0x80, 0xcf, 0xa0, 0x00, 0x00, 0x00, 0x00, 0x03, 0xff, 0x80, 0xaf, 0xe0, 0x00, 0x00, 0x00,
    0x00, 0x09, 0xff, 0x80, 0x4f, 0xf7, 0x00, 0x00, 0x00, 0x00, 0x3e, 0xff, 0x80, 0x0c, 0xfe, 0x60,
    0x00, 0x00, 0x04, 0xde, 0xff, 0x80, 0x02, 0xef, 0xfc, 0x75, 0x57, 0xbf, 0xe5, 0xff, 0x80, 0x00,
    0x2c, 0xff, 0xff, 0xff, 0xfe, 0x50, 0xff, 0x80, 0x00, 0x00, 0x5a, 0xde, 0xeb, 0x71, 0x00, 0xff,
    0x80, 0x2f, 0xf8, 0x00, 0x00, 0x00, 0x00, 0x00, 0x00, 0x5f, 0xf5, 0x0b, 0xfd, 0x00, 0x00, 0x00,
    0x00, 0x00, 0x00, 0xaf, 0xd0, 0x06, 0xff, 0x40, 0x00, 0x00, 0x00, 0x00, 0x01, 0xef, 0x80, 0x00,
    0xef, 0xa0, 0x00, 0x00, 0x00, 0x00, 0x07, 0xff, 0x20, 0x00, 0x9f, 0xe1, 0x00, 0x00, 0x00, 0x00,
    0x0c, 0xfb, 0x00, 0x00, 0x3f, 0xf6, 0x00, 0x00, 0x00, 0x00, 0x3f, 0xf5, 0x00, 0x00, 0x0c, 0xfc,
    0x00, 0x00, 0x00, 0x00, 0x9f, 0xe0, 0x00, 0x00, 0x07, 0xff, 0x30, 0x00, 0x00, 0x00, 0xef, 0x90,
    0x00, 0x00, 0x01, 0xef, 0x80, 0x00, 0x00, 0x05, 0xff, 0x30, 0x00, 0x00, 0x00, 0xaf, 0xe0, 0x00,
    0x00, 0x0b, 0xfc, 0x00, 0x00, 0x00, 0x00, 0x4f, 0xf5, 0x00, 0x00, 0x1e, 0xf6, 0x00, 0x00, 0x00,
    0x00, 0x0d, 0xfb, 0x00, 0x00, 0x7f, 0xe1, 0x00, 0x00, 0x00, 0x00, 0x08, 0xfe, 0x10, 0x00, 0xdf,
    0xa0, 0x00, 0x00, 0x00, 0x00, 0x02, 0xff, 0x70, 0x03, 0xff, 0x40, 0x00, 0x00, 0x00, 0x00, 0x00,
    0xbf, 0xc0, 0x09, 0xfd, 0x00, 0x00, 0x00, 0x00, 0x00, 0x00, 0x5f, 0xf3, 0x0e, 0xf7, 0x00, 0x00,
    0x00, 0x00, 0x00, 0x00, 0x0e, 0xf8, 0x5f, 0xe1, 0x00, 0x00, 0x00, 0x00, 0x00, 0x00, 0x08, 0xfd,
    0xaf, 0xb0, 0x00, 0x00, 0x00, 0x00, 0x00, 0x00, 0x03, 0xff, 0xff, 0x50, 0x00, 0x00, 0x00, 0x00,
    0x00, 0x00, 0x00, 0xcf, 0xfd, 0x00, 0x00, 0x00, 0x00, 0x00, 0x00, 0x00, 0x00, 0x6f, 0xf8, 0x00,
    0x00, 0x00, 0x00, 0x3f, 0xf5, 0x00, 0x00, 0x00, 0x00, 0x09, 0xff, 0x30, 0x00, 0x00, 0x00, 0x00,
    0xbf, 0xd0, 0x0d, 0xfa, 0x00, 0x00, 0x00, 0x00, 0x0d, 0xff, 0x80, 0x00, 0x00, 0x00, 0x00, 0xef,
    0x80, 0x09, 0xfe, 0x00, 0x00, 0x00, 0x00, 0x3f, 0xff, 0xc0, 0x00, 0x00, 0x00, 0x04, 0xff, 0x40,
    0x05, 0xff, 0x30, 0x00, 0x00, 0x00, 0x7f, 0xce, 0xf2, 0x00, 0x00, 0x00, 0x09, 0xfe, 0x00, 0x00,
    0xef, 0x70, 0x00, 0x00, 0x00, 0xcf, 0x7c, 0xf6, 0x00, 0x00, 0x00, 0x0d, 0xfa, 0x00, 0x00, 0xbf,
    0xc0, 0x00, 0x00, 0x01, 0xff, 0x38, 0xfb, 0x00, 0x00, 0x00, 0x2f, 0xf5, 0x00, 0x00, 0x6f, 0xe1,
    0x00, 0x00, 0x06, 0xfe, 0x04, 0xfe, 0x10, 0x00, 0x00, 0x7f, 0xe1, 0x00, 0x00, 0x2f, 0xf5, 0x00,
    0x00, 0x0b, 0xf9, 0x00, 0xef, 0x50, 0x00, 0x00, 0xbf, 0xb0, 0x00, 0x00, 0x0c, 0xf9, 0x00, 0x00,
    0x0e, 0xf5, 0x00, 0xbf, 0x90, 0x00, 0x00, 0xef, 0x70, 0x00, 0x00, 0x08, 0xfd, 0x00, 0x00, 0x5f,
    0xe1, 0x00, 0x6f, 0xe0, 0x00, 0x05, 0xff, 0x20, 0x00, 0x00, 0x03, 0xff, 0x30, 0x00, 0x9f, 0xb0,
    0x00, 0x2f, 0xf3, 0x00, 0x09, 0xfd, 0x00, 0x00, 0x00, 0x00, 0xef, 0x70, 0x00, 0xdf, 0x70, 0x00,
    0x0c, 0xf8, 0x00, 0x0d, 0xf8, 0x00, 0x00, 0x00, 0x00, 0x9f, 0xb0, 0x03, 0xff, 0x20, 0x00, 0x08,
    0xfc, 0x00, 0x2f, 0xf4, 0x00, 0x00, 0x00, 0x00, 0x5f, 0xe0, 0x07, 0xfd, 0x00, 0x00, 0x03, 0xfe,
    0x10, 0x6f, 0xe0, 0x00, 0x00, 0x00, 0x00, 0x0e, 0xf4, 0x0b, 0xf8, 0x00, 0x00, 0x00, 0xdf, 0x50,
    0xaf, 0xa0, 0x00, 0x00, 0x00, 0x00, 0x0b, 0xf8, 0x0e, 0xf3, 0x00, 0x00, 0x00, 0x9f, 0x90, 0xef,
    0x50, 0x00, 0x00, 0x00, 0x00, 0x06, 0xfc, 0x4f, 0xe0, 0x00, 0x00, 0x00, 0x5f, 0xd4, 0xfe, 0x10,
    0x00, 0x00, 0x00, 0x00, 0x02, 0xff, 0xaf, 0x90, 0x00, 0x00, 0x00, 0x0e, 0xfa, 0xfb, 0x00, 0x00,
    0x00, 0x00, 0x00, 0x00, 0xcf, 0xff, 0x50, 0x00, 0x00, 0x00, 0x0b, 0xff, 0xf7, 0x00, 0x00, 0x00,
    0x00, 0x00, 0x00, 0x8f, 0xfe, 0x00, 0x00, 0x00, 0x00, 0x06, 0xff, 0xf2, 0x00, 0x00, 0x00, 0x00,
    0x00, 0x00, 0x3f, 0xfb, 0x00, 0x00, 0x00, 0x00, 0x02, 0xff, 0xd0, 0x00, 0x00, 0x00, 0x0b, 0xfe,
    0x30, 0x00, 0x00, 0x00, 0x00, 0x09, 0xff, 0x40, 0x02, 0xef, 0xc0, 0x00, 0x00, 0x00, 0x00, 0x5f,
    0xf8, 0x00, 0x00, 0x5f, 0xf8, 0x00, 0x00, 0x00, 0x01, 0xef, 0xc0, 0x00, 0x00, 0x09, 0xff, 0x40,
    0x00, 0x00, 0x0b, 0xfe, 0x20, 0x00, 0x00, 0x00, 0xcf, 0xd1, 0x00, 0x00, 0x7f, 0xf6, 0x00, 0x00,
    0x00, 0x00, 0x3e, 0xfa, 0x00, 0x03, 0xef, 0xa0, 0x00, 0x00, 0x00, 0x00, 0x06, 0xff, 0x50, 0x0c,
    0xfd, 0x10, 0x00, 0x00, 0x00, 0x00, 0x00, 0xaf, 0xe2, 0x9f, 0xe3, 0x00, 0x00, 0x00, 0x00, 0x00,
    0x00, 0x1d, 0xff, 0xff, 0x70, 0x00, 0x00, 0x00, 0x00, 0x00, 0x00, 0x04, 0xff, 0xfb, 0x00, 0x00,
    0x00, 0x00, 0x00, 0x00, 0x00, 0x00, 0xff, 0xf7, 0x00, 0x00, 0x00, 0x00, 0x00, 0x00, 0x00, 0x09,
    0xff, 0xfe, 0x20, 0x00, 0x00, 0x00, 0x00, 0x00, 0x00, 0x5f, 0xf7, 0xdf, 0xc0, 0x00, 0x00, 0x00,
    0x00, 0x00, 0x01, 0xef, 0xa0, 0x4f, 0xf8, 0x00, 0x00, 0x00, 0x00, 0x00, 0x0b, 0xfd, 0x10, 0x08,
    0xfe, 0x40, 0x00, 0x00, 0x00, 0x00, 0x8f, 0xf4, 0x00, 0x00, 0xcf, 0xd1, 0x00, 0x00, 0x00, 0x04,
    0xef, 0x90, 0x00, 0x00, 0x2e, 0xfb, 0x00, 0x00, 0x00, 0x1d, 0xfc, 0x00, 0x00, 0x00, 0x06, 0xff,
    0x70, 0x00, 0x00, 0xbf, 0xe2, 0x00, 0x00, 0x00, 0x00, 0xbf, 0xe3, 0x00, 0x07, 0xff, 0x60, 0x00,
    0x00, 0x00, 0x00, 0x1d, 0xfd, 0x00, 0x3e, 0xfa, 0x00, 0x00, 0x00, 0x00, 0x00, 0x04, 0xff, 0x90,
    0xaf, 0xe1, 0x00, 0x00, 0x00, 0x00, 0x00, 0x00, 0xcf, 0xc0, 0x4f, 0xf6, 0x00, 0x00, 0x00, 0x00,
    0x00, 0x03, 0xff, 0x60, 0x0d, 0xfc, 0x00, 0x00, 0x00, 0x00, 0x00, 0x09, 0xfe, 0x10, 0x07, 0xff,
    0x20, 0x00, 0x00, 0x00, 0x00, 0x0e, 0xf9, 0x00, 0x01, 0xef, 0x80, 0x00, 0x00, 0x00, 0x00, 0x5f,
    0xf3, 0x00, 0x00, 0xaf, 0xe0, 0x00, 0x00, 0x00, 0x00, 0xbf, 0xd0, 0x00, 0x00, 0x4f, 0xf5, 0x00,
    0x00, 0x00, 0x01, 0xef, 0x70, 0x00, 0x00, 0x0d, 0xfb, 0x00, 0x00, 0x00, 0x07, 0xfe, 0x10, 0x00,
    0x00, 0x07, 0xfe, 0x20, 0x00, 0x00, 0x0d, 0xfa, 0x00, 0x00, 0x00, 0x01, 0xef, 0x70, 0x00, 0x00,
    0x4f, 0xf4, 0x00, 0x00, 0x00, 0x00, 0xaf, 0xd0, 0x00, 0x00, 0x9f, 0xd0, 0x00, 0x00, 0x00, 0x00,
    0x4f, 0xf4, 0x00, 0x01, 0xef, 0x70, 0x00, 0x00, 0x00, 0x00, 0x0d, 0xfa, 0x00, 0x06, 0xfe, 0x10,
    0x00, 0x00, 0x00, 0x00, 0x07, 0xfe, 0x10, 0x0c, 0xfa, 0x00, 0x00, 0x00, 0x00, 0x00, 0x01, 0xef,
    0x60, 0x2f, 0xf5, 0x00, 0x00, 0x00, 0x00, 0x00, 0x00, 0xbf, 0xc0, 0x8f, 0xd0, 0x00, 0x00, 0x00,
    0x00, 0x00, 0x00, 0x5f, 0xf2, 0xdf, 0x80, 0x00, 0x00, 0x00, 0x00, 0x00, 0x00, 0x0d, 0xfc, 0xff,
    0x20, 0x00, 0x00, 0x00, 0x00, 0x00, 0x00, 0x08, 0xff, 0xfb, 0x00, 0x00, 0x00, 0x00, 0x00, 0x00,
    0x00, 0x02, 0xff, 0xf5, 0x00, 0x00, 0x00, 0x00, 0x00, 0x00, 0x00, 0x00, 0xbf, 0xe0, 0x00, 0x00,
    0x00, 0x00, 0x00, 0x00, 0x00, 0x00, 0xef, 0x80, 0x00, 0x00, 0x00, 0x00, 0x00, 0x00, 0x00, 0x05,
    0xff, 0x20, 0x00, 0x00, 0x00, 0x00, 0x00, 0x00, 0x00, 0x0b, 0xfb, 0x00, 0x00, 0x00, 0x00, 0x00,
    0x00, 0x00, 0x00, 0x3f, 0xf6, 0x00, 0x00, 0x00, 0x00, 0x00, 0x00, 0x00, 0x00, 0xbf, 0xd0, 0x00,
    0x00, 0x00, 0x00, 0x00, 0x00, 0x44, 0x5b, 0xff, 0x50, 0x00, 0x00, 0x00, 0x00, 0x00, 0x00, 0xff,
    0xff, 0xf8, 0x00, 0x00, 0x00, 0x00, 0x00, 0x00, 0x00, 0xff, 0xeb, 0x50, 0x00, 0x00, 0x00, 0x00,
    0x00, 0x00, 0xff, 0xff, 0xff, 0xff, 0xff, 0xff, 0xff, 0xf0, 0xff, 0xff, 0xff, 0xff, 0xff, 0xff,
    0xff, 0xf0, 0x44, 0x44, 0x44, 0x44, 0x44, 0x47, 0xff, 0xa0, 0x00, 0x00, 0x00, 0x00, 0x00, 0x0d,
    0xfd, 0x10, 0x00, 0x00, 0x00, 0x00, 0x00, 0x9f, 0xe4, 0x00, 0x00, 0x00, 0x00, 0x00, 0x05, 0xff,
    0x80, 0x00, 0x00, 0x00, 0x00, 0x00, 0x1e, 0xfc, 0x00, 0x00, 0x00, 0x00, 0x00, 0x00, 0xbf, 0xe2,
    0x00, 0x00, 0x00, 0x00, 0x00, 0x07, 0xff, 0x60, 0x00, 0x00, 0x00, 0x00, 0x00, 0x3e, 0xfa, 0x00,
    0x00, 0x00, 0x00, 0x00, 0x00, 0xdf, 0xd1, 0x00, 0x00, 0x00, 0x00, 0x00, 0x09, 0xff, 0x40, 0x00,
    0x00, 0x00, 0x00, 0x00, 0x5f, 0xf8, 0x00, 0x00, 0x00, 0x00, 0x00, 0x01, 0xef, 0xc0, 0x00, 0x00,
    0x00, 0x00, 0x00, 0x0b, 0xfe, 0x20, 0x00, 0x00, 0x00, 0x00, 0x00, 0x7f, 0xf6, 0x00, 0x00, 0x00,
    0x00, 0x00, 0x03, 0xef, 0xa0, 0x00, 0x00, 0x00, 0x00, 0x00, 0x0d, 0xfd, 0x10, 0x00, 0x00, 0x00,
    0x00, 0x00, 0x9f, 0xf8, 0x44, 0x44, 0x44, 0x44, 0x44, 0x40, 0xff, 0xff, 0xff, 0xff, 0xff, 0xff,
    0xff, 0xf0, 0xff, 0xff, 0xff, 0xff, 0xff, 0xff, 0xff, 0xf0, 0x4d, 0xd4, 0xdf, 0xfd, 0xdf, 0xfd,
    0x4d, 0xd4,
};

static const InterGlyph inter_lt_40_glyphs[] = {
    { .ch=' '   , .width=  0, .height=  0, .ofs_x=   0, .ofs_y=   0, .adv_w=  614, .data_offset=     0 },  /*    adv=9.59px */
    { .ch='\''  , .width=  3, .height=  9, .ofs_x=   3, .ofs_y=  21, .adv_w=  536, .data_offset=     0 },  /* '  adv=8.38px */
    { .ch='\"'  , .width=  8, .height=  9, .ofs_x=   3, .ofs_y=  21, .adv_w=  869, .data_offset=    18 },  /* "  adv=13.58px */
    { .ch='0'   , .width= 21, .height= 29, .ofs_x=   2, .ofs_y=   1, .adv_w= 1521, .data_offset=    54 },  /* 0  adv=23.77px */
    { .ch='1'   , .width= 10, .height= 29, .ofs_x=   1, .ofs_y=   1, .adv_w=  879, .data_offset=   373 },  /* 1  adv=13.73px */
    { .ch='2'   , .width= 19, .height= 29, .ofs_x=   2, .ofs_y=   1, .adv_w= 1415, .data_offset=   518 },  /* 2  adv=22.11px */
    { .ch='3'   , .width= 20, .height= 29, .ofs_x=   2, .ofs_y=   1, .adv_w= 1475, .data_offset=   808 },  /* 3  adv=23.05px */
    { .ch='4'   , .width= 22, .height= 29, .ofs_x=   1, .ofs_y=   1, .adv_w= 1549, .data_offset=  1098 },  /* 4  adv=24.20px */
    { .ch='5'   , .width= 19, .height= 29, .ofs_x=   1, .ofs_y=   1, .adv_w= 1419, .data_offset=  1417 },  /* 5  adv=22.17px */
    { .ch='6'   , .width= 20, .height= 29, .ofs_x=   2, .ofs_y=   1, .adv_w= 1441, .data_offset=  1707 },  /* 6  adv=22.52px */
    { .ch='7'   , .width= 19, .height= 29, .ofs_x=   1, .ofs_y=   1, .adv_w= 1320, .data_offset=  1997 },  /* 7  adv=20.62px */
    { .ch='8'   , .width= 19, .height= 29, .ofs_x=   2, .ofs_y=   1, .adv_w= 1436, .data_offset=  2287 },  /* 8  adv=22.44px */
    { .ch='9'   , .width= 20, .height= 29, .ofs_x=   2, .ofs_y=   1, .adv_w= 1441, .data_offset=  2577 },  /* 9  adv=22.52px */
    { .ch=':'   , .width=  4, .height= 20, .ofs_x=   2, .ofs_y=   1, .adv_w=  541, .data_offset=  2867 },  /* :  adv=8.45px */
    { .ch='A'   , .width= 26, .height= 29, .ofs_x=   0, .ofs_y=   1, .adv_w= 1623, .data_offset=  2907 },  /* A  adv=25.36px */
    { .ch='B'   , .width= 21, .height= 29, .ofs_x=   3, .ofs_y=   1, .adv_w= 1604, .data_offset=  3284 },  /* B  adv=25.06px */
    { .ch='C'   , .width= 25, .height= 29, .ofs_x=   2, .ofs_y=   1, .adv_w= 1796, .data_offset=  3603 },  /* C  adv=28.06px */
    { .ch='D'   , .width= 23, .height= 29, .ofs_x=   3, .ofs_y=   1, .adv_w= 1733, .data_offset=  3980 },  /* D  adv=27.08px */
    { .ch='E'   , .width= 19, .height= 29, .ofs_x=   3, .ofs_y=   1, .adv_w= 1466, .data_offset=  4328 },  /* E  adv=22.91px */
    { .ch='F'   , .width= 18, .height= 29, .ofs_x=   3, .ofs_y=   1, .adv_w= 1400, .data_offset=  4618 },  /* F  adv=21.88px */
    { .ch='G'   , .width= 25, .height= 29, .ofs_x=   2, .ofs_y=   1, .adv_w= 1824, .data_offset=  4879 },  /* G  adv=28.50px */
    { .ch='H'   , .width= 22, .height= 29, .ofs_x=   3, .ofs_y=   1, .adv_w= 1781, .data_offset=  5256 },  /* H  adv=27.83px */
    { .ch='I'   , .width=  3, .height= 29, .ofs_x=   3, .ofs_y=   1, .adv_w=  556, .data_offset=  5575 },  /* I  adv=8.69px */
    { .ch='J'   , .width= 17, .height= 29, .ofs_x=   2, .ofs_y=   1, .adv_w= 1344, .data_offset=  5633 },  /* J  adv=21.00px */
    { .ch='K'   , .width= 21, .height= 29, .ofs_x=   3, .ofs_y=   1, .adv_w= 1549, .data_offset=  5894 },  /* K  adv=24.20px */
    { .ch='L'   , .width= 17, .height= 29, .ofs_x=   3, .ofs_y=   1, .adv_w= 1349, .data_offset=  6213 },  /* L  adv=21.08px */
    { .ch='M'   , .width= 28, .height= 29, .ofs_x=   3, .ofs_y=   1, .adv_w= 2174, .data_offset=  6474 },  /* M  adv=33.97px */
    { .ch='N'   , .width= 23, .height= 29, .ofs_x=   3, .ofs_y=   1, .adv_w= 1816, .data_offset=  6880 },  /* N  adv=28.38px */
    { .ch='O'   , .width= 26, .height= 29, .ofs_x=   2, .ofs_y=   1, .adv_w= 1863, .data_offset=  7228 },  /* O  adv=29.11px */
    { .ch='P'   , .width= 20, .height= 29, .ofs_x=   3, .ofs_y=   1, .adv_w= 1513, .data_offset=  7605 },  /* P  adv=23.64px */
    { .ch='Q'   , .width= 26, .height= 32, .ofs_x=   2, .ofs_y=  -2, .adv_w= 1863, .data_offset=  7895 },  /* Q  adv=29.11px */
    { .ch='R'   , .width= 20, .height= 29, .ofs_x=   3, .ofs_y=   1, .adv_w= 1573, .data_offset=  8311 },  /* R  adv=24.58px */
    { .ch='S'   , .width= 21, .height= 29, .ofs_x=   2, .ofs_y=   1, .adv_w= 1518, .data_offset=  8601 },  /* S  adv=23.72px */
    { .ch='T'   , .width= 22, .height= 29, .ofs_x=   1, .ofs_y=   1, .adv_w= 1544, .data_offset=  8920 },  /* T  adv=24.12px */
    { .ch='U'   , .width= 22, .height= 29, .ofs_x=   3, .ofs_y=   1, .adv_w= 1764, .data_offset=  9239 },  /* U  adv=27.56px */
    { .ch='V'   , .width= 25, .height= 29, .ofs_x=   0, .ofs_y=   1, .adv_w= 1623, .data_offset=  9558 },  /* V  adv=25.36px */
    { .ch='W'   , .width= 37, .height= 29, .ofs_x=   0, .ofs_y=   1, .adv_w= 2374, .data_offset=  9935 },  /* W  adv=37.09px */
    { .ch='X'   , .width= 25, .height= 29, .ofs_x=   0, .ofs_y=   1, .adv_w= 1596, .data_offset= 10486 },  /* X  adv=24.94px */
    { .ch='Y'   , .width= 25, .height= 29, .ofs_x=   0, .ofs_y=   1, .adv_w= 1605, .data_offset= 10863 },  /* Y  adv=25.08px */
    { .ch='Z'   , .width= 22, .height= 29, .ofs_x=   1, .ofs_y=   1, .adv_w= 1554, .data_offset= 11240 },  /* Z  adv=24.28px */
    { .ch='a'   , .width= 17, .height= 21, .ofs_x=   1, .ofs_y=   1, .adv_w= 1301, .data_offset= 11559 },  /* a  adv=20.33px */
    { .ch='b'   , .width= 19, .height= 29, .ofs_x=   3, .ofs_y=   1, .adv_w= 1431, .data_offset= 11748 },  /* b  adv=22.36px */
    { .ch='c'   , .width= 18, .height= 21, .ofs_x=   1, .ofs_y=   1, .adv_w= 1316, .data_offset= 12038 },  /* c  adv=20.56px */
    { .ch='d'   , .width= 19, .height= 29, .ofs_x=   1, .ofs_y=   1, .adv_w= 1431, .data_offset= 12227 },  /* d  adv=22.36px */
    { .ch='e'   , .width= 19, .height= 21, .ofs_x=   1, .ofs_y=   1, .adv_w= 1351, .data_offset= 12517 },  /* e  adv=21.11px */
    { .ch='f'   , .width= 11, .height= 29, .ofs_x=   0, .ofs_y=   1, .adv_w=  725, .data_offset= 12727 },  /* f  adv=11.33px */
    { .ch='g'   , .width= 19, .height= 29, .ofs_x=   1, .ofs_y=  -7, .adv_w= 1431, .data_offset= 12901 },  /* g  adv=22.36px */
    { .ch='h'   , .width= 17, .height= 29, .ofs_x=   3, .ofs_y=   1, .adv_w= 1379, .data_offset= 13191 },  /* h  adv=21.55px */
    { .ch='i'   , .width=  4, .height= 29, .ofs_x=   2, .ofs_y=   1, .adv_w=  483, .data_offset= 13452 },  /* i  adv=7.55px */
    { .ch='j'   , .width=  8, .height= 37, .ofs_x=  -2, .ofs_y=  -7, .adv_w=  485, .data_offset= 13510 },  /* j  adv=7.58px */
    { .ch='k'   , .width= 17, .height= 29, .ofs_x=   3, .ofs_y=   1, .adv_w= 1219, .data_offset= 13658 },  /* k  adv=19.05px */
    { .ch='l'   , .width=  3, .height= 29, .ofs_x=   3, .ofs_y=   1, .adv_w=  483, .data_offset= 13919 },  /* l  adv=7.55px */
    { .ch='m'   , .width= 29, .height= 21, .ofs_x=   3, .ofs_y=   1, .adv_w= 2118, .data_offset= 13977 },  /* m  adv=33.09px */
    { .ch='n'   , .width= 17, .height= 21, .ofs_x=   3, .ofs_y=   1, .adv_w= 1379, .data_offset= 14292 },  /* n  adv=21.55px */
    { .ch='o'   , .width= 19, .height= 21, .ofs_x=   1, .ofs_y=   1, .adv_w= 1378, .data_offset= 14481 },  /* o  adv=21.53px */
    { .ch='p'   , .width= 19, .height= 29, .ofs_x=   3, .ofs_y=  -7, .adv_w= 1431, .data_offset= 14691 },  /* p  adv=22.36px */
    { .ch='q'   , .width= 19, .height= 29, .ofs_x=   1, .ofs_y=  -7, .adv_w= 1431, .data_offset= 14981 },  /* q  adv=22.36px */
    { .ch='r'   , .width=  9, .height= 21, .ofs_x=   3, .ofs_y=   1, .adv_w=  774, .data_offset= 15271 },  /* r  adv=12.09px */
    { .ch='s'   , .width= 16, .height= 21, .ofs_x=   1, .ofs_y=   1, .adv_w= 1191, .data_offset= 15376 },  /* s  adv=18.61px */
    { .ch='t'   , .width= 11, .height= 26, .ofs_x=   0, .ofs_y=   1, .adv_w=  728, .data_offset= 15544 },  /* t  adv=11.38px */
    { .ch='u'   , .width= 17, .height= 21, .ofs_x=   3, .ofs_y=   1, .adv_w= 1379, .data_offset= 15700 },  /* u  adv=21.55px */
    { .ch='v'   , .width= 20, .height= 21, .ofs_x=   0, .ofs_y=   1, .adv_w= 1289, .data_offset= 15889 },  /* v  adv=20.14px */
    { .ch='w'   , .width= 29, .height= 21, .ofs_x=   0, .ofs_y=   1, .adv_w= 1898, .data_offset= 16099 },  /* w  adv=29.66px */
    { .ch='x'   , .width= 19, .height= 21, .ofs_x=   0, .ofs_y=   1, .adv_w= 1271, .data_offset= 16414 },  /* x  adv=19.86px */
    { .ch='y'   , .width= 19, .height= 29, .ofs_x=   1, .ofs_y=  -7, .adv_w= 1289, .data_offset= 16624 },  /* y  adv=20.14px */
    { .ch='z'   , .width= 15, .height= 21, .ofs_x=   2, .ofs_y=   1, .adv_w= 1198, .data_offset= 16914 },  /* z  adv=18.72px */
    { .ch='.'   , .width=  4, .height=  4, .ofs_x=   2, .ofs_y=   1, .adv_w=  541, .data_offset= 17082 },  /* .  adv=8.45px */
};

static const char inter_lt_40_charset[] = " '\"0123456789:ABCDEFGHIJKLMNOPQRSTUVWXYZabcdefghijklmnopqrstuvwxyz.";

/* kern_table[i*67+j]: pixel adjustment after glyph i, before glyph j */
static const int8_t inter_lt_40_kern[67 * 67] = {
       0,    0,    0,    0,    0,    0,    0,    0,    0,    0,    0,    0,    0,    0,    0,    0,    0,    0,    0,    0,    0,    0,    0,    0,    0,    0,    0,    0,    0,    0,    0,    0,    0,    0,    0,    0,    0,    0,    0,    0,    0,    0,    0,    0,    0,    0,    0,    0,    0,    0,    0,    0,    0,    0,    0,    0,    0,    0,    0,    0,    0,    0,    0,    0,    0,    0,    0,  /* ' ' */
       0,    0,    0,    0,    0,    0,    0,   -2,    0,    0,    0,    0,    0,    0,   -3,    0,    0,    0,    0,    0,    0,    0,    0,   -7,    0,    0,    0,    0,    0,    0,    0,    0,    0,    0,    0,    0,    0,    0,    0,    0,    0,    0,   -1,   -1,   -1,    0,   -1,    0,    0,    0,    0,    0,    0,    0,   -1,    0,   -1,    0,   -1,    0,    0,    0,    0,    0,    0,    0,   -4,  /* ''' */
       0,    0,    0,    0,    0,    0,    0,   -2,    0,    0,    0,    0,    0,    0,   -3,    0,    0,    0,    0,    0,    0,    0,    0,   -7,    0,    0,    0,    0,    0,    0,    0,    0,    0,    0,    0,    0,    0,    0,    0,    0,    0,    0,   -1,   -1,   -1,    0,   -1,    0,    0,    0,    0,    0,    0,    0,   -1,    0,   -1,    0,   -1,    0,    0,    0,    0,    0,    0,    0,   -4,  /* '"' */
       0,    0,    0,    0,    0,    0,    0,    0,    0,    0,   -1,    0,    0,    0,   -1,    0,    0,    0,    0,    0,    0,    0,    0,    0,    0,    0,    0,    0,    0,    0,    0,    0,    0,    0,    0,   -1,    0,   -1,   -1,    0,    0,    0,    0,    0,    0,    0,    0,    0,    0,    0,    0,    0,    0,    0,    0,    0,    0,    0,    0,    1,    0,    0,    0,    0,    0,    0,   -1,  /* '0' */
       0,    0,    0,    0,    0,    0,    0,    0,    0,    0,    0,    0,    0,    0,    0,    0,    0,    0,    0,    0,    0,    0,    0,    0,    0,    0,    0,    0,    0,    0,    0,    0,    0,    0,    0,    0,    0,    0,    0,    0,    0,    0,    0,    0,    0,    0,    0,    0,    0,    0,    0,    0,    0,    0,    0,    0,    0,    0,    0,    0,    0,    0,    0,    0,    0,    0,    0,  /* '1' */
       0,    0,    0,    0,    0,    0,    0,   -1,    0,    0,    0,    0,    0,    0,    0,    0,    0,    0,    0,    0,    0,    0,    0,    0,    0,    0,    0,    0,    0,    0,    0,    0,    0,    0,    0,    0,    0,    0,    0,    0,    0,    0,    0,    0,    0,    0,    0,    0,    0,    0,    0,    0,    0,    0,    0,    0,    0,    0,    0,    0,    0,    0,    0,    0,    0,    0,    0,  /* '2' */
       0,    0,    0,    0,    0,    0,    0,    0,    0,    0,    0,    0,    0,    0,    0,    0,    0,    0,    0,    0,    0,    0,    0,    0,    0,    0,    0,    0,    0,    0,    0,    0,    0,    0,    0,    0,    0,   -1,    0,    0,    0,    0,    0,    0,    0,    0,    0,    0,    0,    0,    0,    0,    0,    0,    0,    0,    0,    0,    0,    0,    0,    0,    0,    0,    0,    0,   -1,  /* '3' */
       0,    0,    0,    0,   -2,    0,    0,    0,    0,    0,   -1,    0,    0,    0,    0,    0,    0,    0,    0,    0,    0,    0,    0,    0,    0,    0,    0,    0,    0,    0,    0,    0,    0,    0,    0,    0,    0,    0,    0,    0,    0,    0,    0,    0,    0,    0,    0,    0,    0,    0,    0,    0,    0,    0,    0,    0,    0,    0,    0,   -1,    0,    0,    0,    0,    0,    0,   -1,  /* '4' */
       0,    0,    0,    0,   -1,    0,    0,    0,    0,    0,    0,    0,    0,    0,    0,    0,    0,    0,    0,    0,    0,    0,    0,    0,    0,    0,    0,    0,    0,    0,    0,    0,    0,    0,    0,    0,    0,    0,    0,    0,    0,    0,    0,    0,    0,    0,    0,    0,    0,    0,    0,    0,    0,    0,    0,    0,    0,    0,    0,    0,    0,    0,    0,    0,    0,    0,   -1,  /* '5' */
       0,    0,    0,    0,    0,    0,    0,    0,    0,    0,    0,    0,    0,    0,    0,    0,    0,    0,    0,    0,    0,    0,    0,    0,    0,    0,    0,    0,    0,    0,    0,    0,    0,    0,    0,    0,    0,    0,    0,    0,    0,    0,    0,    0,    0,    0,    0,    0,    0,    0,    0,    0,    0,    0,    0,    0,    0,    0,    0,    0,    0,    0,    0,    0,    0,    0,   -1,  /* '6' */
       0,    0,    0,   -1,    0,    0,   -1,   -2,    0,   -1,    1,   -1,    0,   -1,   -4,    0,    0,    0,    0,    0,    0,    0,    0,   -4,    0,    0,    0,    0,    0,    0,    0,    0,    0,    0,    0,    0,    0,    0,    0,    0,   -2,    0,   -2,   -2,   -2,    0,   -2,    0,    0,    0,    0,    0,   -2,   -2,   -2,   -2,   -2,   -2,   -3,    0,    0,    0,    0,    0,    0,    0,   -5,  /* '7' */
       0,    0,    0,    0,    0,    0,    0,    0,    0,    0,    0,    0,    0,    0,    0,    0,    0,    0,    0,    0,    0,    0,    0,    0,    0,    0,    0,    0,    0,    0,    0,    0,    0,    0,    0,    0,    0,   -1,    0,    0,    0,    0,    0,    0,    0,    0,    0,    0,    0,    0,    0,    0,    0,    0,    0,    0,    0,    0,    0,    0,    0,    0,    0,    0,    0,    0,   -1,  /* '8' */
       0,    0,    0,    0,    0,    0,    0,    0,    0,    0,   -1,    0,    0,    0,   -1,    0,    0,    0,    0,    0,    0,    0,    0,    0,    0,    0,    0,    0,    0,    0,    0,    0,    0,    0,    0,   -1,    0,   -1,   -1,    0,    0,    0,    0,    0,    0,    0,    0,    0,    0,    0,    0,    0,    0,    0,    0,    0,    0,    0,    0,    1,    0,    0,    0,    0,    0,    0,   -1,  /* '9' */
       0,    0,    0,    0,    0,    0,    0,    0,    0,    0,    0,    0,    0,    0,    0,    0,    0,    0,    0,    0,    0,    0,    0,    0,    0,    0,    0,    0,    0,    0,    0,    0,    0,    0,    0,    0,    0,    0,    0,    0,    0,    0,    0,    0,    0,    0,    0,    0,    0,    0,    0,    0,    0,    0,    0,    0,    0,    0,    0,    0,    0,    0,    0,    0,    0,    0,    0,  /* ':' */
       0,   -3,   -3,   -1,   -3,    0,    0,    0,    0,   -1,    0,    0,    0,    0,    1,    0,   -1,    0,    0,    0,   -1,    0,    0,    0,    0,    0,    0,    0,   -1,    0,   -1,    0,    0,   -4,   -1,   -4,   -2,    0,   -4,    0,    0,    0,   -1,   -1,   -1,    0,   -1,    0,    0,    0,    0,    0,    0,    0,   -1,    0,   -1,    0,    0,   -1,    0,   -3,   -3,    0,   -3,    0,    0,  /* 'A' */
       0,    0,    0,    0,    0,    0,    0,    0,    0,    0,    0,    0,    0,    0,    0,    0,    0,    0,    0,    0,    0,    0,    0,    0,    0,    0,    0,    0,    0,    0,    0,    0,    0,   -2,    0,    0,    0,    0,    0,    0,    0,    0,    0,    0,    0,    0,    0,    0,    0,    0,    0,    0,    0,    0,    0,    0,    0,    0,    0,    0,    0,    0,    0,    0,    0,    0,    0,  /* 'B' */
       0,    0,    0,    0,    0,    0,    0,    0,    0,    0,    0,    0,    0,    0,    0,    0,    0,    0,    0,    0,    0,    0,    0,    0,    0,    0,    0,    0,    0,    0,    0,    0,    0,    0,    0,    0,    0,    0,    0,    0,    0,    0,    0,    0,    0,    0,    0,    0,    0,    0,    0,    0,    0,    0,    0,    0,    0,    0,    0,    0,    0,    0,    0,    0,    0,    0,    0,  /* 'C' */
       0,    0,    0,    0,    0,    0,    0,    0,    0,    0,    0,    0,    0,    0,   -1,    0,    0,    0,    0,    0,    0,    0,    0,    0,    0,    0,    0,    0,    0,    0,    0,    0,    0,   -2,    0,   -1,   -1,   -2,   -2,    0,    0,    0,    0,    0,    0,    0,    0,    0,    0,    0,    0,    0,    0,    0,    0,    0,    0,    0,    0,    0,    0,    0,    0,    0,    0,    0,   -2,  /* 'D' */
       0,    0,    0,    0,    0,    0,    0,    0,    0,    0,    0,    0,    0,    0,    0,    0,    0,    0,    0,    0,    0,    0,    0,    0,    0,    0,    0,    0,    0,    0,    0,    0,    0,    0,    0,    0,    0,    0,    0,    0,    0,    0,    0,    0,    0,    0,    0,    0,    0,    0,    0,    0,    0,    0,    0,    0,    0,    0,    0,    0,    0,    0,    0,    0,    0,    0,    0,  /* 'E' */
       0,    0,    0,    0,    0,    0,    0,    0,    0,    0,    0,    0,    0,    0,   -4,    0,    0,    0,    0,    0,    0,    0,    0,   -3,    0,    0,    0,    0,    0,    0,    0,    0,    0,    0,    0,    0,    0,    0,    0,    0,   -1,    0,   -1,   -1,   -1,    0,   -1,    0,    0,    0,    0,    0,   -1,   -1,   -1,   -1,   -1,   -1,    0,    0,   -1,   -1,    0,    0,   -1,   -1,   -1,  /* 'F' */
       0,    0,    0,    0,    0,    0,    0,    0,    0,    0,    0,    0,    0,    0,   -1,    0,    0,    0,    0,    0,    0,    0,    0,    0,    0,    0,    0,    0,    0,    0,    0,    0,    0,   -1,    0,   -1,    0,    0,   -1,    0,    0,    0,    0,    0,    0,    0,    0,    0,    0,    0,    0,    0,    0,    0,    0,    0,    0,    0,    0,    0,    0,    0,    0,    0,    0,    0,    0,  /* 'G' */
       0,    0,    0,    0,    0,    0,    0,    0,    0,    0,    0,    0,    0,    0,    0,    0,    0,    0,    0,    0,    0,    0,    0,    0,    0,    0,    0,    0,    0,    0,    0,    0,    0,    0,    0,    0,    0,    0,    0,    0,    0,    0,    0,    0,    0,    0,    0,    0,    0,    0,    0,    0,    0,    0,    0,    0,    0,    0,    0,    0,    0,    0,    0,    0,    0,    0,    0,  /* 'H' */
       0,    0,    0,    0,    0,    0,    0,    0,    0,    0,    0,    0,    0,    0,    0,    0,    0,    0,    0,    0,    0,    0,    0,    0,    0,    0,    0,    0,    0,    0,    0,    0,    0,    0,    0,    0,    0,    0,    0,    0,    0,    0,    0,    0,    0,    0,    0,    0,    0,    0,    0,    0,    0,    0,    0,    0,    0,    0,    0,    0,    0,    0,    0,    0,    0,    0,    0,  /* 'I' */
       0,    0,    0,    0,    0,    0,    0,    0,    0,    0,    0,    0,    0,    0,   -1,    0,    0,    0,    0,    0,    0,    0,    0,    0,    0,    0,    0,    0,    0,    0,    0,    0,    0,    0,    0,    0,    0,    0,    0,    0,    0,    0,    0,    0,    0,    0,    0,    0,    0,    0,    0,    0,    0,    0,    0,    0,    0,    0,    0,    0,    0,    0,    0,    0,    0,    0,   -1,  /* 'J' */
       0,    0,    0,    0,    0,    0,    0,    0,    0,    0,    0,    0,    0,    0,    0,    0,   -2,    0,    0,    0,   -2,    0,    0,    0,    0,    0,    0,    0,   -2,    0,   -2,    0,   -1,    0,    0,    0,    0,    0,    0,    0,    0,    0,   -2,   -2,   -2,    0,   -2,    0,    0,    0,    0,    0,    0,    0,   -2,    0,   -2,    0,    0,    0,   -1,   -2,   -2,    0,   -2,    0,    0,  /* 'K' */
       0,   -4,   -4,    0,   -2,    0,    0,    0,    0,    0,    0,    0,    0,    0,    0,    0,   -1,    0,    0,    0,   -1,    0,    0,    0,    0,    0,    0,    0,   -1,    0,   -1,    0,    0,   -4,    0,   -3,    0,    0,   -5,    0,    0,    0,    0,    0,    0,    0,    0,    0,    0,    0,    0,    0,    0,    0,    0,    0,    0,    0,    0,   -1,    0,   -3,    0,    0,   -3,    0,    0,  /* 'L' */
       0,    0,    0,    0,    0,    0,    0,    0,    0,    0,    0,    0,    0,    0,    0,    0,    0,    0,    0,    0,    0,    0,    0,    0,    0,    0,    0,    0,    0,    0,    0,    0,    0,    0,    0,    0,    0,    0,    0,    0,    0,    0,    0,    0,    0,    0,    0,    0,    0,    0,    0,    0,    0,    0,    0,    0,    0,    0,    0,    0,    0,    0,    0,    0,    0,    0,    0,  /* 'M' */
       0,    0,    0,    0,    0,    0,    0,    0,    0,    0,    0,    0,    0,    0,    0,    0,    0,    0,    0,    0,    0,    0,    0,    0,    0,    0,    0,    0,    0,    0,    0,    0,    0,    0,    0,    0,    0,    0,    0,    0,    0,    0,    0,    0,    0,    0,    0,    0,    0,    0,    0,    0,    0,    0,    0,    0,    0,    0,    0,    0,    0,    0,    0,    0,    0,    0,    0,  /* 'N' */
       0,    0,    0,    0,    0,    0,    0,    0,    0,    0,    0,    0,    0,    0,   -1,    0,    0,    0,    0,    0,    0,    0,    0,    0,    0,    0,    0,    0,    0,    0,    0,    0,    0,   -2,    0,   -1,   -1,   -2,   -2,    0,    0,    0,    0,    0,    0,    0,    0,    0,    0,    0,    0,    0,    0,    0,    0,    0,    0,    0,    0,    0,    0,    0,    0,    0,    0,    0,   -2,  /* 'O' */
       0,    0,    0,    0,    0,    0,    0,    0,    0,    0,    0,    0,    0,    0,   -3,    0,    0,    0,    0,    0,    0,    0,    0,   -4,    0,    0,    0,    0,    0,    0,    0,    0,    0,    0,    0,    0,    0,    0,    0,    0,   -1,    0,   -1,   -1,   -1,    0,   -1,    0,    0,    0,    0,    0,    0,    0,   -1,    0,   -1,    0,    0,    0,    0,    0,    0,    0,    0,    0,   -1,  /* 'P' */
       0,    0,    0,    0,    0,    0,    0,    0,    0,    0,    0,    0,    0,    0,   -1,    0,    0,    0,    0,    0,    0,    0,    0,    0,    0,    0,    0,    0,    0,    0,    0,    0,    0,   -2,    0,   -1,   -1,   -2,   -2,    0,    0,    0,    0,    0,    0,    0,    0,    0,    0,    0,    0,    0,    0,    0,    0,    0,    0,    0,    0,    0,    0,    0,    0,    0,    0,    0,   -2,  /* 'Q' */
       0,    0,    0,    0,    0,    0,    0,    0,    0,    0,    0,    0,    0,    0,    0,    0,    0,    0,    0,    0,    0,    0,    0,    0,    0,    0,    0,    0,    0,    0,    0,    0,    0,   -1,    0,   -1,    0,    0,   -1,    0,    0,    0,   -1,   -1,   -1,    0,   -1,    0,    0,    0,    0,    0,    0,    0,   -1,    0,   -1,    0,    0,    0,    0,    0,    0,    0,    0,    0,    0,  /* 'R' */
       0,    0,    0,    0,    0,    0,    0,    0,    0,    0,    0,    0,    0,    0,    0,    0,    0,    0,    0,    0,    0,    0,    0,    0,    0,    0,    0,    0,    0,    0,    0,    0,    0,   -1,    0,    0,    0,    0,    0,    0,    0,    0,    0,    0,    0,    0,    0,    0,    0,    0,    0,    0,    0,    0,    0,    0,    0,    0,    0,    0,    0,    0,    0,    0,    0,    0,    0,  /* 'S' */
       0,    0,    0,   -1,    0,    0,    0,   -3,    0,   -1,   -3,    0,    0,   -2,   -4,    0,   -2,    0,    0,    0,   -2,    0,    0,   -4,    0,    0,    0,    0,   -2,    0,   -2,    0,    0,    0,    0,    0,    0,    0,    0,    0,   -4,    0,   -5,   -5,   -5,    0,   -5,    0,    0,    0,    0,    0,   -3,   -3,   -5,   -3,   -5,   -3,   -4,   -2,   -4,   -4,   -4,   -3,   -4,   -3,   -1,  /* 'T' */
       0,    0,    0,    0,    0,    0,    0,    0,    0,    0,    0,    0,    0,    0,   -1,    0,    0,    0,    0,    0,    0,    0,    0,    0,    0,    0,    0,    0,    0,    0,    0,    0,    0,    0,    0,    0,    0,    0,    0,    0,    0,    0,    0,    0,    0,    0,    0,    0,    0,    0,    0,    0,    0,    0,    0,    0,    0,    0,    0,    0,    0,    0,    0,    0,    0,    0,   -1,  /* 'U' */
       0,    0,    0,   -1,    0,    0,    0,   -1,    0,   -1,    0,    0,    0,   -2,   -4,    0,   -1,    0,    0,    0,   -1,    0,    0,   -4,    0,    0,    0,    0,   -1,    0,   -1,    0,    0,    0,    0,    1,    0,    0,    0,    0,   -2,    0,   -3,   -3,   -3,    0,   -3,    0,    0,    0,    0,    0,   -1,   -1,   -3,   -1,   -3,   -1,   -2,    0,    0,    0,    0,    0,    0,    0,   -4,  /* 'V' */
       0,    0,    0,    0,    0,    0,    0,   -1,    0,    0,    0,    0,    0,   -2,   -2,    0,   -1,    0,    0,    0,   -1,    0,    0,   -2,    0,    0,    0,    0,   -1,    0,   -1,    0,    0,    0,    0,    0,    1,    0,    0,    0,   -2,    0,   -2,   -2,   -2,    0,   -2,    0,    0,    0,    0,    0,   -1,   -1,   -2,   -1,   -2,   -1,   -1,    0,    0,    0,    0,    0,    0,    0,   -4,  /* 'W' */
       0,    0,    0,   -1,    0,    0,   -1,   -2,    0,   -1,    0,   -1,    0,    0,    0,    0,   -2,    0,    0,    0,   -2,    0,    0,    0,    0,    0,    0,    0,   -2,    0,   -2,    0,    0,   -1,    0,    0,    0,    0,    0,    0,   -2,    0,   -1,   -1,   -1,    0,   -1,    0,    0,    0,    0,    0,    0,    0,   -1,    0,   -1,    0,    0,    0,    0,    0,    0,    0,    0,    0,    0,  /* 'X' */
       0,    0,    0,    0,    0,    0,    0,   -3,    0,    0,    0,    0,    0,   -2,   -4,    0,   -2,    0,    0,    0,   -2,    0,    0,   -1,    0,    0,    0,    0,   -2,    0,   -2,    0,    0,    0,    0,    0,    0,    0,    0,    0,   -4,    0,   -4,   -4,   -4,    0,   -4,    0,   -1,    0,    0,    0,   -2,   -2,   -4,   -2,   -4,   -2,   -3,    0,   -2,    0,    0,    0,    0,    0,   -1,  /* 'Y' */
       0,    0,    0,    0,    0,    0,    0,    0,    0,    0,    0,    0,    0,    0,    0,    0,   -1,    0,    0,    0,   -1,    0,    0,    0,    0,    0,    0,    0,   -1,    0,   -1,    0,    0,    0,    0,    0,    0,    0,    0,    0,    0,    0,    0,    0,    0,    0,    0,    0,    0,    0,    0,    0,    0,    0,    0,    0,    0,    0,    0,    0,    0,    0,    0,    0,    0,    0,    0,  /* 'Z' */
       0,   -1,   -1,    0,   -2,    0,    0,    0,    0,    0,    0,    0,    0,    0,    0,    0,    0,    0,    0,    0,    0,    0,    0,    0,    0,    0,    0,    0,    0,    0,    0,    0,    0,   -4,    0,   -2,   -2,    0,   -3,    0,    0,    0,    0,    0,    0,    0,    0,    0,    0,    0,    0,    0,    0,    0,    0,    0,    0,    0,    0,    0,    0,   -1,    0,    0,   -1,    0,    0,  /* 'a' */
       0,   -1,   -1,    0,   -1,    0,    0,    0,    0,    0,    0,    0,    0,    0,   -1,    0,    0,    0,    0,    0,    0,    0,    0,    0,    0,    0,    0,    0,    0,    0,    0,    0,    0,   -4,    0,   -3,   -2,   -1,   -4,    0,    0,    0,    0,    0,    0,    0,    0,    0,    0,    0,    0,    0,    0,    0,    0,    0,    0,    0,    0,    0,    0,   -1,   -1,   -1,   -1,   -1,    0,  /* 'b' */
       0,   -1,   -1,    0,   -1,    0,    0,    0,    0,    0,    0,    0,    0,    0,   -1,    0,    0,    0,    0,    0,    0,    0,    0,    0,    0,    0,    0,    0,    0,    0,    0,    0,    0,   -4,    0,   -3,   -2,   -1,   -4,    0,    0,    0,    0,    0,    0,    0,    0,    0,    0,    0,    0,    0,    0,    0,    0,    0,    0,    0,    0,    0,    0,   -1,   -1,   -1,   -1,   -1,    0,  /* 'c' */
       0,    0,    0,    0,    0,    0,    0,    0,    0,    0,    0,    0,    0,    0,    0,    0,    0,    0,    0,    0,    0,    0,    0,    0,    0,    0,    0,    0,    0,    0,    0,    0,    0,    0,    0,    0,    0,    0,    0,    0,    0,    0,    0,    0,    0,    0,    0,    0,    0,    0,    0,    0,    0,    0,    0,    0,    0,    0,    0,    0,    0,    0,    0,    0,    0,    0,    0,  /* 'd' */
       0,   -1,   -1,    0,   -1,    0,    0,    0,    0,    0,    0,    0,    0,    0,   -1,    0,    0,    0,    0,    0,    0,    0,    0,    0,    0,    0,    0,    0,    0,    0,    0,    0,    0,   -4,    0,   -3,   -2,   -1,   -4,    0,    0,    0,    0,    0,    0,    0,    0,    0,    0,    0,    0,    0,    0,    0,    0,    0,    0,    0,    0,    0,    0,   -1,   -1,   -1,   -1,   -1,    0,  /* 'e' */
       0,    0,    0,    0,    0,    0,    0,   -2,    0,    0,    0,    0,    0,    0,   -1,    0,    0,    0,    0,    0,    0,    0,    0,   -2,    0,    0,    0,    0,    0,    0,    0,    0,    0,    0,    0,    0,    0,    0,    0,    0,   -1,    0,    0,    0,    0,   -1,    0,    0,    0,    0,    0,    0,    0,    0,    0,    0,    0,    0,   -1,   -1,    0,    0,    1,    0,    0,    0,   -2,  /* 'f' */
       0,    0,    0,    0,    0,    0,    0,    0,    0,    0,    0,    0,    0,    0,    0,    0,    0,    0,    0,    0,    0,    0,    0,    0,    0,    0,    0,    0,    0,    0,    0,    0,    0,   -2,    0,    0,    0,    0,    0,    0,    0,    0,    0,    0,    0,    0,    0,    0,    0,    0,    0,    0,    0,    0,    0,    0,    0,    0,    0,    0,    0,    0,    0,    0,    0,    0,    0,  /* 'g' */
       0,   -1,   -1,    0,   -2,    0,    0,    0,    0,    0,    0,    0,    0,    0,    0,    0,    0,    0,    0,    0,    0,    0,    0,    0,    0,    0,    0,    0,    0,    0,    0,    0,    0,   -4,    0,   -2,   -2,    0,   -3,    0,    0,    0,    0,    0,    0,    0,    0,    0,    0,    0,    0,    0,    0,    0,    0,    0,    0,    0,    0,    0,    0,   -1,    0,    0,   -1,    0,    0,  /* 'h' */
       0,    0,    0,    0,    0,    0,    0,    0,    0,    0,    0,    0,    0,    0,    0,    0,    0,    0,    0,    0,    0,    0,    0,    0,    0,    0,    0,    0,    0,    0,    0,    0,    0,    0,    0,    0,    0,    0,    0,    0,    0,    0,    0,    0,    0,    0,    0,    0,    0,    0,    0,    0,    0,    0,    0,    0,    0,    0,    0,    0,    0,    0,    0,    0,    0,    0,    0,  /* 'i' */
       0,    0,    0,    0,    0,    0,    0,    0,    0,    0,    0,    0,    0,    0,    0,    0,    0,    0,    0,    0,    0,    0,    0,    0,    0,    0,    0,    0,    0,    0,    0,    0,    0,    0,    0,    0,    0,    0,    0,    0,    0,    0,    0,    0,    0,    0,    0,    0,    0,    0,    0,    0,    0,    0,    0,    0,    0,    0,    0,    0,    0,    0,    0,    0,    0,    0,    0,  /* 'j' */
       0,    0,    0,    0,    0,    0,    0,   -2,    0,    0,    0,    0,    0,    0,    0,    0,    0,    0,    0,    0,    0,    0,    0,    0,    0,    0,    0,    0,    0,    0,    0,    0,    0,   -2,    0,    0,    0,    0,    0,    0,    0,    0,   -1,   -1,   -1,    0,   -1,    0,    0,    0,    0,    0,    0,    0,   -1,    0,   -1,    0,    0,    0,    0,    0,    0,    0,    0,    0,    0,  /* 'k' */
       0,    0,    0,    0,    0,    0,    0,    0,    0,    0,    0,    0,    0,    0,    0,    0,    0,    0,    0,    0,    0,    0,    0,    0,    0,    0,    0,    0,    0,    0,    0,    0,    0,    0,    0,    0,    0,    0,    0,    0,    0,    0,    0,    0,    0,    0,    0,    0,    0,    0,    0,    0,    0,    0,    0,    0,    0,    0,    0,    0,    0,    0,    0,    0,    0,    0,    0,  /* 'l' */
       0,   -1,   -1,    0,   -2,    0,    0,    0,    0,    0,    0,    0,    0,    0,    0,    0,    0,    0,    0,    0,    0,    0,    0,    0,    0,    0,    0,    0,    0,    0,    0,    0,    0,   -4,    0,   -2,   -2,    0,   -3,    0,    0,    0,    0,    0,    0,    0,    0,    0,    0,    0,    0,    0,    0,    0,    0,    0,    0,    0,    0,    0,    0,   -1,    0,    0,   -1,    0,    0,  /* 'm' */
       0,   -1,   -1,    0,   -2,    0,    0,    0,    0,    0,    0,    0,    0,    0,    0,    0,    0,    0,    0,    0,    0,    0,    0,    0,    0,    0,    0,    0,    0,    0,    0,    0,    0,   -4,    0,   -2,   -2,    0,   -3,    0,    0,    0,    0,    0,    0,    0,    0,    0,    0,    0,    0,    0,    0,    0,    0,    0,    0,    0,    0,    0,    0,   -1,    0,    0,   -1,    0,    0,  /* 'n' */
       0,   -1,   -1,    0,   -1,    0,    0,    0,    0,    0,    0,    0,    0,    0,   -1,    0,    0,    0,    0,    0,    0,    0,    0,    0,    0,    0,    0,    0,    0,    0,    0,    0,    0,   -4,    0,   -3,   -2,   -1,   -4,    0,    0,    0,    0,    0,    0,    0,    0,    0,    0,    0,    0,    0,    0,    0,    0,    0,    0,    0,    0,    0,    0,   -1,   -1,   -1,   -1,   -1,    0,  /* 'o' */
       0,   -1,   -1,    0,   -1,    0,    0,    0,    0,    0,    0,    0,    0,    0,   -1,    0,    0,    0,    0,    0,    0,    0,    0,    0,    0,    0,    0,    0,    0,    0,    0,    0,    0,   -4,    0,   -3,   -2,   -1,   -4,    0,    0,    0,    0,    0,    0,    0,    0,    0,    0,    0,    0,    0,    0,    0,    0,    0,    0,    0,    0,    0,    0,   -1,   -1,   -1,   -1,   -1,    0,  /* 'p' */
       0,    0,    0,    0,    0,    0,    0,    0,    0,    0,    0,    0,    0,    0,    0,    0,    0,    0,    0,    0,    0,    0,    0,    0,    0,    0,    0,    0,    0,    0,    0,    0,    0,   -2,    0,    0,    0,    0,    0,    0,    0,    0,    0,    0,    0,    0,    0,    0,    0,    0,    0,    0,    0,    0,    0,    0,    0,    0,    0,    0,    0,    0,    0,    0,    0,    0,    0,  /* 'q' */
       0,    0,    0,    0,    0,    0,    0,    0,    0,    0,    0,    0,    0,    0,   -2,    0,    0,    0,    0,    0,    0,    0,    0,   -2,    0,    0,    0,    0,    0,    0,    0,    0,    0,   -2,    0,    0,    0,    0,    0,   -1,    0,    0,    0,    0,    0,    1,    0,    0,    0,    0,    0,    0,    0,    0,    0,    0,    0,    0,    0,    1,    0,    0,    0,    0,    0,    0,   -2,  /* 'r' */
       0,   -1,   -1,    0,    0,    0,    0,    0,    0,    0,    0,    0,    0,    0,    0,    0,    0,    0,    0,    0,    0,    0,    0,    0,    0,    0,    0,    0,    0,    0,    0,    0,    0,   -3,    0,   -2,   -1,    0,   -3,    0,    0,    0,    0,    0,    0,    0,    0,    0,    0,    0,    0,    0,    0,    0,    0,    0,    0,    0,    0,    0,    0,    0,    0,    0,    0,    0,    0,  /* 's' */
       0,    0,    0,    0,    0,    0,    0,   -1,    0,    0,    0,    0,    0,    0,    0,    0,    0,    0,    0,    0,    0,    0,    0,    0,    0,    0,    0,    0,    0,    0,    0,    0,    0,   -1,    0,    0,    0,    0,   -1,    0,    1,    0,    0,    0,    0,   -1,    0,    0,    0,    0,    0,    0,    0,    0,    0,    0,    0,    0,    0,   -1,    0,    1,    1,    0,    1,    0,    0,  /* 't' */
       0,    0,    0,    0,    0,    0,    0,    0,    0,    0,    0,    0,    0,    0,    0,    0,    0,    0,    0,    0,    0,    0,    0,    0,    0,    0,    0,    0,    0,    0,    0,    0,    0,   -2,    0,    0,    0,    0,   -2,    0,    0,    0,    0,    0,    0,    0,    0,    0,    0,    0,    0,    0,    0,    0,    0,    0,    0,    0,    0,    0,    0,    0,    0,    0,    0,    0,    0,  /* 'u' */
       0,    0,    0,    0,    0,    0,    0,    0,    0,    0,    0,    0,    0,    0,   -3,    0,    0,    0,    0,    0,    0,    0,    0,   -2,    0,    0,    0,    0,    0,    0,    0,    0,    0,   -1,    0,    0,    0,    0,   -1,    0,    0,    0,   -1,   -1,   -1,    1,   -1,    0,    0,    0,    0,    0,    0,    0,   -1,    0,   -1,    0,    0,    1,    0,    0,    0,    0,    0,    0,   -3,  /* 'v' */
       0,    0,    0,    0,    0,    0,    0,    0,    0,    0,    0,    0,    0,    0,   -3,    0,    0,    0,    0,    0,    0,    0,    0,   -2,    0,    0,    0,    0,    0,    0,    0,    0,    0,   -2,    0,    0,    0,    0,    0,   -1,    0,    0,   -1,   -1,   -1,    0,   -1,    0,    0,    0,    0,    0,    0,    0,   -1,    0,   -1,    0,    0,    0,    0,    0,    0,    0,    0,    0,   -3,  /* 'w' */
       0,    0,    0,    0,    0,    0,    0,    0,    0,    0,    0,    0,    0,    0,    0,    0,    0,    0,    0,    0,    0,    0,    0,    0,    0,    0,    0,    0,    0,    0,    0,    0,    0,   -2,    0,    0,    0,    0,    0,    0,    0,    0,   -1,   -1,   -1,    1,   -1,    0,    0,    0,    0,    0,    0,    0,   -1,    0,   -1,    0,    0,    1,    0,    0,    0,    0,    0,    0,    0,  /* 'x' */
       0,    0,    0,    0,    0,    0,    0,    0,    0,    0,    0,    0,    0,    0,   -3,    0,    0,    0,    0,    0,    0,    0,    0,   -2,    0,    0,    0,    0,    0,    0,    0,    0,    0,   -1,    0,    0,    0,    0,   -1,    0,    0,    0,   -1,   -1,   -1,    1,   -1,    0,    0,    0,    0,    0,    0,    0,   -1,    0,   -1,    0,    0,    1,    0,    0,    0,    0,    0,    0,   -3,  /* 'y' */
       0,    0,    0,    0,    0,    0,    0,    0,    0,    0,    0,    0,    0,    0,    0,    0,    0,    0,    0,    0,    0,    0,    0,    0,    0,    0,    0,    0,    0,    0,    0,    0,    0,   -1,    0,    0,    0,    0,    0,    0,    0,    0,   -1,   -1,   -1,    0,   -1,    0,    0,    0,    0,    0,    0,    0,   -1,    0,   -1,    0,    0,    0,    0,    0,    0,    0,    0,    0,    0,  /* 'z' */
       0,   -4,   -4,   -1,   -4,    0,   -1,    0,    0,   -1,   -1,    0,    0,    0,    0,    0,   -2,    0,    0,    0,   -2,    0,    0,    0,    0,    0,    0,    0,   -2,    0,   -2,    0,    0,   -1,    0,    0,    0,    0,   -1,    0,    0,    0,    0,    0,    0,    0,    0,    0,    0,    0,    0,    0,    0,    0,    0,    0,    0,    0,    0,    0,    0,    0,    0,    0,    0,    0,    0,  /* '.' */
};

const InterFont inter_lt_40 = {
    .bitmaps     = inter_lt_40_bitmaps,
    .glyphs      = inter_lt_40_glyphs,
    .charset     = inter_lt_40_charset,
    .kern_table  = inter_lt_40_kern,
    .num_glyphs  = 67,
    .line_height = 49,
    .ascent      = 39,
};
